lead_id,lead_indicator,date_part,source,purchases,time_spent,customer_group,onboarding,customer_code,n_visits,bin_source
2,1.0,2024-01-27,signup,3,100.4736704078088,5,False,STWPXVNOWA,16,group1
10,0.0,2024-01-11,signup,8,105.89892497880784,4,True,JWLXPVANUM,4,group1
13,0.0,2024-01-22,signup,6,86.71722459773868,6,True,WNKCTHUHYI,5,group1
17,1.0,2024-01-07,signup,5,106.95199923447056,8,False,INIQMTGGOO,8,group1
19,0.0,2024-01-20,signup,3,94.66798969022712,9,True,SJGDAANOYJ,20,group1
22,0.0,2024-01-06,signup,5,83.24937281486473,3,True,SPWNMQUWDX,2,group1
27,1.0,2024-01-30,signup,2,112.00090426161913,1,True,IAPSPPLUZL,15,group1
28,1.0,2024-01-11,signup,3,74.75867273317984,8,True,EDWMENKILD,22,group1
29,0.0,2024-01-09,signup,6,114.65336143583444,3,False,DNGAQVVEDN,1,group1
30,1.0,2024-01-20,signup,5,119.3912311465342,4,False,WSQVNMPZOH,6,group1
32,0.0,2024-01-20,signup,4,86.70723555769624,9,False,GKIHITQJGU,7,group1
33,1.0,2024-01-31,signup,5,116.60042507974538,4,True,QOVDCTYYGT,12,group1
36,0.0,2024-01-28,signup,3,97.2485415667545,6,True,KYUCVVIKET,4,group1
38,1.0,2024-01-02,signup,5,119.59333357187066,2,True,HFELNNHTEW,9,group1
40,0.0,2024-01-01,signup,5,96.71810832286512,3,False,HOVYUZIDIO,4,group1
41,0.0,2024-01-09,signup,4,94.5664266108652,6,False,BBRMJIJJBF,2,group1
43,1.0,2024-01-13,signup,11,96.36995063138744,4,False,PWSIBFQQXN,13,group1
44,0.0,2024-01-31,signup,8,84.03568573138168,8,True,XNVURJEHVZ,2,group1
49,0.0,2024-01-29,signup,8,98.41382937085122,1,False,CPADDAXJVL,10,group1
55,1.0,2024-01-16,signup,9,95.57079787857352,9,False,ZQFIPOQZHG,6,group1
57,0.0,2024-01-31,signup,6,90.3344090449704,9,False,JFLRBCHQYR,3,group1
58,0.0,2024-01-26,signup,12,100.02661587840488,7,True,SOMOYBNEQM,6,group1
61,0.0,2024-01-03,signup,6,103.77171160080542,6,True,BTDCFQUACC,14,group1
68,0.0,2024-01-02,signup,6,94.2568211593974,9,False,HTUIUEAPSS,5,group1
72,0.0,2024-01-15,signup,4,108.54983690858126,5,True,KQAKBGLQBJ,2,group1
87,1.0,2024-01-26,signup,3,111.64738283239056,7,False,XJMJZQDDJC,10,group1
88,1.0,2024-01-19,signup,5,92.1686973895616,5,False,ILBYCVCCZP,5,group1
93,1.0,2024-01-12,signup,7,115.6297104636103,3,True,BNJNDMKIOK,8,group1
95,0.0,2024-01-07,signup,5,100.60175076496527,1,False,JBJDCNSVYQ,5,group1
97,0.0,2024-01-12,signup,2,102.83432551804502,3,False,EVTQSTMJAY,11,group1
104,1.0,2024-01-02,signup,4,83.14537653383184,1,True,IROQPSWYUC,15,group1
107,1.0,2024-01-17,signup,10,102.76304644632944,2,True,YHGCDBUZOO,13,group1
109,0.0,2024-01-23,signup,3,94.52850640643544,2,True,TUKZRKNGZC,1,group1
110,0.0,2024-01-01,signup,6,108.06151279697065,4,True,NWTUJSIWDD,4,group1
112,1.0,2024-01-18,signup,3,106.22273137964524,4,True,BPQXMGSSGK,7,group1
116,1.0,2024-01-28,signup,4,101.55155875618536,3,False,ANVCOQDWPG,26,group1
126,1.0,2024-01-12,signup,4,93.3007105454706,3,True,NBUXBYCSKE,19,group1
130,0.0,2024-01-04,signup,5,111.24927864936836,5,True,FBOBLIOYHV,5,group1
133,0.0,2024-01-12,signup,7,93.07633213437944,5,True,TLHITDPRSA,6,group1
141,0.0,2024-01-01,signup,6,82.01876634155049,7,False,JMFONJZUPE,8,group1
142,0.0,2024-01-17,signup,4,111.3291170535832,9,False,KNDCQISUNM,8,group1
146,1.0,2024-01-25,signup,8,100.83569817228522,9,False,UKEAVDRBIM,21,group1
148,0.0,2024-01-13,signup,3,111.11584773107472,2,True,VIQNDTATLY,6,group1
152,0.0,2024-01-29,signup,7,101.5583646851383,2,False,PKMEXRHJWN,2,group1
160,0.0,2024-01-23,signup,8,127.43840235756144,7,False,PJACVAGSNN,2,group1
167,0.0,2024-01-18,signup,6,94.11985007702344,1,False,MNCSDIPRDF,4,group1
169,1.0,2024-01-20,signup,4,100.28174587586498,6,False,CNNNKVXVBZ,14,group1
183,1.0,2024-01-06,signup,6,118.20725241944896,5,True,LUBQTNWDCM,12,group1
185,1.0,2024-01-02,signup,5,108.4671057041904,9,False,AACEDUWABX,31,group1
186,1.0,2024-01-12,signup,3,110.2739853172138,9,False,QGGDGUBOFX,33,group1
188,1.0,2024-01-04,signup,1,85.44462025039758,9,True,ETCMPIAOPD,26,group1
189,0.0,2024-01-23,signup,6,103.52277521433118,5,True,VOOTYELWHE,5,group1
190,0.0,2024-01-13,signup,3,94.46103687379949,5,False,CXUUCQWNNU,1,group1
191,1.0,2024-01-17,signup,7,106.8005479869779,2,False,CTTBPSFQGY,18,group1
194,0.0,2024-01-09,signup,6,93.56148281115097,4,False,OWBEEKDLKJ,9,group1
197,1.0,2024-01-01,signup,3,114.89852301232848,2,True,VDNVRNQBWI,13,group1
200,1.0,2024-01-05,signup,2,100.63924108848104,5,True,JBIJNXCLSV,11,group1
204,1.0,2024-01-20,signup,4,89.4820736446299,2,False,DIEBKIQXIE,13,group1
211,1.0,2024-01-29,signup,4,101.51771750362296,7,False,PLTYLCEFBO,13,group1
212,1.0,2024-01-18,signup,5,112.3181616467056,8,False,UXHKQSMYVV,16,group1
213,0.0,2024-01-27,signup,1,96.94504011802552,1,True,ZOYWTXPOZY,2,group1
214,1.0,2024-01-20,signup,5,95.7605620418089,5,True,JNWPKXCSSO,15,group1
215,0.0,2024-01-04,signup,9,91.36941871598736,8,False,VUZLWIFHQJ,6,group1
221,1.0,2024-01-14,signup,4,108.10703114383016,6,False,MKSYUTUPJP,12,group1
227,0.0,2024-01-27,signup,4,97.50699176099089,2,False,FJPJFRMSBU,5,group1
230,1.0,2024-01-22,signup,5,98.58537476836064,9,False,EQOMPRQEWY,8,group1
234,0.0,2024-01-06,signup,5,99.31015048571632,6,False,WDCBAOBGWP,6,group1
235,1.0,2024-01-26,signup,7,98.47368851665708,5,True,YLJXFOVMVA,12,group1
240,1.0,2024-01-04,signup,5,104.08402508480997,7,False,ZYKTZXDHHZ,10,group1
246,0.0,2024-01-27,signup,4,113.7161500022417,7,True,,1,group1
250,0.0,2024-01-18,signup,6,95.22870668127318,6,False,FVIKAFWSNY,1,group1
252,1.0,2024-01-19,signup,11,103.34230450645563,2,False,KOCYNCMCMV,13,group1
253,0.0,2024-01-22,signup,7,93.18369943710128,9,True,BDQKEYUSMI,2,group1
256,1.0,2024-01-09,signup,5,98.82695509894955,8,True,FSXSWSYZUJ,9,group1
259,0.0,2024-01-22,signup,2,98.13345376658434,9,True,KSFIGBQODL,6,group1
267,1.0,2024-01-16,signup,5,116.48033600029903,4,False,LYBCDYVCHQ,19,group1
268,0.0,2024-01-02,signup,0,101.40909802213152,8,False,ICDPTWVENR,3,group1
270,1.0,2024-01-20,signup,4,98.52120372526166,3,True,GOGGTKNAMI,12,group1
272,1.0,2024-01-03,signup,4,94.15083824954866,8,False,MPHAMNJDFG,5,group1
275,1.0,2024-01-23,signup,7,100.17771891303563,5,True,RWQKNZRIVB,12,group1
276,1.0,2024-01-02,signup,2,85.44217402852877,6,True,RGEDZASBRA,15,group1
279,1.0,2024-01-25,signup,5,97.78142715049604,8,True,ZDCQVADSDR,12,group1
281,0.0,2024-01-05,signup,5,89.28006813110136,8,False,XVACGPNCAJ,4,group1
286,0.0,2024-01-30,signup,3,93.66980780630784,1,False,VEYIFYUIOP,3,group1
293,0.0,2024-01-18,signup,6,90.04607353908949,5,False,BWKSTABDJH,3,group1
301,1.0,2024-01-12,signup,7,102.8912818870768,6,False,HWDYYSGJZR,25,group1
306,1.0,2024-01-12,signup,7,98.02655765777548,9,True,POZJYBRZVJ,8,group1
314,1.0,2024-01-30,signup,4,81.18953004949937,3,False,PVTMUCPXBM,16,group1
316,0.0,2024-01-11,signup,7,115.04614791148938,4,True,DNZYBFEQQX,1,group1
320,1.0,2024-01-30,signup,8,104.87283759757996,9,False,EPJEEVITQL,7,group1
321,1.0,2024-01-19,signup,3,107.97101182018976,2,False,PXLHFETYFZ,9,group1
326,1.0,2024-01-05,signup,5,114.34751799756,4,True,YJUWGABPSV,14,group1
327,1.0,2024-01-25,signup,5,102.83912378230696,4,True,KWPRBKALJZ,25,group1
338,0.0,2024-01-21,signup,5,93.28724613601952,5,True,LXGGISTXEU,9,group1
345,1.0,2024-01-15,signup,4,108.35078986457115,8,False,ZNTKHUJZBI,6,group1
347,0.0,2024-01-19,signup,5,66.89102071066304,9,True,GUHJUXCUAI,11,group1
349,1.0,2024-01-05,signup,5,97.03269303547292,2,True,RUQHWTWNTS,9,group1
352,1.0,2024-01-13,signup,7,93.89916963241744,5,True,PYXIFNVILN,23,group1
353,0.0,2024-01-18,signup,4,95.10441852037576,1,True,IXRSKBZDGM,1,group1
360,0.0,2024-01-30,signup,3,106.97749465045274,1,True,PJRQVNYWKR,1,group1
362,0.0,2024-01-09,signup,2,103.28727706977004,2,False,CUOGTVGVLJ,2,group1
367,1.0,2024-01-10,signup,2,107.1459067348941,2,False,JELRVEIWTP,9,group1
370,0.0,2024-01-30,signup,6,112.4175593512583,3,False,AJTXKCIAPG,1,group1
373,1.0,2024-01-21,signup,5,97.0902600670187,9,False,GRDBMUTEGG,15,group1
374,0.0,2024-01-13,signup,4,105.9644183115982,4,False,ZYBUMTNCVY,1,group1
382,1.0,2024-01-13,signup,7,116.894816542316,9,False,QIRLGHFEYT,14,group1
385,1.0,2024-01-05,signup,3,85.42857458317151,7,True,NEDLCGZVFP,13,group1
388,1.0,2024-01-28,signup,1,84.93247571858818,2,True,JZUSHCNZAY,9,group1
391,0.0,2024-01-26,signup,3,118.99305929441114,8,True,YGLLRNOUHW,1,group1
400,0.0,2024-01-20,signup,10,106.6683537760536,5,False,USEDQJJTXO,1,group1
401,1.0,2024-01-23,signup,2,85.98374678732094,8,False,MHSUUXYIIR,8,group1
404,0.0,2024-01-09,signup,3,100.44837695957293,6,True,IGCIXTLQSM,4,group1
406,0.0,2024-01-19,signup,4,85.65121057151805,8,False,DQBBZCLEKF,1,group1
419,1.0,2024-01-27,signup,3,112.96385974935816,8,True,AOOQECTXNK,6,group1
423,0.0,2024-01-06,signup,5,96.4028966843043,3,False,EPMDFKOEUJ,5,group1
426,0.0,2024-01-21,signup,7,107.9419529229743,7,True,YFROGHEYSX,8,group1
427,1.0,2024-01-01,signup,3,94.37762740948016,6,True,LGZDTMNLJY,8,group1
430,0.0,2024-01-28,signup,2,106.87547433267976,7,False,SNDYIUCQAE,3,group1
432,1.0,2024-01-20,signup,8,112.83422950431688,4,False,JHAOJJIWCW,14,group1
436,0.0,2024-01-05,signup,4,88.21226042896755,5,True,QDOAFZIIST,2,group1
438,1.0,2024-01-15,signup,5,105.70605076280933,8,True,ADKNQXITXD,25,group1
445,1.0,2024-01-08,signup,10,97.2752086061423,1,False,COQGIQDKJZ,15,group1
449,0.0,2024-01-29,signup,4,97.53294500662108,3,True,XESIROZJQI,5,group1
451,1.0,2024-01-11,signup,3,107.14178324880626,2,False,QNQSVXSEUL,26,group1
452,0.0,2024-01-13,signup,3,78.78359473214545,1,False,PABKNFJTAM,6,group1
459,0.0,2024-01-19,signup,3,81.51018276970704,1,False,KJJLWOBSQO,16,group1
463,1.0,2024-01-31,signup,3,111.66215352578988,1,True,AEMOQPZTTB,22,group1
501,1.0,2024-01-06,signup,3,102.32202888524552,3,False,UTIMHHOHJP,16,group1
505,0.0,2024-01-10,signup,5,95.45804245309726,7,True,YDSYXTXNUN,5,group1
512,1.0,2024-01-20,signup,3,100.4562255830264,5,False,MAHSOLTKEW,15,group1
519,0.0,2024-01-24,signup,4,103.18332501319992,5,True,MFELPVBLUU,2,group1
523,1.0,2024-01-25,signup,5,102.60245694966603,4,False,IKLMFEYYHN,16,group1
525,0.0,2024-01-10,signup,7,89.75931067513442,1,False,XYECIRVNCY,10,group1
526,0.0,2024-01-17,signup,5,82.61664122169167,6,True,PVDXFBWPGM,2,group1
527,0.0,2024-01-29,signup,6,77.84703003031795,5,True,RVMSZZDPNQ,3,group1
528,0.0,2024-01-08,signup,5,96.53291881464372,8,False,SACGVDYWXR,9,group1
530,1.0,2024-01-01,signup,7,88.7905738897149,3,False,DZHTRLDBIX,18,group1
533,1.0,2024-01-07,signup,2,95.5653684651829,6,False,XOLXNLHBCZ,20,group1
534,1.0,2024-01-24,signup,7,92.62184332620131,6,True,IEXGHXCYGL,7,group1
537,0.0,2024-01-12,signup,6,84.83963394174387,2,False,PSOJFGSNNP,8,group1
539,0.0,2024-01-26,signup,7,101.94046235487924,2,False,SYJUCSTRZE,7,group1
557,0.0,2024-01-08,signup,11,92.24793772555346,6,False,LVJQWQXXLU,2,group1
558,1.0,2024-01-10,signup,4,100.47463823846113,6,False,NHTYEOTPZH,6,group1
566,0.0,2024-01-30,signup,5,100.8262417718406,7,False,NAOXGOYWZF,1,group1
575,1.0,2024-01-09,signup,5,89.302650174727,4,True,REYBGTVOKY,21,group1
576,0.0,2024-01-10,signup,6,98.99074237682169,5,False,NJEBHCDREE,8,group1
580,0.0,2024-01-08,signup,9,83.89896432800936,3,True,YKEOETLNNG,2,group1
582,0.0,2024-01-14,signup,5,106.34248286559318,8,True,ETCAJJRHIP,4,group1
592,0.0,2024-01-26,signup,4,93.41658502234264,2,False,CNKVNFRBSZ,7,group1
593,0.0,2024-01-12,signup,5,92.59241595647832,6,False,FCNTCDPNMW,9,group1
598,0.0,2024-01-01,signup,4,110.92301950155208,3,True,UFFRUFQLMG,1,group1
599,0.0,2024-01-20,signup,1,88.28632942649172,8,True,LPGTEFYWJL,2,group1
602,0.0,2024-01-03,signup,8,112.2730963770448,1,False,EHMMMGVKOA,2,group1
605,0.0,2024-01-25,signup,4,64.95860494495676,6,False,DWYVEJRRSW,7,group1
611,1.0,2024-01-02,signup,4,80.41650572620313,6,True,FFUBCHUAGP,14,group1
614,1.0,2024-01-14,signup,2,95.1813589739246,6,True,JYFIJESLYA,16,group1
616,0.0,2024-01-08,signup,3,108.86713132636667,5,False,ZCNHYQKMGM,1,group1
619,1.0,2024-01-29,signup,9,100.90110316391711,2,False,RGKHMWRUXA,18,group1
624,1.0,2024-01-11,signup,6,100.07382771778488,5,True,UGHFDHTXRD,15,group1
625,0.0,2024-01-17,signup,6,105.4228908346862,6,True,RJISFSBNJB,2,group1
627,1.0,2024-01-10,signup,1,101.48921368069304,6,False,RNPBRFDQDX,5,group1
632,1.0,2024-01-02,signup,6,88.10479125278215,5,True,QYTZJRDRIM,14,group1
640,0.0,2024-01-12,signup,3,108.2982624462249,6,False,BIHFEVBUIM,2,group1
642,0.0,2024-01-06,signup,5,82.01044449322826,8,True,SSKURYLYZP,2,group1
643,0.0,2024-01-24,signup,6,97.12613917989214,7,True,GIBIFRRMAT,1,group1
654,0.0,2024-01-07,signup,5,99.50051546566756,3,False,NJXMZWWFIW,4,group1
658,1.0,2024-01-15,signup,6,108.81707911011056,3,True,GVIKENFAAJ,18,group1
671,1.0,2024-01-28,signup,4,94.28423979020872,9,False,VNWHTKCVXP,13,group1
690,0.0,2024-01-16,signup,5,108.74236272174826,9,True,SQNBXJNFSJ,2,group1
698,0.0,2024-01-03,signup,3,105.36321305248283,9,False,HMNFUOVOWZ,15,group1
704,0.0,2024-01-27,signup,5,108.63534348471646,8,True,FMGLODWJAI,2,group1
706,0.0,2024-01-28,signup,2,89.33433240174465,3,True,CEDWZBKFLE,1,group1
708,0.0,2024-01-06,signup,10,94.60800364104834,3,True,HINGPSFRDB,6,group1
710,1.0,2024-01-14,signup,7,100.73090512179012,5,True,MTPFPWDOPG,15,group1
715,1.0,2024-01-29,signup,7,95.78590151084792,2,False,PUHGEATEQG,9,group1
718,0.0,2024-01-17,signup,4,114.72189516331828,1,True,XGFYZZUXJR,4,group1
720,1.0,2024-01-19,signup,3,101.34642607469766,1,False,HZFVXJXGEL,16,group1
723,1.0,2024-01-12,signup,5,76.74481976022973,8,False,BBSEAEVOWC,15,group1
737,1.0,2024-01-03,signup,5,103.8364523514783,9,False,GHNCYYMMTP,9,group1
740,0.0,2024-01-26,signup,5,105.18086749807314,9,True,WWXKLNYLDU,4,group1
741,0.0,2024-01-18,signup,9,100.54198250992852,4,True,DIZVUCIXFY,5,group1
745,1.0,2024-01-02,signup,3,102.48430028749144,8,False,SPLUQDKFMN,22,group1
758,1.0,2024-01-02,signup,8,93.7501917640778,8,True,WYRHXLWMAY,11,group1
759,1.0,2024-01-15,signup,2,91.24425489759658,9,True,WQCXHPIDID,16,group1
762,0.0,2024-01-03,signup,4,91.70497389726825,4,False,AORSCBDFWI,4,group1
771,1.0,2024-01-01,signup,4,101.17760254414588,3,True,GQAPHMNXBK,29,group1
774,1.0,2024-01-17,signup,4,112.73039231648536,5,False,BZJCNBMXML,21,group1
776,0.0,2024-01-10,signup,6,85.9506524513752,7,True,RDPYIQZBMC,8,group1
779,1.0,2024-01-08,signup,6,101.18692150893494,6,False,MFQNWOZXMS,14,group1
781,1.0,2024-01-07,signup,6,100.89728584667851,1,True,OYYQXPXEKZ,13,group1
786,1.0,2024-01-31,signup,5,105.6329695101261,6,False,HSJVHVITCA,13,group1
789,1.0,2024-01-01,signup,7,106.60039014166748,8,True,JXWKANDJCR,13,group1
791,1.0,2024-01-03,signup,4,100.02832261038176,4,False,RCHBBHXNVX,20,group1
794,0.0,2024-01-05,signup,5,107.9372610810738,5,False,CMNXJCHIIP,22,group1
797,1.0,2024-01-21,signup,3,98.59914975993097,9,True,GDMEBGLZFE,28,group1
802,1.0,2024-01-08,signup,7,112.00384104083808,7,False,LBIFWPYBWF,21,group1
807,1.0,2024-01-04,signup,5,98.6125161615027,5,False,UJKCVSBKNM,18,group1
813,1.0,2024-01-28,signup,4,102.2941308410356,5,False,IYNCYSMWUV,24,group1
816,1.0,2024-01-19,signup,4,97.24688035021548,9,True,YLCEHNZABA,11,group1
821,0.0,2024-01-17,signup,7,93.21619612436034,2,False,SSZDSRLDJP,3,group1
831,0.0,2024-01-06,signup,3,94.35102015278726,1,True,HIGFFFZBXL,3,group1
835,0.0,2024-01-18,signup,4,102.38508809631564,5,False,XOKTNESPEO,3,group1
836,1.0,2024-01-18,signup,2,99.10670260056008,6,True,EJFQSWZBJA,8,group1
838,1.0,2024-01-10,signup,5,105.61635957745376,7,False,VPYDBZVHTE,16,group1
839,1.0,2024-01-05,signup,7,93.08248090616908,5,False,SAAFCDSWCC,22,group1
842,0.0,2024-01-23,signup,2,107.50540962664869,9,True,MHZLKADZAW,5,group1
850,0.0,2024-01-23,signup,3,99.31167229192889,2,False,LYWGSLNBTH,5,group1
860,1.0,2024-01-27,signup,10,119.97037243742945,2,False,FOUNMYYFHQ,15,group1
865,1.0,2024-01-06,signup,3,91.73731053689092,2,False,YTNTDRSNDE,6,group1
866,0.0,2024-01-13,signup,1,94.88375966745744,2,True,JMTGMQDPTP,2,group1
870,0.0,2024-01-22,signup,1,101.79215881427372,6,False,MHCYGCCQFU,3,group1
880,0.0,2024-01-27,signup,6,115.95762486240676,1,True,TUICNOJJRT,3,group1
883,0.0,2024-01-03,signup,8,105.88325912793918,7,False,ACJHDYBUCE,4,group1
888,0.0,2024-01-17,signup,5,79.41373006969687,3,True,YOBNHOXFYF,11,group1
890,1.0,2024-01-14,signup,11,118.54644237577082,5,False,QBKPIJNJYF,14,group1
892,1.0,2024-01-26,signup,8,102.9570332854834,2,True,DFSUMGNCSD,12,group1
893,0.0,2024-01-24,signup,5,102.66463605943036,4,True,GWNOZVRSRB,5,group1
895,0.0,2024-01-23,signup,2,89.6659909708585,8,True,VWTTZIOENI,3,group1
900,0.0,2024-01-27,signup,2,93.31662087455264,3,True,XNYHBTBNDJ,1,group1
915,0.0,2024-01-04,signup,5,119.27421226904788,1,True,YMFDNPQKIM,8,group1
919,0.0,2024-01-15,signup,6,108.88456556016337,4,True,HJLDOUDXLN,16,group1
921,0.0,2024-01-17,signup,5,103.1020052700573,5,True,HHZAADKBJV,13,group1
923,1.0,2024-01-27,signup,7,89.24501517451567,4,True,VFVYNUSVFY,7,group1
926,0.0,2024-01-23,signup,3,105.53011330435022,1,False,ENRJFZMQNM,11,group1
927,1.0,2024-01-16,signup,4,95.9379995011735,5,False,PIKNMLKDKF,16,group1
928,1.0,2024-01-17,signup,5,92.2853917877404,1,True,UXDNPTPECX,37,group1
929,0.0,2024-01-14,signup,4,96.3925731925446,3,False,RRHIJXCZOY,1,group1
934,0.0,2024-01-12,signup,2,90.36519321369056,5,True,JHLUZDSKYM,1,group1
940,0.0,2024-01-06,signup,5,92.15425979487102,7,True,JMOOHGXTWM,1,group1
941,1.0,2024-01-04,signup,7,107.69944155035328,9,False,CNGHVSGEHT,12,group1
943,1.0,2024-01-26,signup,4,96.05518464535812,4,False,SJGRDZTJOQ,24,group1
944,0.0,2024-01-23,signup,4,83.45534083821408,4,True,AKRULLBMLT,12,group1
945,0.0,2024-01-12,signup,8,88.95544298410564,5,True,VRSTCDGDOY,5,group1
946,0.0,2024-01-13,signup,8,95.26217717902917,1,True,ZXOFCYLMSV,18,group1
949,1.0,2024-01-13,signup,2,102.39878208911249,5,False,COGAXYVMUI,7,group1
952,0.0,2024-01-20,signup,6,103.46919648684262,5,False,WWYOUYKKUS,1,group1
957,0.0,2024-01-18,signup,5,86.95342602756658,2,True,TTVFUYMIVE,2,group1
958,0.0,2024-01-27,signup,4,107.43399319128932,5,False,QESSCBULEN,3,group1
960,0.0,2024-01-29,signup,6,98.19757448182024,9,True,KSKDFVQOHW,3,group1
969,0.0,2024-01-15,signup,3,100.2332532748357,5,False,XFRFGSVNMA,2,group1
970,1.0,2024-01-19,signup,4,96.24307455562295,2,True,FIRKVYKSOI,22,group1
973,0.0,2024-01-17,signup,5,95.79969642194932,7,True,REBSMLGTTT,2,group1
974,0.0,2024-01-21,signup,2,92.53404980928228,6,True,LJMVWKYUUM,3,group1
983,0.0,2024-01-01,signup,4,109.12839080617032,1,False,TDQIHBITTJ,3,group1
988,0.0,2024-01-17,signup,5,88.91007165013677,7,False,AJNLYNBTPO,2,group1
993,1.0,2024-01-31,signup,6,107.96289862353484,1,False,FLXCREYSVB,14,group1
995,0.0,2024-01-15,signup,5,99.70400690311438,8,True,DUNFDNCKWM,1,group1
997,0.0,2024-01-11,signup,2,87.35994727022066,4,False,DBMQVILOCG,8,group1
999,0.0,2024-01-27,signup,9,99.95345377808428,6,False,KCOFGBIBCI,12,group1
1004,1.0,2024-01-29,signup,5,104.67254763469796,5,False,LORDOPYUBO,24,group1
1008,0.0,2024-01-26,signup,10,104.56462534363112,9,True,LDOHETXYAD,5,group1
1009,0.0,2024-01-19,signup,7,110.66620426162524,8,True,DTYRGVFMCK,5,group1
1028,0.0,2024-01-01,signup,4,113.16283220968812,6,False,UZLJPVTCXM,2,group1
1036,0.0,2024-01-20,signup,8,110.89912187805426,5,True,JGGJJTHPRU,3,group1
1038,0.0,2024-01-17,signup,6,104.04990144142327,7,True,VEHKOTILTM,2,group1
1052,1.0,2024-01-17,signup,4,82.39173540136943,3,True,UBGECTWTRF,11,group1
1057,0.0,2024-01-31,signup,8,109.53143802357708,6,True,KYGDUCUWYM,2,group1
1058,0.0,2024-01-02,signup,5,90.33749351273644,1,True,KCYMGBDYSC,8,group1
1062,1.0,2024-01-17,signup,6,96.31612542555118,5,False,QCJVAWYIMF,13,group1
1063,0.0,2024-01-11,signup,8,103.34685616529188,2,False,KMFNNCZVER,4,group1
1065,1.0,2024-01-10,signup,0,106.06330516684,4,False,RANIYZSKFA,15,group1
1068,0.0,2024-01-28,signup,10,97.6426187910802,3,True,FGZUGTGZPZ,3,group1
1070,0.0,2024-01-16,signup,3,100.6779446042088,3,False,ACYPUVHSOW,2,group1
1082,0.0,2024-01-21,signup,4,98.45879481150178,4,False,SRCGDDJHBN,2,group1
1087,0.0,2024-01-15,signup,10,97.0173119434586,1,True,NXRPDJYFAM,4,group1
1091,1.0,2024-01-12,signup,4,85.78210869835495,8,True,XDFBBSBHKN,11,group1
1092,1.0,2024-01-07,signup,2,94.3413099735002,4,True,ASEHVFRQUJ,4,group1
1093,1.0,2024-01-05,signup,9,94.0134644762399,9,False,IIYVSQVHBP,10,group1
1095,0.0,2024-01-24,signup,2,81.64204963901517,9,True,SHKBQTZWSS,2,group1
1115,1.0,2024-01-31,signup,6,111.28450976716856,7,True,MUOQTYXPPH,8,group1
1117,1.0,2024-01-11,signup,1,94.2338189748733,7,True,VCDZUIQOPB,17,group1
1122,1.0,2024-01-15,signup,4,100.63004116562254,3,False,QBSPUXTXAY,14,group1
1123,1.0,2024-01-13,signup,4,93.29011802714518,2,True,VKAYUAPTNB,13,group1
1126,0.0,2024-01-14,signup,1,96.85579458330686,2,False,BAVWGRIWSQ,1,group1
1127,0.0,2024-01-21,signup,5,95.91675868574872,3,True,ACGNMOMNLJ,7,group1
1134,1.0,2024-01-19,signup,0,71.12584173742637,2,False,SUZAZWTDMK,12,group1
1135,0.0,2024-01-24,signup,4,109.85087949609456,7,False,FCVWAEPSKW,3,group1
1142,1.0,2024-01-25,signup,5,81.48583442383098,7,True,NNKEZNVAAB,10,group1
1143,1.0,2024-01-14,signup,5,109.3815265925572,5,True,INETGXZCBY,12,group1
1151,1.0,2024-01-24,signup,8,98.75758425555968,6,False,SVYESOOFWR,14,group1
1157,1.0,2024-01-08,signup,3,109.02462487275206,9,True,IISCHQFBIE,8,group1
1169,0.0,2024-01-12,signup,6,107.64148453292349,9,True,DABOAFDXJR,1,group1
1174,1.0,2024-01-28,signup,3,97.96003649529884,3,True,WUMFFJAHAF,6,group1
1176,1.0,2024-01-13,signup,6,70.27000732471264,4,False,MVSYMXKJUA,19,group1
1194,0.0,2024-01-23,signup,5,97.99430053817056,1,False,ITXSZDVKSX,1,group1
1199,0.0,2024-01-16,signup,3,95.29683106596477,7,False,DKEZPQOXOA,5,group1
1200,1.0,2024-01-21,signup,6,102.1235066642002,2,True,YPZHPYRBVI,15,group1
1201,0.0,2024-01-08,signup,3,89.98522265651515,6,True,KSSUHTGZUS,11,group1
1202,0.0,2024-01-16,signup,6,101.73244835882788,4,True,VAUSUPUYIY,3,group1
1217,1.0,2024-01-17,signup,3,97.63735541747448,5,False,INDGXRKGGO,14,group1
1233,0.0,2024-01-03,signup,3,107.3342210926611,7,True,WVMKZTSFEG,2,group1
1237,0.0,2024-01-02,signup,4,98.84180815825088,4,False,SGSVVPUTKS,1,group1
1241,1.0,2024-01-22,signup,6,100.2739330087535,7,False,KUBWYHOHAV,6,group1
1248,1.0,2024-01-23,signup,4,95.45847534976636,3,False,PGKBCBGCPG,15,group1
1258,0.0,2024-01-14,signup,2,108.11451766891224,5,False,ZANROXSCOM,4,group1
1261,1.0,2024-01-30,signup,4,100.64374279705244,9,False,PYINSEVNMD,14,group1
1266,0.0,2024-01-01,signup,6,93.05473198984488,1,False,EQRVZDGWUM,1,group1
1269,0.0,2024-01-24,signup,7,115.63016643341363,1,True,WKUVKBVOSO,21,group1
1270,1.0,2024-01-10,signup,2,94.66830971701108,1,False,SOFZTOQUHE,16,group1
1281,1.0,2024-01-20,signup,7,98.76272452857,7,True,RCIZKXBUZU,5,group1
1285,1.0,2024-01-30,signup,9,99.30182517033391,7,True,ALBWFMQLGR,14,group1
1289,0.0,2024-01-03,signup,6,101.277931116434,5,True,IAIVQNXLUW,4,group1
1290,0.0,2024-01-11,signup,7,94.34851110814282,3,True,DTTDQXBCPA,1,group1
1291,0.0,2024-01-25,signup,8,110.15656347776746,6,False,OYBLICUQXU,5,group1
1292,1.0,2024-01-10,signup,3,104.98726373444244,2,True,BOHKVNEGOJ,12,group1
1297,0.0,2024-01-21,signup,2,93.53097790707388,2,False,EVTHGZMFAZ,5,group1
1300,0.0,2024-01-30,signup,1,91.31889705317607,4,False,CHQHMZZKDQ,8,group1
1302,0.0,2024-01-12,signup,5,107.26286297859282,6,True,YOLODVDAVI,7,group1
1304,1.0,2024-01-09,signup,3,115.8949388035091,3,True,PUWIJTDZSG,11,group1
1305,1.0,2024-01-25,signup,11,99.63442486142073,2,False,VDEQNVNZEU,9,group1
1306,1.0,2024-01-14,signup,8,105.6098883882667,3,False,CTQRHKUXCW,17,group1
1311,1.0,2024-01-31,signup,2,110.4826880212195,4,False,QUFLAXZPQD,16,group1
1313,1.0,2024-01-05,signup,5,97.5750078755316,2,True,QINUVSMRGV,15,group1
1315,1.0,2024-01-31,signup,5,101.23878500151456,5,False,SZYZIOBWSP,8,group1
1317,1.0,2024-01-18,signup,9,97.40053947279142,2,True,CFYSGXNLBM,22,group1
1322,1.0,2024-01-18,signup,4,106.73669247497196,4,True,RSIFJSLTFF,14,group1
1325,0.0,2024-01-27,signup,6,103.37886960040484,9,False,EBAGMAMOTW,2,group1
1331,1.0,2024-01-01,signup,4,98.75697551188028,4,False,ZHKJDKEPON,14,group1
1336,0.0,2024-01-06,signup,4,91.91211835781256,4,True,ZCSGTZPNDP,1,group1
1340,0.0,2024-01-31,signup,5,109.78737655681068,9,False,ETLTEZOQWY,2,group1
1344,1.0,2024-01-16,signup,5,100.2375952332941,7,False,ESNGKFMALU,11,group1
1345,0.0,2024-01-05,signup,9,116.26617926807144,4,False,XMAQJUOCAK,14,group1
1360,1.0,2024-01-31,signup,8,100.83880851479888,3,False,DVSBBUVEEX,9,group1
1363,1.0,2024-01-25,signup,2,101.33815122554766,6,True,WQGDNPLCNO,13,group1
1368,0.0,2024-01-21,signup,4,100.8374327710518,3,False,SKQKCUPFYQ,19,group1
1383,0.0,2024-01-07,signup,7,101.3152343029499,5,True,QMHHXJANXT,4,group1
1385,0.0,2024-01-04,signup,6,110.50781685001284,4,False,NLIGDSPZTV,6,group1
1386,1.0,2024-01-21,signup,3,91.80683796732956,9,True,LHJZICTNCM,5,group1
1395,1.0,2024-01-09,signup,7,112.67698199152316,2,True,PKPIMJZVJJ,8,group1
1397,0.0,2024-01-21,signup,6,90.59493181113466,5,False,MWNFQXMJPB,5,group1
1398,1.0,2024-01-18,signup,4,106.6216160912523,2,False,MMKBBVBXCB,4,group1
1399,1.0,2024-01-15,signup,2,108.84885250443484,8,False,OQFXYVYAUW,20,group1
1400,0.0,2024-01-15,signup,7,101.183993719777,7,True,EIUQUSIAUQ,1,group1
1401,0.0,2024-01-06,signup,4,101.36787700303508,8,False,XKVXTLPTCR,10,group1
1411,0.0,2024-01-17,signup,6,91.31987737257316,1,True,YDXMYVNMDR,1,group1
1414,1.0,2024-01-28,signup,3,117.93733546386042,6,False,JOUFDIXAWH,12,group1
1416,0.0,2024-01-04,signup,4,92.00321206656066,5,False,VBIVRLQJLG,4,group1
1417,0.0,2024-01-29,signup,9,100.34738444029811,5,True,ONMQDPSNHK,8,group1
1419,1.0,2024-01-15,signup,4,98.14310881635974,1,False,NJTOBJPQRR,17,group1
1429,1.0,2024-01-26,signup,2,92.35224542008076,2,False,RSNOQDEAFR,24,group1
1430,0.0,2024-01-19,signup,6,100.739108355879,4,False,WQNARHEDIF,5,group1
1436,0.0,2024-01-16,signup,5,90.57150140407676,1,True,MHRMRCHOJZ,10,group1
1443,0.0,2024-01-28,signup,5,97.359874779343,6,True,BBVQLLAFLU,4,group1
1444,1.0,2024-01-22,signup,4,75.12636600367306,3,False,FJPJGMJRGE,20,group1
1453,1.0,2024-01-27,signup,10,78.2664881188416,8,False,HYAKHILAAG,15,group1
1458,0.0,2024-01-24,signup,4,102.04568933779343,2,False,CPOMUHDNVW,3,group1
1468,1.0,2024-01-04,signup,5,109.49403424056158,1,True,UOPIHAFHRC,15,group1
1474,0.0,2024-01-15,signup,7,91.92178773409488,4,False,YETRUHPMJA,4,group1
1480,1.0,2024-01-06,signup,4,102.33414811552304,6,False,IFFABNDVAR,9,group1
1489,0.0,2024-01-29,signup,2,94.21478563164116,4,False,YDOGOCUAPP,3,group1
1492,0.0,2024-01-14,signup,3,125.3456357953201,1,False,ECSQVRZSXB,10,group1
1493,0.0,2024-01-24,signup,6,93.56264772060258,2,True,CZZOSZWVNK,1,group1
1496,1.0,2024-01-10,signup,5,97.9102470212014,2,True,OYFJYAGYQU,6,group1
1500,1.0,2024-01-14,signup,5,101.8531630143283,8,False,WPAJQHLSUR,24,group1
1501,0.0,2024-01-04,signup,7,94.37215919927776,8,True,PTLMVEZHEY,11,group1
1502,0.0,2024-01-10,signup,1,119.74669703149478,3,True,DECGSJHVOT,2,group1
1506,1.0,2024-01-23,signup,7,97.04219859300714,5,False,MWRMPBDBFY,20,group1
1513,0.0,2024-01-09,signup,8,84.44478978413211,6,False,VPNYVMTMDF,4,group1
1514,0.0,2024-01-15,signup,5,79.70303334206702,5,True,DESIMKOMNP,2,group1
1516,1.0,2024-01-30,signup,6,93.47349286640774,1,True,RUYGZYNESD,19,group1
1518,0.0,2024-01-20,signup,1,79.88204954199078,8,True,YXZBNNGYQV,14,group1
1521,1.0,2024-01-18,signup,3,110.1713397277302,7,True,BOEUIUJQED,19,group1
1523,0.0,2024-01-23,signup,5,89.05513935631674,9,True,GQXXGOMICE,8,group1
1524,0.0,2024-01-12,signup,6,107.4369972507522,2,False,GRJODJJLAI,8,group1
1526,0.0,2024-01-21,signup,8,90.45427628752384,1,True,ZRAEEGVMQR,3,group1
1528,1.0,2024-01-26,signup,2,105.42874172857375,3,True,ABVBRHFQEU,8,group1
1529,1.0,2024-01-08,signup,2,95.78153345856254,3,False,GMWEVUCQOA,29,group1
1532,1.0,2024-01-02,signup,7,95.34504122191262,8,True,RUBEYQCJBJ,24,group1
1537,1.0,2024-01-04,signup,6,97.53218624163108,5,True,YACPQUXEWT,6,group1
1539,1.0,2024-01-23,signup,4,105.29115502858976,8,False,RQFFFUVVSE,11,group1
1543,0.0,2024-01-13,signup,3,109.26168033380472,1,False,ZCYZOTHJAE,4,group1
1546,1.0,2024-01-13,signup,1,96.48105983970378,2,False,TGZHTOOPYP,13,group1
1547,1.0,2024-01-01,signup,5,111.11896714885798,9,False,WDRORMPQQM,22,group1
1549,1.0,2024-01-07,signup,3,106.1226138225669,5,True,VGRTXESVAH,20,group1
1553,1.0,2024-01-15,signup,8,103.79598870658155,3,False,VXIOAQCPBJ,22,group1
1560,0.0,2024-01-16,signup,8,78.29270018577097,6,True,YIRZRYJTJX,5,group1
1561,0.0,2024-01-17,signup,4,87.90635601442156,9,False,LYBRITTTHJ,3,group1
1562,1.0,2024-01-24,signup,3,121.15957713683916,9,False,XCESINRFTX,13,group1
1564,1.0,2024-01-03,signup,4,85.336203761955,5,False,RKVZVERVXV,16,group1
1579,1.0,2024-01-20,signup,6,98.73009251270253,5,True,FKJLVDJFBH,6,group1
1580,0.0,2024-01-15,signup,5,99.4856932293578,3,True,HFKGKUVHCG,4,group1
1583,0.0,2024-01-16,signup,7,99.007846754646,2,False,MPIVSIEJIZ,2,group1
1588,0.0,2024-01-19,signup,7,96.98601871998316,9,False,XPQUCNXGBX,2,group1
1596,0.0,2024-01-31,signup,4,102.5464561317396,5,True,UPELAESVFE,3,group1
1598,0.0,2024-01-28,signup,3,100.28409596490717,3,True,KIZJFMPBXR,1,group1
1615,1.0,2024-01-03,signup,2,99.97574013098463,9,True,DBNPTKRCHC,32,group1
1618,1.0,2024-01-13,signup,6,106.58026361274926,1,False,LYQTAAZWDC,20,group1
1622,1.0,2024-01-06,signup,4,94.00970139977473,3,False,HXRSEUHHLY,10,group1
1627,1.0,2024-01-08,signup,4,106.27524664671098,4,False,IVBBJUMUZH,19,group1
1629,0.0,2024-01-13,signup,4,107.940763480862,8,True,MEMJQUGZLG,6,group1
1631,0.0,2024-01-05,signup,7,92.59705158783468,5,False,BZPNZECNBF,5,group1
1632,1.0,2024-01-29,signup,6,85.1004085489022,4,False,NXZQXXWHZM,11,group1
1636,0.0,2024-01-03,signup,1,106.67624715454797,6,False,XFPOXGFHQY,6,group1
1642,1.0,2024-01-11,signup,4,107.54770591276193,5,False,BMTIJIHXDF,13,group1
1647,1.0,2024-01-12,signup,7,81.7700574159226,8,True,JXBHOLPLQA,18,group1
1653,0.0,2024-01-20,signup,4,98.06911895872332,9,True,BCSMSZZGRV,2,group1
1656,1.0,2024-01-17,signup,4,94.7017686457446,6,False,XACONSTNWH,21,group1
1657,0.0,2024-01-03,signup,4,100.9687202164492,2,True,IDXEYODXHJ,16,group1
1661,1.0,2024-01-23,signup,6,99.14122007178844,4,False,JGMBJYOGLP,5,group1
1663,0.0,2024-01-17,signup,1,101.43749118387876,7,True,OHQQCGFJLY,14,group1
1672,1.0,2024-01-19,signup,5,85.54248974342468,1,False,UKOCNMXYTV,17,group1
1675,0.0,2024-01-30,signup,4,92.98516391134582,3,False,LUDOOIRVBJ,1,group1
1677,0.0,2024-01-23,signup,6,111.3351640791686,9,True,YDQSDEDFYL,14,group1
1678,0.0,2024-01-14,signup,8,89.97085276166626,8,False,CQOGTSRHCK,4,group1
1682,1.0,2024-01-27,signup,3,95.82857107618828,4,True,MRFCPRUMCU,16,group1
1685,1.0,2024-01-09,signup,2,99.33951032987468,4,True,ELHBMLSTMV,18,group1
1688,1.0,2024-01-10,signup,9,97.7738962055528,6,True,OJPRHVFYBS,9,group1
1704,0.0,2024-01-10,signup,6,119.68588600043624,6,False,QLSPILCLFM,1,group1
1706,1.0,2024-01-18,signup,5,91.2599094602922,1,False,ZTDOOARFJJ,5,group1
1709,1.0,2024-01-28,signup,3,113.4505594486326,8,False,RGKVJTEFWA,12,group1
1713,0.0,2024-01-04,signup,7,92.58615644912214,6,False,CMKJNOOXVB,2,group1
1722,0.0,2024-01-21,signup,4,111.76465139169504,7,False,,2,group1
1723,0.0,2024-01-02,signup,7,103.91583788538831,5,True,YMLKEECUNC,2,group1
1731,1.0,2024-01-08,signup,4,110.4374737388694,7,True,EEFPHWMQCP,11,group1
1735,1.0,2024-01-29,signup,1,87.83292808293905,3,True,LRRNQZHZPW,18,group1
1739,0.0,2024-01-31,signup,4,76.90236897464038,4,True,XSWOEMOKDC,1,group1
1740,1.0,2024-01-17,signup,3,98.62463394142924,4,True,RRVZREBVEO,22,group1
1741,1.0,2024-01-09,signup,7,101.21543521589074,4,True,CGRPMCTXGI,13,group1
1744,0.0,2024-01-14,signup,9,99.8398290314229,3,True,BHKTGWTMNB,8,group1
1747,0.0,2024-01-17,signup,6,105.83622419705134,2,False,FHJSPNAAPM,1,group1
1750,1.0,2024-01-05,signup,4,94.29410111748754,7,True,WIFFOMLILV,17,group1
1758,0.0,2024-01-22,signup,4,91.39224053504142,9,False,ZYMJVDMGZY,15,group1
1761,1.0,2024-01-20,signup,8,103.11002167659196,2,False,QADSYOWCAL,8,group1
1764,0.0,2024-01-23,signup,3,95.01476668598092,4,True,QAEZJOBRYA,1,group1
1768,0.0,2024-01-06,signup,11,115.29017977164364,5,False,HWDDRWHCTP,3,group1
1772,1.0,2024-01-28,signup,9,102.58942253055667,9,False,RMJJJGRXKK,16,group1
1776,1.0,2024-01-24,signup,4,102.26805437948232,7,True,SNJWFDZFVA,24,group1
1777,0.0,2024-01-31,signup,4,93.27511199930416,2,True,CXPYJCJUWP,3,group1
1778,0.0,2024-01-20,signup,3,110.10621482953208,4,False,XLLBMYRTKT,5,group1
1782,0.0,2024-01-19,signup,2,113.5298064074906,6,True,JHKZGNYHBY,2,group1
1784,1.0,2024-01-08,signup,4,116.2554294194934,9,False,VYCFXBNCAN,14,group1
1787,1.0,2024-01-04,signup,7,82.66247491202468,7,False,RFDEWSCEGC,18,group1
1805,1.0,2024-01-24,signup,5,101.90242636057914,2,True,FSNNRUBSRQ,15,group1
1809,0.0,2024-01-23,signup,8,111.4106234798656,8,False,VGFGAEHIDL,4,group1
1811,1.0,2024-01-10,signup,7,91.95594674576556,6,True,YMCVHZEBPP,9,group1
1812,0.0,2024-01-18,signup,9,86.65105798996422,9,True,VRTMBXAOOI,13,group1
1818,1.0,2024-01-06,signup,4,112.01544483236644,3,False,KRQIVZIHFU,13,group1
1819,0.0,2024-01-27,signup,4,110.0227827168186,8,False,QRYEBMBBKK,6,group1
1823,1.0,2024-01-26,signup,4,106.1972831476732,6,False,OKWWIRZAYV,10,group1
1825,1.0,2024-01-05,signup,8,110.76078811607093,2,False,EXBZLLJMUR,13,group1
1828,1.0,2024-01-13,signup,6,82.59479646242026,5,True,ZIAVCDMTEQ,16,group1
1829,0.0,2024-01-14,signup,7,87.72744028749271,4,False,DOKJWLIUTG,5,group1
1831,1.0,2024-01-16,signup,4,86.62989661154815,8,False,YLDXHPXGGK,22,group1
1837,0.0,2024-01-22,signup,6,109.47711639322893,5,False,WPIBIYUVPB,1,group1
1838,1.0,2024-01-02,signup,5,125.25808775208172,4,False,OKXYVHEARF,15,group1
1842,0.0,2024-01-03,signup,6,110.42467894245232,1,True,KNTGMSZSYJ,3,group1
1856,1.0,2024-01-21,signup,5,97.28480238018336,3,False,YTJRIQLIZD,11,group1
1858,1.0,2024-01-25,signup,6,116.76857308577644,6,False,GSXSVCJTHZ,13,group1
1859,1.0,2024-01-25,signup,4,96.23195118555928,5,True,RAVORCNJIV,16,group1
1867,0.0,2024-01-22,signup,0,103.76361053935032,5,True,FEPJKOOKKW,2,group1
1869,1.0,2024-01-04,signup,9,84.07721216829385,1,True,WZVVXMRKYV,11,group1
1877,1.0,2024-01-21,signup,4,98.88800428754234,7,True,XCUTDIQPIM,11,group1
1891,0.0,2024-01-23,signup,8,106.22416928896492,4,False,WHFJUTFIDR,1,group1
1893,0.0,2024-01-13,signup,6,97.11788517405824,6,True,XBXYJJZTAH,5,group1
1896,1.0,2024-01-16,signup,4,105.2331084345725,1,False,ETGKGETTMD,14,group1
1899,1.0,2024-01-09,signup,4,105.417157375481,5,True,LSNPONBOHB,17,group1
1900,1.0,2024-01-11,signup,5,82.4510628368458,7,True,FDHWOIHKSQ,14,group1
1901,0.0,2024-01-25,signup,10,110.30524527979958,3,True,YSWIFQYNKI,3,group1
1902,1.0,2024-01-26,signup,4,88.51135032504075,6,False,YNPZDUBQMI,11,group1
1913,0.0,2024-01-18,signup,5,97.72662187956831,2,False,FPCEEDREUA,6,group1
1918,0.0,2024-01-13,signup,3,94.48729800733832,4,True,RMLYHTQODI,9,group1
1919,0.0,2024-01-07,signup,1,104.76492891183412,9,False,MELNYFJEGF,1,group1
1920,1.0,2024-01-19,signup,8,97.340161667018,6,True,BSPVRFJUIZ,22,group1
1931,1.0,2024-01-29,signup,5,106.20333978360158,8,False,XTTSRPLQSZ,13,group1
1933,1.0,2024-01-10,signup,4,90.8497121149796,1,True,AOHSFVONKA,17,group1
1938,0.0,2024-01-09,signup,5,105.23289271143756,2,True,AVEFHMGARP,8,group1
1939,0.0,2024-01-06,signup,6,83.90378409695732,9,False,SEHJHNPOPG,10,group1
1940,0.0,2024-01-08,signup,9,87.56637606511151,6,False,SXWSLWONYZ,6,group1
1943,1.0,2024-01-08,signup,8,94.12333721280162,3,True,UDJWAFZMTV,9,group1
1944,1.0,2024-01-12,signup,6,120.93585120368776,6,True,BVVFJGRFTI,5,group1
1949,0.0,2024-01-19,signup,3,86.46385250703445,3,True,YZOZRBDXGB,4,group1
1962,1.0,2024-01-20,signup,7,85.23748467266753,1,True,IFNGRTLECD,14,group1
1964,1.0,2024-01-31,signup,8,96.50411859254848,9,True,KLVZJJMJQX,10,group1
1966,0.0,2024-01-25,signup,10,109.21087930526234,7,False,BHMDIOJTFQ,8,group1
1987,0.0,2024-01-16,signup,6,94.70441982914886,6,False,TXJIXBWONY,1,group1
1989,1.0,2024-01-26,signup,4,82.68619306064953,1,True,KBERHWKHPX,12,group1
2013,0.0,2024-01-17,signup,5,111.49481085702692,4,False,YDLEBDPLGS,1,group1
2015,0.0,2024-01-18,signup,7,103.16229792612484,1,False,FESGXOUUKL,2,group1
2019,1.0,2024-01-27,signup,4,105.9518146223336,1,True,PUNAPSGUSS,14,group1
2024,0.0,2024-01-20,signup,2,96.54536171331851,7,False,JGKHZBJVGN,6,group1
2026,1.0,2024-01-16,signup,5,110.19882311953076,3,False,FKIVNZSVAU,17,group1
2043,0.0,2024-01-17,signup,4,98.34812888136204,2,False,KSFBYVAFBQ,6,group1
2046,0.0,2024-01-07,signup,7,117.69522730797875,9,False,PWDVEYRCEJ,2,group1
2054,1.0,2024-01-04,signup,4,105.07353728418263,6,False,OROXPZZUVZ,12,group1
2059,1.0,2024-01-12,signup,4,96.85738376205688,5,False,FBXSBQDBDE,11,group1
2062,1.0,2024-01-15,signup,6,100.19622417584026,1,True,LFLZOXAMJE,11,group1
2064,0.0,2024-01-07,signup,4,108.43146567928696,4,True,GXPZDDWDVT,4,group1
2070,1.0,2024-01-21,signup,2,104.02750133242547,1,False,SJAPYDZGDV,6,group1
2072,0.0,2024-01-14,signup,2,85.07709756639153,8,False,FMSHKPMNUT,2,group1
2073,1.0,2024-01-04,signup,3,94.54163251133896,8,True,VFOKVUEWNV,7,group1
2074,1.0,2024-01-05,signup,6,98.57338257250552,3,False,HOJWGSWIGX,18,group1
2089,0.0,2024-01-21,signup,2,107.58252443918715,1,True,WZKHEMBXFN,18,group1
2104,1.0,2024-01-02,signup,2,98.63190363418138,4,False,BOWBRMAGUR,8,group1
2107,1.0,2024-01-14,signup,5,98.39513586994066,2,True,XOVJNQKNMH,20,group1
2108,0.0,2024-01-25,signup,5,90.6099590805056,1,False,CIDTDILZFD,2,group1
2110,0.0,2024-01-22,signup,1,103.58772844827703,6,True,JQBLPRAMCL,3,group1
2111,0.0,2024-01-08,signup,3,98.51287235319192,8,True,BNSNYCLELS,12,group1
2112,0.0,2024-01-25,signup,3,89.35332013775898,2,True,PZZGLQJFPD,1,group1
2114,1.0,2024-01-13,signup,7,90.7557966151968,2,False,SUJXJJNHSY,13,group1
2115,0.0,2024-01-08,signup,6,100.28836535821192,5,True,YHQRIVNDFA,9,group1
2121,1.0,2024-01-13,signup,5,106.34867898344152,3,False,DQYNCFTLGX,31,group1
2123,0.0,2024-01-08,signup,1,104.70926938334644,1,True,TIHKOAMSAF,9,group1
2134,1.0,2024-01-27,signup,5,111.03831398168516,9,True,VABPPLPKBI,11,group1
2138,0.0,2024-01-08,signup,2,102.02891046344094,2,True,UUQLDYXWJR,2,group1
2141,1.0,2024-01-21,signup,6,90.35593615087568,4,False,KXQXBESOUT,20,group1
2149,1.0,2024-01-07,signup,5,106.61351276339644,8,False,PGFYUQAZDS,8,group1
2150,0.0,2024-01-28,signup,4,93.8177282484944,8,True,OIFJMJRBRM,1,group1
2153,1.0,2024-01-11,signup,5,75.84184509269659,9,False,OZKIVDLZSN,15,group1
2156,0.0,2024-01-18,signup,7,86.79361023183631,5,False,WEGVRIRPQK,3,group1
2159,1.0,2024-01-23,signup,4,98.55104563981722,2,False,IMWPZUHTKZ,15,group1
2171,0.0,2024-01-15,signup,4,107.10646391523964,5,True,CYLYITSAQY,3,group1
2172,0.0,2024-01-14,signup,3,103.1832883338122,5,True,COOSDUFZWH,4,group1
2175,1.0,2024-01-24,signup,5,109.90764671118109,8,True,TPRJOSVDOY,8,group1
2181,0.0,2024-01-04,signup,3,101.80365169009464,7,False,VHIAQAURPA,2,group1
2186,1.0,2024-01-11,signup,10,102.44751280142528,4,False,CBIBPLRFWO,17,group1
2191,1.0,2024-01-07,signup,8,90.06809287721839,1,True,YIOTJVIGUL,11,group1
2192,1.0,2024-01-10,signup,3,111.24398331625646,2,False,ABYRDNVMHG,6,group1
2194,0.0,2024-01-01,signup,6,111.1085652239054,7,True,WLOPUUZXTP,2,group1
2199,0.0,2024-01-04,signup,7,94.03894550033615,3,True,SJSCXVUKHH,12,group1
2206,0.0,2024-01-31,signup,5,88.7375562914006,5,False,TXANXRSAOU,4,group1
2215,0.0,2024-01-12,signup,6,106.76951779847718,6,False,MJAGJCZATH,4,group1
2217,0.0,2024-01-31,signup,3,93.6062595671592,4,False,YHTRFQBWHB,3,group1
2235,1.0,2024-01-17,signup,8,100.41095148836774,7,True,IWEFHWEQOD,15,group1
2237,0.0,2024-01-06,signup,6,98.21472482688904,2,True,KKVQPUBEJX,5,group1
2250,0.0,2024-01-02,signup,11,94.0043737776608,7,False,ZJXCKBOQME,3,group1
2256,1.0,2024-01-27,signup,4,99.50262390192113,7,True,ZBCTHMSRLX,9,group1
2257,0.0,2024-01-28,signup,8,103.50819462536109,2,False,IUSXUOUNSQ,11,group1
2268,0.0,2024-01-21,signup,8,98.7676109458142,9,True,JSZCGIXSYF,2,group1
2276,1.0,2024-01-19,signup,10,82.43929667785771,2,False,QRUPRXHLHK,12,group1
2279,0.0,2024-01-28,signup,3,109.25237897768122,3,False,FFECHHDHAI,6,group1
2289,0.0,2024-01-09,signup,5,92.02562446045064,4,True,KEXPNQWDAB,12,group1
2290,1.0,2024-01-07,signup,7,108.50380239683112,1,False,IRXMJUFMIP,8,group1
2295,0.0,2024-01-19,signup,8,85.02038871318707,9,False,DMIUYWKJSQ,4,group1
2296,0.0,2024-01-28,signup,3,97.14929973708632,7,True,KFIJDCYVMI,5,group1
2297,0.0,2024-01-19,signup,8,101.5406266819938,4,False,KKTVUSXMAB,3,group1
2310,1.0,2024-01-05,signup,8,108.54541783496693,9,True,KFCZUDFTTK,15,group1
2316,0.0,2024-01-22,signup,4,113.47016673300254,4,False,BJJTTCCJHA,2,group1
2317,0.0,2024-01-07,signup,8,97.27858823395104,9,True,NLEYGGVYUT,9,group1
2321,1.0,2024-01-06,signup,8,111.52680697040842,9,False,MUJOQYREGH,10,group1
2329,0.0,2024-01-26,signup,4,96.48936712644576,5,True,NIVAQCRVZZ,1,group1
2330,0.0,2024-01-11,signup,6,108.83012054383336,2,False,ANZGRDYZMK,4,group1
2334,0.0,2024-01-23,signup,2,81.29425745897912,7,True,KMMXGMSKAL,2,group1
2335,0.0,2024-01-01,signup,3,115.9857633237244,6,False,SHSQGQFVRJ,10,group1
2338,0.0,2024-01-03,signup,5,105.1834235893114,8,True,IMHFUSWNTE,1,group1
2339,0.0,2024-01-02,signup,6,107.48654236402557,5,False,EHDFVKXMVO,18,group1
2343,0.0,2024-01-28,signup,4,114.60904616741206,1,True,NJWXEUAJBW,2,group1
2365,0.0,2024-01-26,signup,1,112.50706930257527,4,True,TLRDJMXFGT,12,group1
2366,0.0,2024-01-12,signup,5,96.6444864848327,6,True,LDNMEKIJIU,2,group1
2369,1.0,2024-01-07,signup,4,92.85316537133966,6,True,SJIQQLAZKV,12,group1
2374,1.0,2024-01-20,signup,3,111.00560649644842,5,False,DAZVFCVSIP,14,group1
2376,0.0,2024-01-11,signup,3,107.51681049660736,1,True,PHIMAVFTBG,1,group1
2378,0.0,2024-01-26,signup,5,99.59692986828372,1,False,BKLTCXBPQT,2,group1
2380,1.0,2024-01-19,signup,3,96.82700042515548,4,False,MSIAYQOZGV,14,group1
2382,1.0,2024-01-27,signup,6,102.38534443977392,6,False,NIQXOUSFEL,7,group1
2384,0.0,2024-01-11,signup,4,106.00445111990372,1,False,OQNHUHPMSE,1,group1
2392,0.0,2024-01-03,signup,4,84.14474811951577,6,False,FZHYAADJQE,1,group1
2402,0.0,2024-01-02,signup,6,108.07217630802796,1,False,CSNOODQHKV,6,group1
2405,1.0,2024-01-14,signup,5,109.99919653239658,3,False,CGSKURLYFH,6,group1
2416,0.0,2024-01-23,signup,4,121.43199288163494,5,False,YOLOCFCJGX,1,group1
2422,1.0,2024-01-30,signup,11,111.3155176640246,4,True,JRDHFBNDVQ,6,group1
2424,0.0,2024-01-23,signup,3,88.35365603757623,8,True,VNWWPEYHCM,1,group1
2426,0.0,2024-01-09,signup,4,95.46783249283608,3,False,PHEKHLKXUA,13,group1
2433,0.0,2024-01-29,signup,5,116.03616268802422,4,False,FBKLBLYQAZ,5,group1
2436,0.0,2024-01-19,signup,8,108.99330124486022,4,False,DSJTTHBCTL,5,group1
2438,1.0,2024-01-06,signup,6,91.34301334923364,3,False,XPHUHKFMCW,16,group1
2443,1.0,2024-01-06,signup,5,98.15803388301944,7,False,DZDBBPIBKR,14,group1
2444,0.0,2024-01-17,signup,1,114.3115069201572,5,False,HXSSEVHONE,2,group1
2446,0.0,2024-01-31,signup,5,100.20346241183782,8,False,ZNWLFQFUZH,14,group1
2447,0.0,2024-01-01,signup,7,95.20307797824732,3,False,OLJLVIUFOH,8,group1
2449,0.0,2024-01-13,signup,6,108.8814640383328,1,False,YYKBCOPSON,2,group1
2452,1.0,2024-01-03,signup,7,114.01427688517516,7,True,CQCMUDXNEP,8,group1
2455,0.0,2024-01-03,signup,5,93.4677531665434,5,True,KJMEYVSTBY,1,group1
2459,0.0,2024-01-24,signup,7,105.67871922936584,1,False,CRTWSFCJJR,2,group1
2464,1.0,2024-01-21,signup,5,92.92236780828787,8,False,IIMNLYHAOF,22,group1
2469,1.0,2024-01-01,signup,10,101.42744240513218,8,False,LUYEFWDJXD,10,group1
2474,1.0,2024-01-28,signup,6,105.00155903462452,2,True,HUOSHWZLON,7,group1
2478,0.0,2024-01-09,signup,6,97.48468276269924,6,True,RVTKYPJXNN,2,group1
2482,1.0,2024-01-04,signup,6,97.25436862961628,8,False,XNQPVPMEUU,14,group1
2489,0.0,2024-01-26,signup,6,101.13192419213284,9,False,TZDBSEXUYY,4,group1
2504,0.0,2024-01-15,signup,5,90.5859370767088,7,False,PCBEDFQAJH,1,group1
2508,1.0,2024-01-29,signup,9,96.92338108389087,5,True,ZUBLRJSFXT,27,group1
2509,1.0,2024-01-31,signup,2,122.68322645499732,4,False,UZKIBZVDHF,14,group1
2514,1.0,2024-01-29,signup,7,85.79502945479211,2,True,BEJHIHWRCW,13,group1
2516,0.0,2024-01-11,signup,2,95.53732528963668,2,False,WBHXBGCPZU,4,group1
2518,1.0,2024-01-13,signup,5,95.77044354656246,8,True,ZOHOAPIFNM,9,group1
2520,1.0,2024-01-06,signup,7,72.26751928361429,5,True,KDASUODDGC,9,group1
2532,0.0,2024-01-19,signup,5,104.23966263490055,1,True,RBRWZROFUK,6,group1
2535,1.0,2024-01-14,signup,6,93.4306722481875,9,False,OUJCJCIGEN,13,group1
2545,0.0,2024-01-24,signup,6,106.2068992883677,6,False,TKWFOYOILT,1,group1
2546,0.0,2024-01-04,signup,4,90.8503507645002,5,True,KYDNOHKAHW,2,group1
2553,1.0,2024-01-23,signup,13,88.3050019074711,4,False,YNADKXKUGZ,15,group1
2554,0.0,2024-01-27,signup,6,103.8659257684988,2,True,JGXIDQJITC,4,group1
2558,0.0,2024-01-17,signup,4,94.85902145296777,7,True,KYSQAFHTZV,16,group1
2560,1.0,2024-01-13,signup,7,95.59847829652448,9,True,RMKBGYUNLU,12,group1
2566,0.0,2024-01-27,signup,8,90.66370188429198,8,True,IQPDRMGKJJ,4,group1
2567,0.0,2024-01-12,signup,8,104.24460236959932,6,True,MTWQAORZVQ,1,group1
2575,1.0,2024-01-21,signup,7,102.73627272119514,4,False,IIZPCDFOVT,15,group1
2581,1.0,2024-01-14,signup,5,103.90293782653104,5,False,GXUPMVDSZQ,17,group1
2582,1.0,2024-01-17,signup,5,112.6895533268668,4,False,ZURDQBBFEY,12,group1
2584,1.0,2024-01-12,signup,5,109.6276301291192,5,False,CCDDIXBQGA,11,group1
2587,1.0,2024-01-26,signup,6,97.15787090475692,4,True,WAPEOCCPJL,7,group1
2590,1.0,2024-01-13,signup,6,97.14700295316769,3,False,DEFCDZVBZE,46,group1
2591,1.0,2024-01-14,signup,5,110.38494154609714,4,False,TADAHZBGFS,26,group1
2594,0.0,2024-01-26,signup,6,93.75886928076234,7,False,CNFMTURVSJ,2,group1
2596,0.0,2024-01-11,signup,5,109.91543491033516,1,False,ZVRSISFRUI,1,group1
2598,0.0,2024-01-02,signup,3,107.16210715591713,9,False,HFXYUQNTLQ,1,group1
2601,0.0,2024-01-18,signup,5,101.91554528174132,1,False,THQLDCDOYN,5,group1
2608,1.0,2024-01-24,signup,8,97.88801031387962,1,False,NYXKVXPFGQ,13,group1
2610,1.0,2024-01-16,signup,4,92.0049098203156,4,True,ITILLUTWLQ,13,group1
2616,0.0,2024-01-01,signup,2,118.2154008907618,9,True,ZSMCILPIZB,3,group1
2617,0.0,2024-01-28,signup,5,97.12372009514762,1,True,FQQOKOQQXL,9,group1
2623,1.0,2024-01-10,signup,10,93.43903627203773,1,True,OQLPHQVGAL,18,group1
2627,1.0,2024-01-06,signup,4,86.72619213082143,3,True,ESEIFXIOPR,22,group1
2628,0.0,2024-01-30,signup,2,108.18753107133378,2,False,NKVSFPUMAW,9,group1
2629,0.0,2024-01-17,signup,5,117.96698790802309,6,False,DAKDGKNZUT,5,group1
2630,1.0,2024-01-05,signup,5,112.765984703974,6,True,SXWABXPLOD,14,group1
2637,1.0,2024-01-05,signup,6,88.62340938987734,6,False,NZSZCIKOEJ,5,group1
2640,0.0,2024-01-11,signup,8,95.08881734931754,8,False,KQJYZLHSZY,14,group1
2641,0.0,2024-01-11,signup,6,104.82876149998606,9,False,SVBIVGRYQT,14,group1
2644,0.0,2024-01-08,signup,9,91.58696156481425,3,False,VBMYIHESMS,10,group1
2662,0.0,2024-01-09,signup,5,101.04907462419054,5,True,RLZJITABBI,7,group1
2667,1.0,2024-01-27,signup,5,104.8596589101648,8,False,VNSLPNXZIC,14,group1
2668,1.0,2024-01-27,signup,6,91.48448909304224,3,False,XWPFZBHOHQ,15,group1
2669,0.0,2024-01-20,signup,6,90.14824740898264,2,True,HWAUMSYTNP,3,group1
2673,0.0,2024-01-26,signup,8,103.61339766444075,5,True,QKSEUMUXAZ,1,group1
2674,1.0,2024-01-17,signup,2,101.1550645568369,9,False,DLGWZPMZYG,5,group1
2678,0.0,2024-01-22,signup,4,105.12257680241446,4,False,IGBRAEXVGD,19,group1
2679,1.0,2024-01-04,signup,5,118.30510354964896,1,False,NQDCKDPFQX,19,group1
2688,0.0,2024-01-14,signup,4,79.38135176929912,2,True,HRNRQWROFT,2,group1
2692,0.0,2024-01-25,signup,1,110.45282381281216,5,True,IVAVSZAISB,6,group1
2693,0.0,2024-01-29,signup,3,105.97279572762235,8,True,BSMKYLHCBL,19,group1
2698,1.0,2024-01-17,signup,2,101.74471132755777,2,False,EGHPUZPFSD,11,group1
2704,1.0,2024-01-11,signup,5,118.82937339341528,2,False,CVXWXWYATY,10,group1
2707,0.0,2024-01-30,signup,5,101.96381617365851,3,True,RQIKBVPREN,6,group1
2714,0.0,2024-01-31,signup,5,99.34807125388026,5,True,OKPISHLZCY,1,group1
2720,1.0,2024-01-10,signup,5,110.64328824659576,9,True,ZVQUHIHGMV,10,group1
2721,1.0,2024-01-06,signup,6,91.98876224680396,2,True,HDEGVLLLJR,12,group1
2723,0.0,2024-01-12,signup,6,100.55960760592446,8,True,JGVFNTNHBN,6,group1
2728,0.0,2024-01-18,signup,4,89.69490985130015,8,True,RTGBEMFZNO,5,group1
2729,0.0,2024-01-02,signup,5,102.151976008609,9,True,IPQMFUFNXZ,2,group1
2730,1.0,2024-01-16,signup,6,93.04072811314192,8,False,BPFAREWMBX,14,group1
2734,1.0,2024-01-01,signup,7,89.09458563934804,5,False,JWWHQFSIOQ,12,group1
2735,1.0,2024-01-11,signup,8,101.9101636570316,2,True,QXURHZYNNR,13,group1
2739,0.0,2024-01-18,signup,7,115.2527275163732,2,True,AXKEWVWUZT,1,group1
2740,0.0,2024-01-30,signup,5,97.60692727462806,7,False,FXNMMBBZEK,9,group1
2745,1.0,2024-01-26,signup,5,100.02550828652534,4,True,EPBNHAVGYI,20,group1
2747,0.0,2024-01-15,signup,5,81.47732007821847,2,True,CXXQLRLVKZ,3,group1
2751,1.0,2024-01-21,signup,1,96.14457916162893,3,True,EMZMTQXQMY,12,group1
2753,0.0,2024-01-02,signup,5,92.7129966933165,7,True,LDDQHGQDXK,1,group1
2758,1.0,2024-01-06,signup,6,91.59737298436374,5,True,EKIIBQYDWR,17,group1
2763,0.0,2024-01-30,signup,5,97.39563592729522,1,False,SGHPHRPZRR,9,group1
2771,0.0,2024-01-18,signup,5,93.45160870655371,7,False,QHYPKQEXOI,2,group1
2784,1.0,2024-01-17,signup,8,102.92195906148496,4,True,EAGKRTIJYN,20,group1
2787,0.0,2024-01-03,signup,5,110.0637644417879,9,True,SYFYYORJXC,14,group1
2804,1.0,2024-01-21,signup,7,86.59150606109023,3,False,VARKGSYEIV,8,group1
2807,0.0,2024-01-10,signup,5,112.59404482008824,7,False,UWLCCXVHKH,2,group1
2817,0.0,2024-01-28,signup,3,100.63559617876832,8,True,CEEADFHMTM,5,group1
2818,0.0,2024-01-13,signup,2,87.8838663570403,8,False,IPCMKAZHQO,6,group1
2824,0.0,2024-01-18,signup,4,88.32505478580195,4,False,TOSQZZOGEP,2,group1
2829,0.0,2024-01-25,signup,4,99.52370833112556,9,False,ULJKQWIGKR,2,group1
2831,1.0,2024-01-22,signup,3,114.79068255848868,5,False,VDTSJQOFMT,4,group1
2832,0.0,2024-01-31,signup,2,90.52434398054272,7,False,BVHHYVZTZJ,8,group1
2833,0.0,2024-01-15,signup,4,109.1375481965349,3,True,WIMPZBVRJC,3,group1
2850,1.0,2024-01-02,signup,8,98.42817469579974,7,False,XKBFTSCXBX,20,group1
2857,0.0,2024-01-22,signup,2,85.7458894694905,6,True,TKXEPUZMSX,2,group1
2859,0.0,2024-01-28,signup,4,78.19388344939983,4,False,YVEOZFKCYR,6,group1
2867,1.0,2024-01-04,signup,2,82.33081009755716,9,True,ODOUQKUGNG,15,group1
2870,1.0,2024-01-29,signup,3,115.90181799243815,5,True,JVIHQMSTQG,14,group1
2871,1.0,2024-01-16,signup,3,99.1619037603903,4,True,TFWLENSXYX,14,group1
2872,1.0,2024-01-28,signup,2,100.76218216751128,4,True,FSSBPGPGSY,5,group1
2875,0.0,2024-01-24,signup,5,120.18426879368552,3,False,BTZVDYPLSV,1,group1
2876,0.0,2024-01-02,signup,1,73.19441897296262,1,True,FJERSAZJID,3,group1
2877,0.0,2024-01-28,signup,5,114.86382842121344,8,False,BSUAPJSXPG,4,group1
2879,0.0,2024-01-14,signup,6,101.3635504499632,1,True,GALYZDOXKT,10,group1
2880,0.0,2024-01-03,signup,3,119.55653253313815,3,True,QHLPTTFQSQ,4,group1
2882,0.0,2024-01-28,signup,5,89.18410540081979,6,True,NPCZCIICRR,3,group1
2883,0.0,2024-01-23,signup,6,102.52742903943606,6,True,OXJINXAQDT,7,group1
2886,1.0,2024-01-31,signup,3,86.99446414274215,8,False,SOECBZQBCV,14,group1
2887,0.0,2024-01-01,signup,6,99.40241856747186,6,True,CGZYPVGZLK,3,group1
2890,0.0,2024-01-09,signup,4,100.1715910130813,5,False,ZMZLRWNECU,18,group1
2892,1.0,2024-01-14,signup,6,91.11171018963132,3,True,LFTQPAOKJR,13,group1
2896,1.0,2024-01-23,signup,3,95.04963494176955,2,True,ILWTLFFGTI,13,group1
2898,0.0,2024-01-27,signup,9,101.383011509124,2,False,ZGGYEKIYWW,12,group1
2903,0.0,2024-01-03,signup,2,99.31756336417448,9,True,ABTSQBEZQR,3,group1
2911,0.0,2024-01-19,signup,2,106.59015841705666,7,False,HBHQOERLHE,8,group1
2914,0.0,2024-01-26,signup,3,105.77400177423026,3,False,UGTGZOCELN,1,group1
2916,1.0,2024-01-21,signup,6,95.4955745001949,7,True,ZXPGXOJPPY,14,group1
2918,0.0,2024-01-16,signup,6,107.45255831638023,7,True,PPMSMLRXLF,3,group1
2919,0.0,2024-01-19,signup,9,91.77666702990427,3,False,RBKADVAFUZ,1,group1
2920,0.0,2024-01-25,signup,2,100.7991484992186,5,True,QRPYYNENMY,1,group1
2922,1.0,2024-01-07,signup,6,100.6272059988554,2,True,KYMVGSKAEN,23,group1
2923,0.0,2024-01-05,signup,4,102.64036779731988,8,True,VWPTBVEGYT,17,group1
2924,0.0,2024-01-23,signup,6,92.94417001196972,8,False,WSTDBZCCQO,14,group1
2925,1.0,2024-01-11,signup,8,108.7518770717544,8,False,ZLMQOCTINW,5,group1
2934,1.0,2024-01-01,signup,1,104.3296826495658,5,True,FBXLHSNMCU,17,group1
2940,0.0,2024-01-27,signup,6,90.80714733877754,8,False,AVOZVAAWCN,3,group1
2953,0.0,2024-01-29,signup,5,100.2372538919454,5,True,URVRLHCXGT,5,group1
2956,1.0,2024-01-26,signup,5,109.08894521825444,7,False,OHQWTZWVRW,4,group1
2958,0.0,2024-01-12,signup,3,103.00903498427188,1,True,SQVWDWVAXV,1,group1
2971,0.0,2024-01-21,signup,3,98.64912296535284,1,False,JAZUUCNIJT,10,group1
2973,1.0,2024-01-01,signup,11,91.17349357204228,9,False,PUWUWIIWJT,15,group1
2977,0.0,2024-01-08,signup,2,85.73999963813542,3,False,MWVQZIZJTI,1,group1
2983,1.0,2024-01-06,signup,2,96.66550293482558,8,False,GSXAXVUFOM,19,group1
2986,0.0,2024-01-23,signup,5,110.29399380706975,5,True,JRAIOGTSDO,6,group1
2987,1.0,2024-01-08,signup,5,104.28183821791252,9,True,AFDIUPZXKT,16,group1
2990,0.0,2024-01-22,signup,8,86.24336944967415,8,True,IBQSDBFJZE,2,group1
2997,0.0,2024-01-20,signup,8,109.40977464146916,8,True,EBWZYCKBBB,5,group1
2998,0.0,2024-01-14,signup,7,109.0627641067896,2,False,RFTSZVCCAS,9,group1
3000,1.0,2024-01-26,signup,4,96.83913760585386,3,False,HXREICAIYJ,9,group1
3003,1.0,2024-01-30,signup,2,92.0067689836776,2,False,CSSGPUDVIM,15,group1
3008,1.0,2024-01-02,signup,3,111.68611132755314,8,True,GLBNJIRCHJ,7,group1
3009,0.0,2024-01-16,signup,6,85.13851113405975,5,True,SKPAAAULAC,1,group1
3012,0.0,2024-01-23,signup,5,104.84135705721204,3,False,FYJKKYYAPR,7,group1
3014,1.0,2024-01-16,signup,4,96.12162076691452,4,False,QUJXZSIFRN,6,group1
3017,0.0,2024-01-15,signup,1,111.282034999278,1,True,KVVQFAEPLW,9,group1
3020,0.0,2024-01-29,signup,6,103.70767023471588,8,False,PTERBBHFXL,1,group1
3023,0.0,2024-01-05,signup,1,104.89528563729051,7,True,WUFPIDMRKY,6,group1
3024,0.0,2024-01-24,signup,4,100.36533149968666,1,False,FAGHXBDLTV,1,group1
3028,1.0,2024-01-26,signup,6,100.2111846971536,5,False,YWAFEAPTQI,15,group1
3031,0.0,2024-01-02,signup,5,95.6414769761016,9,False,XPMFZVVPXN,4,group1
3032,1.0,2024-01-25,signup,7,97.33002115828243,9,True,QCQNHNMDPA,22,group1
3034,0.0,2024-01-08,signup,5,102.0020266672205,5,False,VLZPJZILVL,3,group1
3036,0.0,2024-01-19,signup,2,105.76559565606252,2,True,HLCCNLSQMQ,10,group1
3038,0.0,2024-01-30,signup,3,86.73673786724059,6,False,ZLPMBFEXTX,4,group1
3040,0.0,2024-01-22,signup,5,107.3154407588496,8,True,KLHQXTEKPP,2,group1
3042,0.0,2024-01-23,signup,6,106.30763837648912,8,False,SBBBEDYHCI,3,group1
3044,1.0,2024-01-17,signup,5,96.42087272777844,7,True,AOVNSAMSSC,10,group1
3045,1.0,2024-01-03,signup,3,98.0644438983042,4,True,GLWOXGBVRO,17,group1
3049,0.0,2024-01-04,signup,5,100.73046494529062,2,False,URCHJWNPVK,2,group1
3050,0.0,2024-01-17,signup,4,104.6502700712076,7,True,WYVXJIWYFC,12,group1
3053,0.0,2024-01-21,signup,8,107.74220942474318,3,True,XJSTKQNVOV,1,group1
3060,0.0,2024-01-02,signup,4,96.81116382431637,9,True,AGVKVNBNXN,7,group1
3064,1.0,2024-01-29,signup,5,100.3691601405804,9,True,LCIDNGXIPX,23,group1
3065,0.0,2024-01-10,signup,6,93.079838869758,8,False,WVEJRCAFIK,1,group1
3069,1.0,2024-01-31,signup,7,110.00194711150304,1,True,HRVENXNVQF,9,group1
3078,0.0,2024-01-16,signup,6,100.62835565824282,8,True,WUUEOSAGWD,5,group1
3083,1.0,2024-01-09,signup,8,88.90858258613284,7,False,EKMJOCJXOU,13,group1
3092,0.0,2024-01-25,signup,7,104.58206598654148,1,False,IODVZQOYDV,3,group1
3094,0.0,2024-01-13,signup,6,105.6466191343906,7,False,LAOEQTDSSG,1,group1
3097,0.0,2024-01-27,signup,5,89.49390332357774,4,True,OQIMDNCSYS,7,group1
3103,0.0,2024-01-05,signup,6,102.82319015715504,2,True,CXXPPNMNPH,5,group1
3106,1.0,2024-01-13,signup,8,109.18697781131324,3,True,ANOEFYIWKP,26,group1
3114,0.0,2024-01-11,signup,7,106.58995878642703,2,False,BLPBCNIBEU,4,group1
3117,0.0,2024-01-27,signup,8,90.98735102284074,7,True,QJSGCYMHTY,1,group1
3118,0.0,2024-01-28,signup,7,102.46260398894157,5,True,JIVFWLYYKT,20,group1
3119,0.0,2024-01-01,signup,6,90.25783516325605,4,False,XRYYIPMYJL,13,group1
3120,0.0,2024-01-21,signup,5,80.80388689885339,3,False,YWZYSMFYQC,5,group1
3124,1.0,2024-01-01,signup,6,100.88034275830368,8,False,MCZWEFUHJV,21,group1
3129,1.0,2024-01-09,signup,7,90.0772268460544,7,True,RXCRLMTNUZ,9,group1
3133,1.0,2024-01-24,signup,3,105.91817916892704,5,True,VLYTSSYJUK,15,group1
3135,1.0,2024-01-11,signup,3,94.76951827249212,7,True,TCGQXEIWNJ,15,group1
3136,1.0,2024-01-01,signup,3,97.78695907376624,9,False,VFOTWYAXYQ,16,group1
3137,1.0,2024-01-20,signup,5,104.6493617717427,2,True,BIOPNRCSEL,7,group1
3138,1.0,2024-01-25,signup,7,93.96817254446488,2,True,ITTSVDBGAQ,7,group1
3144,0.0,2024-01-10,signup,5,102.55562618924516,7,True,TBOHVHBVHZ,1,group1
3146,1.0,2024-01-15,signup,8,95.68914732902932,8,False,KITDWIZCHC,11,group1
3147,1.0,2024-01-19,signup,5,121.12726923459633,9,False,DZRUVRWOYK,12,group1
3158,1.0,2024-01-31,signup,5,103.14108215748884,2,True,DJRJKEBERP,16,group1
3171,0.0,2024-01-31,signup,5,109.35258383947895,2,True,WMBULRRBFC,2,group1
3173,0.0,2024-01-10,signup,4,107.69343582658932,4,True,BBPYZBLGJF,3,group1
3177,1.0,2024-01-16,signup,5,78.19003761717812,6,True,BYALBNXSUG,25,group1
3188,1.0,2024-01-14,signup,3,106.55053523505094,6,False,UVOOKLHPPX,22,group1
3191,1.0,2024-01-13,signup,2,111.9460634667442,3,False,VLDOXNOAHL,11,group1
3195,1.0,2024-01-06,signup,7,94.29324373934952,7,False,SMQAFHAXDA,12,group1
3198,0.0,2024-01-04,signup,2,82.2136374625537,8,False,,2,group1
3200,1.0,2024-01-31,signup,6,90.4779401918588,4,False,BVNPQZEVLA,19,group1
3209,1.0,2024-01-12,signup,7,91.9215638923226,8,False,QSRUSYPHID,15,group1
3214,0.0,2024-01-27,signup,5,110.63506094530246,2,True,HIYCCDTRVC,4,group1
3215,0.0,2024-01-18,signup,6,111.76882041373604,4,False,USMNUCWHSH,1,group1
3216,0.0,2024-01-23,signup,5,114.41964977937778,4,True,VYQEGSTUJU,1,group1
3221,0.0,2024-01-31,signup,4,98.20514626895876,8,True,PGXFDSOMVK,1,group1
3224,0.0,2024-01-31,signup,2,97.81817324147796,2,True,OBCLJNYPMQ,6,group1
3231,1.0,2024-01-13,signup,6,97.2025912934596,5,False,OZDUYCSGQQ,11,group1
3234,0.0,2024-01-01,signup,4,134.56908131440267,4,False,TGCRFBYXAV,12,group1
3258,0.0,2024-01-28,signup,5,93.58161996673373,6,False,LISVPCGTBE,7,group1
3260,0.0,2024-01-29,signup,9,112.91638677054206,9,True,ALLOPYHURT,1,group1
3262,0.0,2024-01-23,signup,6,98.86125118436092,9,True,XCJETCTITO,9,group1
3266,0.0,2024-01-03,signup,4,88.72190014032975,7,False,RPUXZPTFEA,6,group1
3267,1.0,2024-01-28,signup,6,108.68002543418098,5,True,STXPGPIRVM,15,group1
3268,1.0,2024-01-01,signup,5,116.91496564711431,2,True,BKPPEAYDFC,33,group1
3270,0.0,2024-01-03,signup,4,94.15707751126014,4,False,KYCOUTOJNW,3,group1
3271,0.0,2024-01-05,signup,7,100.45852153551684,5,False,UZCBTDSYBG,8,group1
3272,1.0,2024-01-25,signup,8,112.45604891374435,3,True,IEGWQOTQLP,13,group1
3277,0.0,2024-01-25,signup,5,79.75678467347971,7,True,FSKYRENSPU,17,group1
3278,0.0,2024-01-16,signup,5,108.15491135955604,9,True,RXDXXBXPRD,4,group1
3282,1.0,2024-01-28,signup,6,110.6993995810181,6,True,LNPJIORHRL,23,group1
3284,0.0,2024-01-27,signup,1,99.7509892963698,8,False,CIZVFVPDDC,5,group1
3285,0.0,2024-01-14,signup,5,88.0336304422732,3,False,NVROWWDEBX,1,group1
3286,0.0,2024-01-10,signup,3,88.17472881154376,7,True,VUTPHFUBUJ,1,group1
3296,1.0,2024-01-27,signup,5,99.8976220781795,8,True,TBZQLVKYBF,7,group1
3305,0.0,2024-01-17,signup,5,106.4860035829732,4,True,LBAUOECLYS,23,group1
3321,0.0,2024-01-14,signup,5,99.57856325421324,9,True,QANXPOJXMW,6,group1
3323,1.0,2024-01-21,signup,5,131.4580075471104,9,False,LRZASXUMKT,12,group1
3325,1.0,2024-01-25,signup,3,91.09544541121646,8,True,OJDTLFZSRZ,17,group1
3326,1.0,2024-01-17,signup,7,109.27483050238553,6,False,RYKPGVCXBA,26,group1
3331,1.0,2024-01-26,signup,5,120.7239911538225,6,True,HTGSXPQULO,12,group1
3334,1.0,2024-01-29,signup,5,100.5823955645464,8,False,VQXJSTIGGA,15,group1
3350,0.0,2024-01-12,signup,4,116.6838349054621,3,False,OEJXQWSOJN,5,group1
3356,1.0,2024-01-18,signup,9,86.14653995259603,7,True,BLIOFLRGFP,14,group1
3363,0.0,2024-01-20,signup,3,98.05059765808394,7,False,OMOGDOFUDQ,3,group1
3369,1.0,2024-01-01,signup,6,94.96434002174958,2,True,KUFBVMQIRE,13,group1
3373,1.0,2024-01-19,signup,4,94.9388116426912,6,True,XVIYJBRRJE,9,group1
3374,1.0,2024-01-30,signup,7,84.97696867171771,5,False,VKTDAARAJW,20,group1
3382,0.0,2024-01-04,signup,3,101.62038700194512,2,True,IHGRLMKEYX,5,group1
3384,0.0,2024-01-17,signup,5,90.07810390778748,6,True,EBXDUNOSNI,8,group1
3385,1.0,2024-01-30,signup,10,94.7055419861617,6,False,ZTCCCBRXLY,10,group1
3389,1.0,2024-01-24,signup,5,97.02535778623576,7,True,YAEVFPSRXX,8,group1
3392,1.0,2024-01-07,signup,0,97.04072080495456,9,False,TZFXDEZAIO,8,group1
3393,0.0,2024-01-16,signup,4,100.09958486180786,1,False,FVMEFVCIYN,7,group1
3398,0.0,2024-01-11,signup,5,104.3711357879848,5,True,OJYRJJXYJD,10,group1
3409,0.0,2024-01-02,signup,6,119.5772783584039,5,False,UGJNOFWVVX,14,group1
3410,0.0,2024-01-04,signup,4,106.98654716479123,7,True,VUHSWNMGHH,6,group1
3414,1.0,2024-01-03,signup,3,89.51094529489578,1,False,GDHKLCOAZU,7,group1
3415,1.0,2024-01-04,signup,4,98.40474052508712,4,True,TOWYEVPYHY,16,group1
3422,1.0,2024-01-11,signup,6,109.2513402386809,7,False,CFVVVSWJEO,11,group1
3424,1.0,2024-01-14,signup,5,90.3390329334143,5,True,MLOSPEFBIA,10,group1
3425,1.0,2024-01-21,signup,7,97.6628097584909,1,True,HQMHSACEPR,21,group1
3429,1.0,2024-01-21,signup,4,91.74878618075132,4,True,CIGRZGAIZE,8,group1
3439,1.0,2024-01-10,signup,2,89.24817956801407,2,False,YJBGPEDKZH,13,group1
3440,0.0,2024-01-29,signup,4,104.21193907166844,5,False,ZQFLBOXLGI,3,group1
3448,1.0,2024-01-16,signup,6,92.39540701953304,2,True,AKJLYQPNXV,9,group1
3453,0.0,2024-01-04,signup,0,95.77900083789444,8,False,CCQBOPRSCA,3,group1
3461,0.0,2024-01-15,signup,5,104.49738737694604,7,True,LWPKLICTCR,1,group1
3462,1.0,2024-01-05,signup,5,104.42366667105004,7,False,ATZJUIKWHH,19,group1
3463,1.0,2024-01-13,signup,6,94.32302932297296,9,False,GBKUHJVHUS,22,group1
3470,0.0,2024-01-14,signup,6,98.91393517652216,1,True,TNGXBLJHQZ,2,group1
3478,0.0,2024-01-16,signup,4,108.9812942831621,1,False,WZRNPUPQIO,2,group1
3479,0.0,2024-01-30,signup,3,117.54446481887626,3,False,KPJFKYPJXI,2,group1
3483,1.0,2024-01-24,signup,8,100.68387204717956,9,False,KRZDOUFYVV,13,group1
3485,1.0,2024-01-03,signup,5,82.13321184253576,4,True,FWEZGMZAIE,11,group1
3491,1.0,2024-01-05,signup,5,99.8839485746523,4,False,QPAYSXVIMF,18,group1
3495,0.0,2024-01-06,signup,9,98.91721467065292,2,True,HPUNZBRNVF,13,group1
3496,1.0,2024-01-30,signup,1,102.06137391069672,9,True,CDJQTAQOWJ,6,group1
3499,1.0,2024-01-11,signup,2,100.28022809483036,1,False,KKVIMRXGKV,12,group1
3504,1.0,2024-01-09,signup,7,86.83334066434438,2,True,QPWQRDXMTU,4,group1
3515,1.0,2024-01-10,signup,6,107.62681568227023,8,False,YXUNPEIVKR,20,group1
3518,0.0,2024-01-19,signup,8,97.85763876856409,7,False,CNZYDETMTH,1,group1
3523,0.0,2024-01-31,signup,6,111.93286734512186,4,False,RVENOBWFUR,1,group1
3532,0.0,2024-01-17,signup,2,100.86829051673952,9,True,PPYTVAGSTV,6,group1
3538,1.0,2024-01-11,signup,8,102.02163774033868,7,True,GKYCYOPUND,8,group1
3542,0.0,2024-01-16,signup,9,73.6211503903964,6,False,VTTOIIOXSX,3,group1
3544,1.0,2024-01-05,signup,1,95.77310284874264,6,False,RNPSUXOQQS,15,group1
3546,0.0,2024-01-23,signup,5,104.2003054731855,7,True,ZQKSVRDHFS,2,group1
3548,0.0,2024-01-04,signup,9,102.12262149148656,8,True,EJQXKRGXCK,2,group1
3554,0.0,2024-01-12,signup,6,109.80987142279167,2,True,YRVBVHQFCF,3,group1
3564,0.0,2024-01-25,signup,15,95.72760523504928,8,False,VBZKNCFPBU,1,group1
3570,0.0,2024-01-06,signup,4,112.12911864667818,9,True,IHGBKFZDVF,3,group1
3571,1.0,2024-01-25,signup,3,100.13973227847664,7,True,IQSELTGQOP,7,group1
3572,1.0,2024-01-30,signup,7,104.14248055631498,4,False,PEYTMIAACZ,21,group1
3575,0.0,2024-01-07,signup,7,95.24410499058092,4,False,HILSPTSIYF,2,group1
3579,0.0,2024-01-24,signup,8,119.06930170171076,4,False,YKSZGXGEHF,4,group1
3584,0.0,2024-01-17,signup,3,88.87344146229309,7,True,KJGJQLCEQL,2,group1
3596,0.0,2024-01-12,signup,8,83.75507879518733,6,False,HYENOYJEZK,7,group1
3603,0.0,2024-01-13,signup,5,116.72888603440845,8,True,VQDJFCGZCG,1,group1
3611,0.0,2024-01-23,signup,6,105.17062752974084,5,True,ZCKJHCTUBT,5,group1
3613,1.0,2024-01-26,signup,6,94.48737103344696,2,False,ZNTAATCTJF,14,group1
3615,0.0,2024-01-12,signup,7,93.65303103887844,8,False,NMZITKJSLL,3,group1
3621,0.0,2024-01-29,signup,4,85.07503774407887,7,False,GWVOMKMNVV,3,group1
3622,0.0,2024-01-13,signup,7,101.97599436697784,9,False,WBLJCWRVNA,6,group1
3624,0.0,2024-01-30,signup,1,84.79435791139147,6,False,DDUUCIWXSX,10,group1
3625,0.0,2024-01-23,signup,8,101.14748737155298,2,True,JFSDTHYUTZ,2,group1
3628,1.0,2024-01-28,signup,6,93.34829762576688,4,True,VBLGHLMEVE,9,group1
3631,0.0,2024-01-12,signup,9,98.24108732190152,6,True,LMCSWAJNEV,8,group1
3638,0.0,2024-01-03,signup,4,104.82154810168942,5,True,CKBWQKSODK,2,group1
3641,1.0,2024-01-25,signup,3,88.71282015498969,5,True,LXDOIEJMIM,21,group1
3647,0.0,2024-01-28,signup,6,109.69478503484066,8,True,LLHHSYSBZZ,1,group1
3651,0.0,2024-01-03,signup,8,91.45983456904796,6,True,ODTTYNSMBK,5,group1
3652,1.0,2024-01-14,signup,3,125.0253948710932,4,False,FZWEUIYHNH,10,group1
3655,0.0,2024-01-25,signup,5,100.1137926982014,2,False,EJCNCXBOPW,2,group1
3661,1.0,2024-01-09,signup,5,98.47424459322076,6,True,XOHIXWNCPL,15,group1
3672,1.0,2024-01-22,signup,5,85.14293994549399,6,False,ZIKWQWOVRZ,12,group1
3675,0.0,2024-01-19,signup,2,94.3004600051536,8,False,CELUJDWQTL,4,group1
3677,0.0,2024-01-04,signup,8,100.82659181301538,7,True,FOEOLZOFZT,7,group1
3678,1.0,2024-01-10,signup,6,94.44960107735318,7,False,HNCSCUVACM,9,group1
3679,0.0,2024-01-27,signup,5,99.36814310296089,6,True,VMENIJZZYY,1,group1
3682,1.0,2024-01-13,signup,1,98.2279840712084,7,True,KGQIZKUYSQ,8,group1
3692,1.0,2024-01-03,signup,3,94.71483520301295,6,True,NHFILXCBHZ,16,group1
3693,0.0,2024-01-08,signup,6,103.78359444774928,4,True,YHAIDNMWLX,14,group1
3695,0.0,2024-01-04,signup,3,118.20873978619022,7,True,VUNWIDSOJT,3,group1
3702,0.0,2024-01-25,signup,4,120.7111721669474,3,True,ZLRFTHZWTP,1,group1
3703,1.0,2024-01-12,signup,5,86.37246193177614,8,False,SLLWYATCAI,7,group1
3705,1.0,2024-01-03,signup,6,114.1808671397011,2,True,QYSDSNGYBS,15,group1
3707,0.0,2024-01-26,signup,1,107.05782335998204,3,True,XPKYEUTLCU,9,group1
3711,1.0,2024-01-12,signup,4,111.47624976826316,4,True,GWAFNZUXER,15,group1
3713,1.0,2024-01-15,signup,1,105.78223117151047,7,True,BJBCDMUDAU,15,group1
3717,0.0,2024-01-06,signup,6,100.80550052421164,3,True,UZNPIVTKAE,1,group1
3721,1.0,2024-01-24,signup,5,102.19391028982794,6,True,EMBHQMSGGF,18,group1
3722,1.0,2024-01-13,signup,4,88.0056843564024,7,False,ZGBEOYTVOQ,17,group1
3724,0.0,2024-01-07,signup,7,95.13017322006242,1,False,EMMIOPZNWO,10,group1
3726,0.0,2024-01-23,signup,5,117.51059746573792,2,True,OLYCSRHMYR,10,group1
3729,1.0,2024-01-26,signup,4,95.8434414395831,5,False,DGTXJMGFUU,10,group1
3730,0.0,2024-01-04,signup,5,110.71241411772638,3,False,PYCJHXCSHI,2,group1
3734,0.0,2024-01-23,signup,1,97.34033001323832,3,True,QUDZNUWIGL,2,group1
3735,0.0,2024-01-27,signup,1,99.41253994816712,6,True,TCXYHIZXND,1,group1
3736,1.0,2024-01-11,signup,6,96.11910758741138,8,True,XMLOSUAWEN,10,group1
3743,0.0,2024-01-25,signup,3,86.55054906166026,4,False,FBGNHJCVCB,2,group1
3747,0.0,2024-01-29,signup,7,102.88170166158176,1,True,MQAVKEKNGF,7,group1
3749,1.0,2024-01-07,signup,9,120.2916713298132,6,False,ISAVQQSOWP,14,group1
3765,0.0,2024-01-07,signup,8,97.2490872055506,9,False,XEJQVAJUEY,2,group1
3768,0.0,2024-01-13,signup,4,93.44286648525971,7,False,QGJPGEOMMY,2,group1
3770,1.0,2024-01-02,signup,6,94.22947141214412,8,True,LBVOYBXDPV,10,group1
3791,0.0,2024-01-19,signup,8,86.89373313680146,5,True,DWQGOSXCCE,4,group1
3792,1.0,2024-01-16,signup,3,113.29060339863732,2,False,QTCOWPJDOZ,19,group1
3794,0.0,2024-01-01,signup,4,97.08598704013032,8,True,TFSGVRKGOZ,2,group1
3795,1.0,2024-01-05,signup,6,104.0813693660433,3,False,WMZVZJRLDV,6,group1
3809,0.0,2024-01-15,signup,4,102.41225820185566,5,True,HXGOWEJBDG,1,group1
3815,1.0,2024-01-08,signup,2,95.18236725842362,1,True,DSMDIAUJLE,12,group1
3817,1.0,2024-01-10,signup,7,100.49775017764668,8,False,WTCRSSFHHW,15,group1
3822,1.0,2024-01-09,signup,3,97.13155137042428,8,False,BDSHYGTJZZ,23,group1
3827,0.0,2024-01-30,signup,5,108.52359347509332,1,False,WMYSOCTNLN,9,group1
3828,1.0,2024-01-08,signup,5,98.16367332229578,5,False,GXWCPZVDHC,14,group1
3831,1.0,2024-01-30,signup,9,103.53009375418836,6,True,UEFLVYDCSU,4,group1
3836,1.0,2024-01-26,signup,4,107.04001529540108,3,False,LVNGRTKBEU,17,group1
3839,1.0,2024-01-13,signup,12,116.5029293248607,2,True,IANHMSKHXJ,9,group1
3841,0.0,2024-01-20,signup,4,83.78689843046253,8,True,GRUOPWQOYV,6,group1
3842,0.0,2024-01-14,signup,5,96.58942014034818,5,True,HSOLKWCTHI,1,group1
3851,0.0,2024-01-17,signup,6,92.33048097987464,3,True,GDDXICGHEH,20,group1
3853,1.0,2024-01-13,signup,5,97.13724589957576,4,False,RVMVGHFUCU,16,group1
3854,1.0,2024-01-24,signup,7,94.899253201034,2,False,ZDUWKBAHTW,15,group1
3855,0.0,2024-01-24,signup,4,108.96755324715568,6,False,JQJJBJRGPP,3,group1
3857,1.0,2024-01-23,signup,5,105.58017067627488,5,False,HOIBWAKOLD,11,group1
3862,0.0,2024-01-21,signup,6,102.19382614842912,5,True,BJABGDADPB,7,group1
3863,0.0,2024-01-12,signup,2,92.80986714101496,6,True,GXEFOLHTPO,1,group1
3864,0.0,2024-01-23,signup,6,91.53702110602052,6,True,VOSPJOFGNR,13,group1
3866,0.0,2024-01-25,signup,4,94.28306679090424,4,True,GWEMHRLVWN,1,group1
3876,0.0,2024-01-06,signup,5,96.44562969731894,6,True,CYBJFLAPBI,3,group1
3877,1.0,2024-01-08,signup,8,82.54537959083393,9,True,VCNKGSMDCS,14,group1
3885,1.0,2024-01-27,signup,4,90.71017730095308,8,True,GQKGIDELOD,8,group1
3887,1.0,2024-01-24,signup,5,102.69460855797185,8,True,NJATAEIJUD,6,group1
3890,1.0,2024-01-24,signup,6,99.2068022579532,9,True,OEMDTFORCZ,15,group1
3899,1.0,2024-01-16,signup,4,99.0154026107729,8,True,ZUYVBMHCBS,9,group1
3900,0.0,2024-01-15,signup,5,89.18386474787914,1,False,UKTNYHZETE,1,group1
3906,1.0,2024-01-19,signup,9,94.32948883858498,2,True,RDYHYXSXXN,13,group1
3907,0.0,2024-01-08,signup,6,109.27720197804528,5,True,RLTRZMENQZ,2,group1
3908,1.0,2024-01-24,signup,2,94.6418577024885,5,True,BAEFLAWBAC,16,group1
3911,0.0,2024-01-05,signup,6,113.69786866185856,1,False,OQRFLSESKS,5,group1
3912,0.0,2024-01-18,signup,2,104.12149889858956,9,False,JDFCCVVXIH,1,group1
3919,1.0,2024-01-31,signup,3,96.9839127578808,1,False,VZEWEVCVSO,16,group1
3921,0.0,2024-01-11,signup,9,121.89528627022352,3,False,LFOFQGPAZR,3,group1
3927,1.0,2024-01-15,signup,3,90.87173914254645,6,False,UBPLNTHUZX,9,group1
3928,1.0,2024-01-25,signup,5,86.84104738356841,7,False,YZKWCMVGVO,11,group1
3938,0.0,2024-01-11,signup,7,102.95850998069491,4,True,COCWCZCONN,5,group1
3948,0.0,2024-01-11,signup,4,101.72117699692504,5,False,BMQGCCZBEB,1,group1
3954,0.0,2024-01-17,signup,6,95.258689273818,3,True,BZSPGCIHEB,2,group1
3958,0.0,2024-01-07,signup,2,109.22517544829194,9,False,XFZRAHQYZT,1,group1
3964,0.0,2024-01-09,signup,4,111.81868800654972,3,True,CWDPPGXZCV,6,group1
3967,0.0,2024-01-09,signup,1,116.76578552524911,8,False,MQLWZAUPFM,6,group1
3971,1.0,2024-01-03,signup,1,82.04074657199386,5,False,LCPVQHWXGP,8,group1
3974,0.0,2024-01-19,signup,3,97.62243600882486,6,False,LHTJMPCUTS,3,group1
3977,1.0,2024-01-07,signup,5,108.6547352770661,2,False,IENDWPLOWC,7,group1
3979,0.0,2024-01-07,signup,5,88.33529772121648,3,True,WDCVWVFQAL,2,group1
3982,0.0,2024-01-13,signup,4,103.89712201221349,7,True,PNELBTOBOV,1,group1
3983,0.0,2024-01-03,signup,7,88.89918657774611,5,False,GRFLLGXKFI,1,group1
3989,1.0,2024-01-16,signup,5,79.21591142554671,1,False,IWFLKDLAPJ,10,group1
3995,0.0,2024-01-01,signup,3,93.50234950202676,7,True,BSCHNVVTQI,1,group1
4000,1.0,2024-01-12,signup,3,111.5402885057172,5,False,TUYGXSKAKG,6,group1
4005,0.0,2024-01-18,signup,4,100.87448611392549,8,False,DICEOFHERD,1,group1
4010,0.0,2024-01-14,signup,4,97.9871977728959,4,False,NHFOZRJPHH,3,group1
4015,0.0,2024-01-09,signup,2,86.76130410491868,8,False,SFHIUFVTDB,3,group1
4016,1.0,2024-01-20,signup,4,107.87876644960076,3,True,FKSGHUUQQW,7,group1
4022,1.0,2024-01-19,signup,5,98.88662737861138,3,False,JOMHBVOZBU,15,group1
4024,1.0,2024-01-09,signup,3,116.40576216770997,3,True,MEPQIJCKNY,13,group1
4030,1.0,2024-01-10,signup,4,92.5915640769824,4,False,UVUGCCQAPY,30,group1
4037,1.0,2024-01-10,signup,9,106.10522767346566,1,False,NDLGEQAYOY,9,group1
4038,1.0,2024-01-14,signup,8,98.97010818514256,2,False,MQMFGWOUED,18,group1
4042,0.0,2024-01-29,signup,5,114.06306155255864,9,False,UDVAEYYGKV,1,group1
4047,1.0,2024-01-06,signup,5,97.61866884178384,6,False,BOKAWMIRXF,15,group1
4048,1.0,2024-01-12,signup,7,109.70499481890909,4,False,NBXLXBSLMZ,31,group1
4071,1.0,2024-01-04,signup,5,91.37373019395974,6,True,HQBUKMOFEG,16,group1
4075,1.0,2024-01-04,signup,6,111.79177441602008,5,True,RZUOTNOVKF,22,group1
4076,0.0,2024-01-31,signup,7,99.13112465977784,5,False,KEXKYLQNPR,17,group1
4077,0.0,2024-01-30,signup,5,95.42425633103588,2,False,GBOQQZTFHB,1,group1
4079,0.0,2024-01-29,signup,7,103.48124838242764,8,True,VJERIFVDJQ,1,group1
4088,1.0,2024-01-19,signup,4,104.74587815815876,6,True,ZEVIDAWEUO,10,group1
4096,0.0,2024-01-23,signup,9,98.47013611851844,9,True,VCXQRWUNDL,4,group1
4098,0.0,2024-01-31,signup,6,99.97848463374672,5,True,LEYQVNCRUV,1,group1
4103,0.0,2024-01-05,signup,4,92.10994307039712,3,True,DWJNPCVIRB,3,group1
4104,0.0,2024-01-09,signup,1,116.93245329968774,2,False,GQUNZKDSBV,5,group1
4109,1.0,2024-01-31,signup,6,101.02563672663356,8,True,HXPASTZDXZ,20,group1
4115,0.0,2024-01-30,signup,3,100.01668954884587,4,True,CJVHKBASLT,2,group1
4117,0.0,2024-01-18,signup,6,112.09237244716329,3,True,GELHLRACUF,12,group1
4121,1.0,2024-01-05,signup,3,94.78676571347162,2,True,HVQIUSLAKH,11,group1
4122,1.0,2024-01-23,signup,11,89.78454646124794,2,True,TRHILNUMZI,10,group1
4126,1.0,2024-01-11,signup,5,92.14091755783753,5,False,EQBWITRHIZ,11,group1
4136,1.0,2024-01-06,signup,4,97.90186868330292,6,True,VGOIEBGGHT,6,group1
4142,0.0,2024-01-18,signup,4,99.7561832582152,5,True,QCJSGCOKGT,12,group1
4146,0.0,2024-01-15,signup,1,109.03027235247052,2,True,PGYLZDVAYV,4,group1
4151,0.0,2024-01-18,signup,4,105.19016629933216,3,True,RPCBUHERIS,3,group1
4154,0.0,2024-01-23,signup,3,101.26069918055656,4,True,KOBMKCQQFU,12,group1
4157,1.0,2024-01-11,signup,11,81.66211272172137,8,True,AIEGGEZJQZ,17,group1
4160,1.0,2024-01-25,signup,6,104.57842926114348,6,True,KPIEBHQEZO,20,group1
4162,1.0,2024-01-25,signup,8,107.61821454990138,2,True,KCJFHPOGNS,7,group1
4165,0.0,2024-01-08,signup,2,108.0232523155624,1,True,BTCIBDXITO,8,group1
4166,0.0,2024-01-21,signup,5,111.49779451849204,1,False,DGZOLTZPYY,4,group1
4167,0.0,2024-01-14,signup,8,99.81490134180544,2,False,KGALJSISUB,4,group1
4169,0.0,2024-01-16,signup,7,93.6783296553957,8,False,AFRHWOMSUN,3,group1
4170,0.0,2024-01-06,signup,8,97.034977203877,4,True,EGLPETTXMS,2,group1
4176,1.0,2024-01-05,signup,5,113.42260714328944,5,True,CDPRIHODCC,14,group1
4177,1.0,2024-01-05,signup,7,83.16205821832315,2,False,FDRSCXIBBX,15,group1
4185,1.0,2024-01-16,signup,6,103.95885050105186,5,True,ANMRFMEGKW,10,group1
4190,1.0,2024-01-31,signup,8,103.40055971709994,9,True,IZCLJSFDQN,20,group1
4196,0.0,2024-01-08,signup,3,107.33962407689692,7,False,BKNMMLKNGV,2,group1
4199,1.0,2024-01-07,signup,1,101.17168397766449,2,False,BIAZHJUHGM,9,group1
4200,1.0,2024-01-07,signup,3,96.08102857402284,5,True,EHOPLGYDIS,8,group1
4204,0.0,2024-01-11,signup,5,86.80133770428654,6,True,FHFZVKQTFQ,11,group1
4205,0.0,2024-01-15,signup,6,95.44876377647648,1,True,PFZRWWMCVP,5,group1
4206,1.0,2024-01-09,signup,3,103.34385406837164,7,True,QXMLVBJSTM,15,group1
4208,0.0,2024-01-11,signup,7,106.97929779668434,4,True,BATUWIYLQE,2,group1
4209,0.0,2024-01-06,signup,6,106.9637631157229,8,False,LMNRFBAMSB,6,group1
4213,0.0,2024-01-20,signup,2,119.56362879884816,5,False,QIBQBDUORX,8,group1
4216,0.0,2024-01-18,signup,8,101.58974363532607,1,False,KELUEVBBSM,2,group1
4225,1.0,2024-01-22,signup,2,116.56662448186512,2,False,JBXZNTYONW,13,group1
4240,1.0,2024-01-28,signup,4,113.92570626180958,7,True,SIOXCOJDPW,15,group1
4244,0.0,2024-01-21,signup,7,99.92007380948203,8,False,QESPPTVRPO,1,group1
4247,0.0,2024-01-07,signup,5,107.05461047365226,5,False,MPTVDVPJEP,4,group1
4252,0.0,2024-01-01,signup,6,111.21684971774188,8,True,YMVHSEWMYW,16,group1
4253,1.0,2024-01-11,signup,6,103.00379461029264,7,False,QNCQDDFNVW,9,group1
4268,1.0,2024-01-30,signup,4,118.56579119562896,3,False,CACUQOBFTN,31,group1
4270,1.0,2024-01-31,signup,6,107.6236768022501,9,False,SVZOCGLGJQ,9,group1
4282,0.0,2024-01-03,signup,11,96.34648791853743,2,False,NFOTGMBOHM,2,group1
4286,1.0,2024-01-13,signup,4,116.09468319425008,6,True,EIJXFNUKAB,16,group1
4288,0.0,2024-01-31,signup,5,81.67780108297357,7,False,AQWDAKSOVU,8,group1
4297,0.0,2024-01-23,signup,8,100.43196116691632,4,True,KNTLJEPMSV,3,group1
4299,1.0,2024-01-24,signup,9,115.39016268468316,8,True,MEOQYCBNEH,12,group1
4305,0.0,2024-01-31,signup,5,88.03458837521687,8,True,VZFEYUGVWT,3,group1
4306,0.0,2024-01-15,signup,3,108.58908444522952,9,False,IWXFXKVIIE,4,group1
4308,1.0,2024-01-09,signup,4,98.05087496998866,2,True,GJTQDARNQY,15,group1
4316,1.0,2024-01-09,signup,5,102.05964372460234,1,False,ASFMLLWFAX,21,group1
4321,1.0,2024-01-14,signup,5,113.54480936245484,4,False,JPFHRDTNBT,15,group1
4322,1.0,2024-01-16,signup,5,74.49419645548572,6,True,RQVXVESISM,21,group1
4326,0.0,2024-01-29,signup,2,95.95472928146138,8,False,IKTJZLFZBL,11,group1
4328,0.0,2024-01-15,signup,7,114.70647945565658,4,False,TIMEKZZXDN,8,group1
4329,1.0,2024-01-28,signup,5,115.79024865232796,7,True,JETKYIUQUT,12,group1
4338,0.0,2024-01-18,signup,3,99.24300352788448,6,True,MFDUAODPLQ,1,group1
4339,0.0,2024-01-13,signup,7,115.41853539191877,3,True,POJGFWFGMP,6,group1
4340,0.0,2024-01-22,signup,4,104.39022350121536,7,True,KNOVNLEFXE,3,group1
4342,1.0,2024-01-14,signup,5,81.96792107850159,2,True,UNOUZZVWBD,20,group1
4346,1.0,2024-01-21,signup,5,119.36421744155012,1,True,XGRXEJYMAW,16,group1
4348,1.0,2024-01-04,signup,7,110.29312120153904,3,False,GPZQGUPFJL,24,group1
4356,0.0,2024-01-18,signup,6,88.36834493912403,5,True,DSQIAWGTPE,10,group1
4358,1.0,2024-01-04,signup,7,90.72744370542932,3,True,GQSYXAOGVB,13,group1
4362,1.0,2024-01-10,signup,5,112.17357067537176,3,False,NVVRXUKPMR,23,group1
4363,1.0,2024-01-23,signup,7,93.81775793205723,2,False,DEGZJMUPSD,13,group1
4364,0.0,2024-01-28,signup,8,109.7418808744579,2,True,VLILDSMGRB,3,group1
4370,0.0,2024-01-18,signup,5,100.97644574784884,8,True,RJWJAHXEVP,7,group1
4371,0.0,2024-01-27,signup,3,102.41753752868269,6,False,QXHHHZPIQV,1,group1
4375,0.0,2024-01-24,signup,3,104.55896324344612,6,True,MWRKRZGTPS,5,group1
4382,1.0,2024-01-16,signup,5,108.62495351179676,9,True,NJYZFFKUGS,9,group1
4383,1.0,2024-01-09,signup,5,106.94480869272016,4,True,KXFGKWWOBU,9,group1
4388,0.0,2024-01-16,signup,1,96.2870794671069,6,False,ZBOKUFMDKQ,2,group1
4389,0.0,2024-01-23,signup,5,109.9081021035454,7,True,CBXMLAOIOT,2,group1
4390,0.0,2024-01-06,signup,4,86.58654777600648,6,True,IMSTNKMAYE,2,group1
4392,1.0,2024-01-23,signup,4,99.91855794955606,5,False,FJIBTNGVFQ,8,group1
4401,1.0,2024-01-12,signup,4,105.1678208644782,7,False,HRMYUNYBSF,24,group1
4403,0.0,2024-01-28,signup,4,102.43823570349645,1,True,VLWURMMMEP,3,group1
4409,1.0,2024-01-26,signup,4,93.07629431099184,6,True,UJZRSXHKRH,14,group1
4410,0.0,2024-01-12,signup,4,93.44669153606472,4,True,HSULWPWXUQ,2,group1
4414,0.0,2024-01-30,signup,8,96.25097861271708,7,False,YEDKKQPOOE,9,group1
4415,0.0,2024-01-29,signup,3,95.4781942521081,9,False,CEHMACKJTM,5,group1
4418,0.0,2024-01-28,signup,6,100.26514546959456,7,False,LPPRLFLFIS,2,group1
4420,0.0,2024-01-31,signup,6,109.84489862258472,8,False,DFQJENGJJL,5,group1
4423,1.0,2024-01-19,signup,4,104.93802995595485,2,True,EQRKYOSSEM,8,group1
4429,1.0,2024-01-09,signup,6,86.92883499323227,4,False,UVSZGNITOF,5,group1
4431,1.0,2024-01-27,signup,4,105.11893304235272,1,False,JZCHAPKENI,18,group1
4433,1.0,2024-01-21,signup,3,98.72047810954744,5,True,HCREGJQJFB,8,group1
4439,0.0,2024-01-23,signup,8,108.02430340432991,6,False,AVJPLTKLOI,1,group1
4442,0.0,2024-01-21,signup,3,92.48645979071492,8,False,PYHUXIRHZR,3,group1
4444,0.0,2024-01-12,signup,2,92.62633615753832,6,False,DVOJNYDAEA,6,group1
4448,0.0,2024-01-18,signup,7,89.72225146292561,5,False,OYMMSPYYXE,1,group1
4449,1.0,2024-01-14,signup,5,95.41344399325595,1,True,OYGKIINUAW,12,group1
4451,1.0,2024-01-28,signup,5,111.4434138151762,8,True,WPMLBZYYTW,14,group1
4457,0.0,2024-01-31,signup,7,110.40986096952368,2,True,CBSTKJVEMD,4,group1
4458,0.0,2024-01-02,signup,11,100.41764082095824,4,False,VKGWFOFWLM,3,group1
4459,1.0,2024-01-19,signup,5,102.34913797717552,1,False,QKMWPKJNTX,6,group1
4465,0.0,2024-01-21,signup,5,111.10579031227664,8,True,HDFHPVKFSU,8,group1
4472,0.0,2024-01-31,signup,10,96.01388064610884,9,False,DUHGAKGTMI,9,group1
4474,1.0,2024-01-16,signup,5,101.27699562321966,3,True,MBICZRJSZF,21,group1
4475,0.0,2024-01-15,signup,4,114.4655324111782,3,False,PCEKGPOVCA,3,group1
4478,1.0,2024-01-23,signup,12,106.1075875345897,9,False,HESHWYIAVV,22,group1
4481,0.0,2024-01-13,signup,5,112.19019458852136,1,False,SAKUUURMJB,2,group1
4482,1.0,2024-01-05,signup,3,123.08991179856513,2,True,XLEMVIZGQX,10,group1
4484,0.0,2024-01-16,signup,6,72.22628655338607,6,False,ZNXTPMBBCF,3,group1
4489,1.0,2024-01-15,signup,5,105.0682532639092,9,True,BHGFXSMMSW,15,group1
4490,0.0,2024-01-24,signup,8,98.46461280761852,9,False,ASVDFOXQWI,3,group1
4493,1.0,2024-01-09,signup,4,99.73681055902586,6,False,YBHCUBLZYK,10,group1
4497,0.0,2024-01-20,signup,3,103.35248686701756,2,False,ZDEXQKJRXG,10,group1
4499,0.0,2024-01-23,signup,10,95.82444629305428,5,False,EGRXHBBJAW,4,group1
4502,0.0,2024-01-10,signup,4,109.02894732696738,6,True,AEGDZBQHKR,1,group1
4505,0.0,2024-01-01,signup,4,99.83965700008018,1,False,LUTOZVEDMC,1,group1
4508,1.0,2024-01-06,signup,7,104.89489559403256,1,True,PFDHLWODLA,15,group1
4509,1.0,2024-01-19,signup,3,79.14699156756356,1,False,XGEMDIGZSE,9,group1
4511,0.0,2024-01-02,signup,2,104.49022976881216,9,True,QRARSJAADR,4,group1
4516,1.0,2024-01-04,signup,3,84.44398707292132,3,False,BDMHEGMOLF,7,group1
4518,0.0,2024-01-01,signup,5,94.19372632686994,1,True,QGYNDWIBRZ,6,group1
4521,1.0,2024-01-18,signup,3,103.14480789043468,4,True,HBETTGEYHR,16,group1
4522,1.0,2024-01-16,signup,6,107.03391955060812,1,True,JOBXAGMXRO,10,group1
4526,1.0,2024-01-02,signup,3,96.65242595626246,6,False,URQKOWQDRJ,13,group1
4535,1.0,2024-01-10,signup,8,95.30359483076636,4,True,BLCQHUCGJI,12,group1
4545,1.0,2024-01-22,signup,7,85.72352753116236,8,True,TLBVFTMBPN,14,group1
4553,1.0,2024-01-14,signup,3,108.26405412942742,9,False,XGJLIYOJTW,6,group1
4558,1.0,2024-01-03,signup,4,104.40777923317582,3,False,XQAGOWBZJU,9,group1
4562,1.0,2024-01-08,signup,5,84.82572119898953,2,True,KKUOYYYMXM,14,group1
4567,0.0,2024-01-07,signup,4,92.91803403269654,9,True,GWORPODTYF,6,group1
4569,1.0,2024-01-14,signup,7,96.91069173738848,7,False,IVTHIZQWYS,6,group1
4571,1.0,2024-01-26,signup,3,106.16980940425388,3,True,XUHJJUYYSG,23,group1
4577,0.0,2024-01-06,signup,2,80.7854696189887,6,True,RTKXUYGATG,2,group1
4579,1.0,2024-01-05,signup,5,87.90483466143615,8,True,URFJCBHCVR,17,group1
4586,0.0,2024-01-11,signup,8,96.75734656650567,8,True,ALFDMXVQXB,5,group1
4589,1.0,2024-01-03,signup,5,96.13292179780572,5,False,RVGNCLYCFL,12,group1
4605,1.0,2024-01-11,signup,3,88.71483206723559,9,True,VRXWOIKQNB,21,group1
4610,0.0,2024-01-31,signup,4,95.32636896875523,3,True,SREGHYSIQZ,4,group1
4611,0.0,2024-01-29,signup,5,103.11236237572498,3,False,WTBXOREYRJ,1,group1
4614,0.0,2024-01-26,signup,3,102.7049843135779,5,False,DUCXIBGBHD,8,group1
4615,0.0,2024-01-02,signup,1,97.69514842940416,3,True,NVWFHSQAJU,2,group1
4624,1.0,2024-01-10,signup,6,85.69889858396478,1,True,JNQQPOSROK,15,group1
4640,1.0,2024-01-05,signup,4,99.34797727244934,5,False,ZZENJKIQTY,18,group1
4641,0.0,2024-01-08,signup,2,88.08809416508221,8,True,SJHLDZXIIV,1,group1
4642,1.0,2024-01-23,signup,3,87.51879103086675,6,True,QQWNIGXFKP,17,group1
4650,0.0,2024-01-13,signup,2,86.55017855367625,5,True,MCFWIOWYZZ,7,group1
4653,1.0,2024-01-10,signup,8,84.99144809038728,7,False,NGXJHYQSSD,22,group1
4661,1.0,2024-01-30,signup,8,113.4603148419586,4,True,FGDHDPBTNU,10,group1
4663,1.0,2024-01-19,signup,10,89.82244310826057,6,False,UJWHIBMDAD,14,group1
4666,0.0,2024-01-08,signup,8,102.87279527067852,9,False,GMXEAQAOAY,18,group1
4672,1.0,2024-01-08,signup,4,106.4446013752415,4,True,TRRFHUEWTD,16,group1
4674,0.0,2024-01-27,signup,4,106.20951535514848,4,False,,6,group1
4676,0.0,2024-01-04,signup,5,92.20942210163145,3,True,YWYNMSWZMC,2,group1
4679,1.0,2024-01-29,signup,8,95.90205939726118,7,True,EOHPOGBRVK,9,group1
4680,0.0,2024-01-16,signup,2,93.52900190923616,7,False,JPXOFLDFBY,3,group1
4681,0.0,2024-01-26,signup,8,116.2467383208602,7,True,LQJXISEDOF,6,group1
4683,0.0,2024-01-05,signup,4,114.0267433211728,3,False,YLNMDXFHRD,1,group1
4704,0.0,2024-01-14,signup,3,95.59318384534178,1,True,DEXIQJBGBQ,3,group1
4707,0.0,2024-01-05,signup,4,109.4445006401235,7,False,SHXLGEIWRT,5,group1
4710,0.0,2024-01-10,signup,3,112.2497805454332,5,False,KEUBNAMPVY,1,group1
4716,1.0,2024-01-14,signup,6,92.1790612936106,1,True,HUGEGAFJMC,9,group1
4718,0.0,2024-01-28,signup,3,104.14790293715552,8,False,KLKHGUSGBG,5,group1
4721,0.0,2024-01-17,signup,9,102.47939013004888,6,False,CPJESSEHWT,4,group1
4722,0.0,2024-01-27,signup,4,110.63466445470377,3,True,GNJDENWRYK,9,group1
4726,1.0,2024-01-18,signup,4,102.3809632889343,6,True,PTABUBMLDE,9,group1
4730,0.0,2024-01-01,signup,3,98.13918791794494,1,True,WOOEJRSGNW,13,group1
4734,0.0,2024-01-03,signup,7,112.8342962719228,7,False,NNERVZISQU,2,group1
4744,0.0,2024-01-05,signup,3,104.29782743513628,4,True,YEWTFMGSMN,13,group1
4745,0.0,2024-01-25,signup,7,113.06915651195835,4,False,BUCJOWBXEF,1,group1
4748,0.0,2024-01-13,signup,4,82.17520990162228,5,True,PIUXVGAENR,2,group1
4753,1.0,2024-01-30,signup,4,104.0318240121411,4,True,LXJQJDBLOC,7,group1
4758,0.0,2024-01-11,signup,3,89.885476662457,5,True,NEISPEWQSX,1,group1
4762,1.0,2024-01-23,signup,5,99.61385214390071,1,False,QTDLLGHVKB,10,group1
4763,0.0,2024-01-26,signup,10,106.1575476587203,8,False,HMFVZCVRFY,2,group1
4772,0.0,2024-01-16,signup,5,95.93795968129704,2,False,ZSUEEXLUDD,7,group1
4779,0.0,2024-01-07,signup,6,102.4836021143624,7,True,FYUWNVBNKH,12,group1
4786,1.0,2024-01-22,signup,1,105.06350097500672,3,False,AYFZBCRVKX,21,group1
4787,1.0,2024-01-14,signup,2,98.7446302807237,9,False,XVQZAIRUWU,13,group1
4788,0.0,2024-01-11,signup,4,97.7798507202694,4,False,LVOUIOVNZB,2,group1
4792,0.0,2024-01-28,signup,4,91.55257461171075,3,False,LHDDDWNKPF,2,group1
4799,1.0,2024-01-16,signup,4,112.77137649609908,8,True,FIQMFJMXFQ,11,group1
4803,0.0,2024-01-04,signup,3,96.37973390805892,1,False,OSETZJLPEQ,4,group1
4805,1.0,2024-01-25,signup,5,108.12419696035448,1,False,GHWGFOBAFC,13,group1
4808,0.0,2024-01-16,signup,8,106.59214371591273,1,True,MFZTCBDXMA,11,group1
4810,0.0,2024-01-22,signup,5,98.57600605464845,1,False,MGRGVHVFZA,1,group1
4812,0.0,2024-01-04,signup,3,101.5624106673456,7,True,ACXCBUSBJL,4,group1
4814,1.0,2024-01-20,signup,10,99.13336478683304,1,True,CBRIAYNGFL,18,group1
4815,1.0,2024-01-26,signup,6,105.8140453868944,8,True,ZJUGXVVUWO,17,group1
4817,1.0,2024-01-24,signup,7,102.20802354038489,7,True,ZILCLVQPLG,6,group1
4818,1.0,2024-01-26,signup,8,96.2624906512954,3,True,QYWVCWTIJX,16,group1
4820,0.0,2024-01-24,signup,5,101.59394796607042,9,True,JLTAHGPYCD,1,group1
4821,0.0,2024-01-09,signup,5,81.66953728278264,9,True,LPESJXIBLB,8,group1
4824,1.0,2024-01-17,signup,7,100.28199093678036,4,False,DPPVGLIHPY,26,group1
4830,1.0,2024-01-31,signup,4,91.47518574356312,5,False,RKEGOKJKFH,8,group1
4833,0.0,2024-01-20,signup,6,115.73726043398732,1,False,JGSJSMDCQM,1,group1
4836,0.0,2024-01-11,signup,4,101.37810175125703,6,True,GWJPJOXKXH,6,group1
4842,0.0,2024-01-16,signup,8,102.36756052229804,3,True,CVKVGJEZHP,1,group1
4843,0.0,2024-01-03,signup,9,98.05729653610804,4,True,AWIIFECOAC,3,group1
4847,0.0,2024-01-16,signup,3,102.51166166738122,9,False,FXUMCHXGDR,4,group1
4855,0.0,2024-01-29,signup,4,103.10261006873812,2,False,SGXWRRJRKU,5,group1
4856,0.0,2024-01-13,signup,3,95.40865295280506,6,True,XDFCAGMMHJ,17,group1
4857,1.0,2024-01-16,signup,2,78.810561294208,6,False,SKHJAYCLJR,11,group1
4860,1.0,2024-01-27,signup,4,90.49425356424668,8,True,LZWPUGKLON,24,group1
4862,0.0,2024-01-15,signup,2,116.4496799399806,2,False,OOUKVNTQKI,3,group1
4869,1.0,2024-01-09,signup,8,98.0538132873776,6,False,YPPFACAGRP,23,group1
4875,1.0,2024-01-17,signup,7,95.95599838687156,7,True,CVDLNKPPCO,7,group1
4876,1.0,2024-01-05,signup,4,88.4050933877042,6,False,YUXIGLBVCB,25,group1
4880,0.0,2024-01-28,signup,9,87.54192957208924,6,True,WTUYXMJCLQ,2,group1
4883,0.0,2024-01-03,signup,5,93.84233442485258,4,False,CXCLACMHPP,1,group1
4884,0.0,2024-01-08,signup,10,102.01894956663445,2,True,AWVISZDZIR,7,group1
4885,1.0,2024-01-22,signup,9,87.63972126642712,8,False,ZHKZXJINRF,19,group1
4905,0.0,2024-01-21,signup,7,96.68967451500758,6,True,RVMYWKXHJP,2,group1
4908,1.0,2024-01-28,signup,12,99.89417284118036,2,False,BVPJZVTACD,7,group1
4909,1.0,2024-01-27,signup,5,116.95003477866832,4,True,MMLZNJPOHM,5,group1
4919,0.0,2024-01-30,signup,6,107.68178388603354,9,True,XSUHPGZSAB,7,group1
4922,1.0,2024-01-01,signup,7,81.39928182400128,8,False,HNHWICUNVD,6,group1
4925,0.0,2024-01-25,signup,1,105.45251189533818,2,True,GGLAOITADT,4,group1
4940,0.0,2024-01-31,signup,5,78.34548366300109,3,True,OEBEURDFWX,4,group1
4942,1.0,2024-01-14,signup,2,96.43711879744156,1,True,EZEXKIELWX,17,group1
4945,1.0,2024-01-28,signup,6,107.08406087629686,2,True,LNUWZZACWN,27,group1
4949,1.0,2024-01-30,signup,1,92.32130546096388,1,True,RIOYZGCQSC,7,group1
4951,0.0,2024-01-12,signup,5,100.55935825793593,7,True,BEPVNVXCTM,14,group1
4961,0.0,2024-01-28,signup,3,105.32655503053624,3,True,ZJBSBTOVYX,1,group1
4962,0.0,2024-01-29,signup,4,98.10041293480204,6,False,NJDRLDVZGL,12,group1
4963,1.0,2024-01-22,signup,8,96.5557210859201,5,True,LHNEZASYZM,18,group1
4964,0.0,2024-01-04,signup,6,83.39259588477836,3,False,UTLWLEORYD,3,group1
4967,1.0,2024-01-23,signup,5,95.83525275541317,5,False,JLBUPGBEFP,5,group1
4969,0.0,2024-01-02,signup,1,86.55590360886262,6,True,DOWLVYREJN,5,group1
4970,0.0,2024-01-02,signup,5,104.76781730414984,4,False,ONPPZPCXXU,2,group1
4973,1.0,2024-01-04,signup,6,115.614036505475,6,True,DPPFRZWOON,20,group1
4982,1.0,2024-01-07,signup,4,85.25794100564175,9,True,KIJAMTPQTO,15,group1
4983,1.0,2024-01-07,signup,3,109.76515966834536,5,True,RJPQIQLBMQ,17,group1
4987,1.0,2024-01-02,signup,2,102.65553383357737,6,True,TUTMSFSEGN,8,group1
4989,1.0,2024-01-15,signup,6,92.4668009153317,9,True,QKLMTDCBRY,10,group1
4995,1.0,2024-01-25,signup,3,94.76727816126646,3,True,USYNEBBACD,17,group1
4998,1.0,2024-01-24,signup,6,103.78810170091296,1,False,AMZNKKRAIL,17,group1
5000,0.0,2024-01-15,signup,10,104.14160801304703,6,True,WXPSYNPDOA,2,group1
5005,0.0,2024-01-23,signup,8,88.52774146414222,7,True,XWCTFCFFVJ,1,group1
5008,0.0,2024-01-21,signup,3,115.93286700640404,6,False,JNDGBFIWYA,6,group1
5009,0.0,2024-01-29,signup,5,94.5448789089705,1,True,XTRZSDPVVV,18,group1
5013,1.0,2024-01-30,signup,6,94.68361711230706,4,True,QNHKRJKLCW,17,group1
5014,0.0,2024-01-30,signup,4,86.95780282765969,7,True,YLYOMGNIEN,1,group1
5020,1.0,2024-01-25,signup,6,100.98176853038736,1,False,GRNYTMWKFV,15,group1
5023,1.0,2024-01-14,signup,7,91.58377031725225,7,False,NKGHTIHDSE,15,group1
5024,1.0,2024-01-02,signup,3,100.39545976701238,7,True,XWLWOQJLSZ,10,group1
5026,0.0,2024-01-13,signup,4,102.8154122382429,1,False,MEYVSUAKKF,10,group1
5035,0.0,2024-01-16,signup,6,105.20904155785476,4,False,TPRTMRDJJD,3,group1
5039,1.0,2024-01-23,signup,4,105.64603320356572,7,False,EDPLGSBUNX,15,group1
5040,1.0,2024-01-15,signup,6,96.18934886607494,4,False,GCEQIFBWMC,13,group1
5041,1.0,2024-01-01,signup,8,90.2453298224406,7,False,OOBWIHDGET,9,group1
5043,1.0,2024-01-15,signup,7,110.6164051785114,9,False,VPRXZMKDJI,11,group1
5047,1.0,2024-01-01,signup,7,92.7319140956488,8,True,BVXFSVTUQH,16,group1
5048,0.0,2024-01-17,signup,7,111.63294070285828,4,True,WMIVPJOMHB,4,group1
5049,1.0,2024-01-05,signup,8,96.396860097344,5,True,ATDYCZHSUY,8,group1
5051,1.0,2024-01-05,signup,9,104.3089969130649,7,False,PPZPQZOIBE,13,group1
5054,0.0,2024-01-13,signup,6,101.14834934038312,4,False,TPLAPGPIHE,6,group1
5065,0.0,2024-01-24,signup,5,77.10871545771617,7,True,XQBMHXYVBZ,18,group1
5081,0.0,2024-01-28,signup,5,71.2928651614582,8,False,YGQFYQIJUM,1,group1
5083,0.0,2024-01-09,signup,2,124.1057960652984,4,True,FBNHTELHWK,3,group1
5089,0.0,2024-01-05,signup,1,107.2593700596952,7,False,BMMAQTPZTE,2,group1
5093,0.0,2024-01-21,signup,4,73.71992753677927,1,False,RPBXEZQAXD,2,group1
5099,0.0,2024-01-29,signup,3,86.27526152908757,4,False,UGUSDOPQXQ,6,group1
5102,1.0,2024-01-26,signup,9,118.82496023723635,6,False,QTKQIIZFMH,19,group1
5105,0.0,2024-01-26,signup,8,105.21887393869385,4,True,DGKKRFRFWB,5,group1
5106,0.0,2024-01-13,signup,6,109.18881299951138,2,True,OWJHDPLGQG,1,group1
5113,1.0,2024-01-30,signup,6,90.0928636390112,8,False,TIUKJBDQNC,13,group1
5120,0.0,2024-01-11,signup,6,96.69286072461388,9,True,QTAZKXSVZV,4,group1
5121,1.0,2024-01-04,signup,12,98.55415056272854,6,True,NIJOQAAGSO,10,group1
5122,0.0,2024-01-01,signup,6,81.64195015819135,1,False,ESKJYWIXDL,5,group1
5125,1.0,2024-01-09,signup,8,100.87387559727712,2,True,XSLKJIFMPZ,16,group1
5135,0.0,2024-01-08,signup,7,104.48228808239134,5,False,RUENBQWBTY,11,group1
5137,0.0,2024-01-11,signup,4,99.22465441703456,5,True,KVROOAMJMC,16,group1
5139,1.0,2024-01-14,signup,2,105.71610961159251,9,False,AZNCEGLPMQ,6,group1
5141,0.0,2024-01-06,signup,2,81.37963983866067,3,True,IQMLCFDTPR,3,group1
5145,1.0,2024-01-03,signup,5,87.03403700898859,6,False,DSUZSKVONE,18,group1
5149,0.0,2024-01-22,signup,5,108.18880616019388,4,False,FXVLGDZPLQ,10,group1
5151,0.0,2024-01-24,signup,1,108.0874638121677,5,True,RTWIUWYGKP,3,group1
5163,0.0,2024-01-14,signup,5,107.04375777976882,6,False,LYXMLYDSER,7,group1
5166,0.0,2024-01-19,signup,4,134.67730418469756,7,True,,11,group1
5172,0.0,2024-01-01,signup,4,92.37278231258657,6,True,ESXNZUANNX,6,group1
5174,0.0,2024-01-19,signup,5,111.12837649181836,4,False,WLZAXXKFGX,6,group1
5175,1.0,2024-01-04,signup,4,104.95985131404106,8,False,KXXIFZDSBG,10,group1
5178,1.0,2024-01-28,signup,4,99.76073049944068,1,True,RMUMWAZBVV,8,group1
5183,1.0,2024-01-24,signup,7,88.82639920507829,2,False,XTOIAZWGRX,30,group1
5184,1.0,2024-01-27,signup,7,115.84766236187542,7,True,KZMRDWZYDJ,15,group1
5187,0.0,2024-01-17,signup,7,90.15130673030744,8,False,WEDCCDIOBH,5,group1
5189,0.0,2024-01-01,signup,5,109.63498074280186,8,True,UVPDZJTCCY,1,group1
5190,0.0,2024-01-09,signup,4,112.4858870587118,7,False,ASQRIGQLZF,2,group1
5193,1.0,2024-01-24,signup,6,95.5963103948028,8,False,JMHUQKZOPW,20,group1
5199,0.0,2024-01-18,signup,3,96.3099060206813,3,True,RDSCXNRSCF,7,group1
5202,1.0,2024-01-08,signup,7,110.6838937743143,7,True,EDYHSFZGDF,8,group1
5208,1.0,2024-01-10,signup,5,87.4142735344059,1,True,XOTTQVKLOI,14,group1
5211,0.0,2024-01-09,signup,8,101.42852866235768,8,True,ZXKTFPKRES,6,group1
5214,0.0,2024-01-11,signup,7,88.10956817161433,7,False,CZWHKTCMPH,14,group1
5217,1.0,2024-01-04,signup,8,86.73729366014375,4,True,ETDTDQIARU,5,group1
5222,0.0,2024-01-06,signup,8,100.09469624532194,5,False,ORGXCOBOXV,9,group1
5223,0.0,2024-01-08,signup,1,119.59135435268632,7,True,LBBKBHEMOC,2,group1
5225,0.0,2024-01-24,signup,3,114.50005052828254,7,True,HGXFZJELII,6,group1
5237,1.0,2024-01-29,signup,6,92.61538719252272,1,False,HTVOYCAQNA,11,group1
5242,1.0,2024-01-25,signup,4,99.79210258965558,4,False,IMSDFJHRPJ,10,group1
5247,1.0,2024-01-20,signup,10,111.3466580432517,6,True,PHJAQQQODB,10,group1
5253,0.0,2024-01-19,signup,7,112.60934238870615,4,False,ZXUVXRNSID,3,group1
5262,1.0,2024-01-04,signup,3,86.90957553143252,4,True,KPGLVAKXJE,9,group1
5267,0.0,2024-01-02,signup,6,95.3935123779398,2,True,FFKZJQKJPF,2,group1
5276,0.0,2024-01-21,signup,5,100.56834442786212,4,True,HWTYUNFTTZ,5,group1
5283,1.0,2024-01-10,signup,3,112.52833899964256,8,False,LXBLRPVNRF,18,group1
5289,1.0,2024-01-04,signup,3,105.29894101083478,8,True,TJSCNNOLPC,17,group1
5290,0.0,2024-01-28,signup,2,111.02984814967752,8,True,SDNQBCHWEX,3,group1
5291,0.0,2024-01-23,signup,4,96.59209015589548,3,True,WBAKOJOYNQ,4,group1
5296,0.0,2024-01-23,signup,3,91.03918312339884,5,False,NAAAKDTFVS,2,group1
5302,1.0,2024-01-24,signup,5,95.9758074632004,7,False,ANWRDPGYOA,33,group1
5305,1.0,2024-01-09,signup,3,90.91669313868329,6,True,ZAZPQOMTIO,14,group1
5306,0.0,2024-01-05,signup,5,96.61565742099698,4,False,EXPWINXUAJ,4,group1
5309,1.0,2024-01-25,signup,2,68.97829706998203,2,True,UJPPDPFFGB,13,group1
5310,0.0,2024-01-30,signup,6,105.53647988908097,8,False,HNKEFGEYSU,1,group1
5314,1.0,2024-01-16,signup,4,98.12101194383494,9,True,JHKXKKHJHS,16,group1
5315,0.0,2024-01-30,signup,3,95.996084918521,1,False,OBYMUIICAH,2,group1
5319,1.0,2024-01-04,signup,5,95.78533579223377,6,True,PACRLVEZKZ,19,group1
5327,0.0,2024-01-18,signup,6,88.8960612425331,4,True,PFAHHYMBZP,1,group1
5328,0.0,2024-01-24,signup,2,83.85044311260964,6,False,APEPRZYWCZ,8,group1
5335,1.0,2024-01-21,signup,2,109.29464162892516,9,True,ZTZJNOCBQQ,16,group1
5337,1.0,2024-01-24,signup,3,120.3451933671063,4,True,OOIRJWPRYY,4,group1
5342,0.0,2024-01-07,signup,5,106.78686035052534,9,False,OQTCCMQDCL,8,group1
5347,0.0,2024-01-13,signup,3,112.1631010789588,7,True,VRCETIUTBT,13,group1
5349,1.0,2024-01-03,signup,3,105.43377561985142,8,False,XNOJWXMYXO,14,group1
5352,0.0,2024-01-13,signup,2,111.83855305473512,9,False,ZGERWMHTRW,8,group1
5363,1.0,2024-01-06,signup,5,81.01862548952806,5,False,JEAQXMIIUD,12,group1
5370,0.0,2024-01-02,signup,2,109.0942019078908,7,True,MDMTEYEJQZ,16,group1
5372,0.0,2024-01-29,signup,3,91.0141817109586,2,True,YSXLFUOUDZ,2,group1
5385,1.0,2024-01-06,signup,3,98.82388108369052,3,True,KKSQLICZSV,13,group1
5392,1.0,2024-01-17,signup,5,98.11817425148745,7,True,QMZKLYWOPZ,11,group1
5396,0.0,2024-01-03,signup,7,83.77820178711266,8,False,RWNAOXGDLV,15,group1
5400,0.0,2024-01-08,signup,4,113.8156447890757,4,True,IVHHPIMLJI,2,group1
5403,0.0,2024-01-08,signup,7,89.57451017147815,1,True,OSMKZGFEQA,1,group1
5404,0.0,2024-01-14,signup,8,108.43986165926188,9,True,QVOLASFSHV,14,group1
5420,0.0,2024-01-02,signup,6,106.15597710615896,8,False,UOIFWLFBND,1,group1
5424,0.0,2024-01-17,signup,6,85.03663302315002,5,False,OZKNXFWJVK,1,group1
5428,1.0,2024-01-27,signup,4,107.69312167205509,7,True,TOLLJXXMVY,16,group1
5430,1.0,2024-01-24,signup,2,122.52128379849532,3,True,IQODHXIDPC,13,group1
5434,1.0,2024-01-06,signup,9,114.80620593410649,4,False,LKDJPQDHOK,14,group1
5437,1.0,2024-01-26,signup,4,115.86205835335304,4,False,HSQYRPGTMN,11,group1
5438,0.0,2024-01-31,signup,6,91.944652175247,2,False,ASWCJXLGPN,9,group1
5449,0.0,2024-01-09,signup,5,88.67165291438113,9,False,TNCSUPEEVY,3,group1
5457,0.0,2024-01-21,signup,3,107.32552093797732,6,False,WBKEOBLTHS,8,group1
5466,1.0,2024-01-02,signup,9,89.3142087226362,9,True,QHSHEOOGWR,10,group1
5472,0.0,2024-01-13,signup,4,107.66559268773312,2,False,JJWFTFGCPF,5,group1
5478,1.0,2024-01-06,signup,2,104.58996148653046,6,True,QXPESSNDBB,7,group1
5480,1.0,2024-01-25,signup,4,100.883590468069,5,True,CAMTALIHGK,11,group1
5488,1.0,2024-01-26,signup,8,105.34333956241622,9,True,MIZMIJBAIN,10,group1
5497,1.0,2024-01-04,signup,4,90.85948475315206,3,False,FGRMFXSBOU,9,group1
5500,1.0,2024-01-13,signup,0,111.15941122766095,6,True,DUCIULRGXP,24,group1
5502,0.0,2024-01-19,signup,5,102.37553914432138,3,True,KYHRIEOCUI,8,group1
5505,0.0,2024-01-26,signup,5,95.01342326473316,6,False,UERFQZPFRA,5,group1
5511,1.0,2024-01-31,signup,7,118.20068858456978,3,True,VOOMUXMMFN,17,group1
5521,1.0,2024-01-28,signup,1,105.64946017171016,7,False,SYJOYIZCAW,11,group1
5526,1.0,2024-01-29,signup,8,108.83523383843593,2,False,XPEASYVAOS,18,group1
5528,0.0,2024-01-25,signup,5,104.25253186263332,3,False,GALLJIUYAO,5,group1
5529,0.0,2024-01-03,signup,3,109.1950285014685,4,True,NQJUNETRMZ,2,group1
5530,1.0,2024-01-30,signup,4,85.26064413373071,2,False,YVECHFQZFW,7,group1
5531,0.0,2024-01-24,signup,4,89.57372922454621,8,False,TSOTRISAEY,1,group1
5534,0.0,2024-01-23,signup,2,111.04605932659138,2,False,MBJDHVKTCB,6,group1
5539,0.0,2024-01-18,signup,6,107.99444615362424,1,False,CNMXFDKUGP,2,group1
5550,0.0,2024-01-21,signup,4,92.61596957395678,4,False,NQIUEMBYDI,1,group1
5555,1.0,2024-01-12,signup,10,89.1425848169246,7,False,MKCTDFDCNR,15,group1
5558,0.0,2024-01-20,signup,6,93.57933879568871,1,True,YHAFDIRCLQ,10,group1
5559,1.0,2024-01-11,signup,3,94.09585793534578,4,True,JKWWDZQSAI,24,group1
5560,0.0,2024-01-17,signup,5,91.46487809595034,9,True,NJDCOGOAMC,2,group1
5568,1.0,2024-01-31,signup,4,102.82581644415129,3,True,AEMGNGUOJT,18,group1
5576,1.0,2024-01-30,signup,8,98.88965022307936,5,False,OEZDUFORBA,25,group1
5582,1.0,2024-01-24,signup,5,103.84818641101872,2,True,LKRXEDHBRA,11,group1
5585,0.0,2024-01-20,signup,2,99.2527464410116,9,True,SZKJJXOXFW,9,group1
5597,1.0,2024-01-20,signup,5,94.69068062973209,3,True,QPKTLLXDIY,20,group1
5599,1.0,2024-01-08,signup,9,109.75945947915494,5,False,QXSUGSBJVF,9,group1
5606,1.0,2024-01-09,signup,0,115.6277949122189,6,True,JGXIZDNFGL,13,group1
5621,1.0,2024-01-07,signup,4,115.23068582468184,6,True,DREDMBMPYM,7,group1
5624,0.0,2024-01-20,signup,7,104.09581496473189,1,True,GLLZPMGDWI,14,group1
5626,0.0,2024-01-26,signup,5,96.94946734898926,7,True,NHIPQVAMPK,2,group1
5628,1.0,2024-01-17,signup,2,90.40218334926656,8,True,SJCMNYJLLY,10,group1
5631,1.0,2024-01-20,signup,6,102.26791301757254,6,True,EJXOLSZJAX,16,group1
5633,0.0,2024-01-03,signup,8,101.3132468954383,6,True,NNSSYJCZBB,3,group1
5635,0.0,2024-01-21,signup,4,104.26444869861687,2,True,UMXTNNDJZF,5,group1
5643,0.0,2024-01-02,signup,4,100.81463079454122,9,True,QGHVCDPHUH,2,group1
5647,1.0,2024-01-18,signup,4,106.90454332763282,3,True,WNWKMPNYUN,10,group1
5649,1.0,2024-01-26,signup,5,86.83353178287082,7,True,PVTLRSAXIW,7,group1
5652,0.0,2024-01-15,signup,2,113.73463154510154,4,True,KVBWCGXJTY,1,group1
5659,1.0,2024-01-16,signup,7,100.14764938715648,5,False,RPZHPPLJSH,6,group1
5661,0.0,2024-01-25,signup,7,110.85843845342836,1,True,LYPLICCMTF,1,group1
5662,1.0,2024-01-12,signup,5,88.36612811901205,4,True,XNWQSLABMA,19,group1
5669,1.0,2024-01-30,signup,5,109.66334137321948,5,False,NHOPNFXMIN,8,group1
5671,0.0,2024-01-06,signup,9,108.3448317873856,8,False,BGQCBPBXYL,6,group1
5675,0.0,2024-01-22,signup,3,87.00128482545716,8,False,JEYYWXOWXP,7,group1
5677,0.0,2024-01-11,signup,3,108.6401417266496,4,True,VRQXHUISKH,2,group1
5679,0.0,2024-01-02,signup,7,86.10682708475878,9,True,BVYFMMNPUE,12,group1
5682,1.0,2024-01-06,signup,5,93.31155645986291,4,True,HHKDVEJWZE,24,group1
5686,1.0,2024-01-31,signup,7,102.96303941027936,6,False,ERKNULONYO,15,group1
5689,1.0,2024-01-09,signup,1,91.41611785216467,6,True,WHRHEXEPOM,19,group1
5692,1.0,2024-01-26,signup,4,97.92877890944128,6,False,NXSDSNQJJV,22,group1
5700,0.0,2024-01-26,signup,5,99.61213634584608,8,False,VYGUUBQDJB,2,group1
5706,1.0,2024-01-30,signup,7,107.43458299650108,5,False,AVZSCKPGSK,15,group1
5710,0.0,2024-01-24,signup,2,86.27976742406335,9,True,NPUDUBHRXS,11,group1
5712,0.0,2024-01-21,signup,8,87.97275660669727,7,False,WFXXIUJUYC,2,group1
5713,1.0,2024-01-22,signup,5,98.28505283246152,1,True,PZHMYJDSNR,16,group1
5717,0.0,2024-01-19,signup,6,101.6253743188373,7,False,ZJWMZFWXTS,1,group1
5719,0.0,2024-01-31,signup,4,102.65105783921273,3,True,FFJEKSKWIM,16,group1
5725,1.0,2024-01-14,signup,4,109.55855626791838,8,True,OLSGMKWPIX,5,group1
5727,0.0,2024-01-29,signup,5,109.5119991219958,7,False,NUYXRDEGEB,1,group1
5744,0.0,2024-01-16,signup,5,101.77589363408178,3,False,GSMGYHLUEX,10,group1
5749,1.0,2024-01-02,signup,2,103.05250937589436,5,True,KHWPPVOGSR,13,group1
5761,1.0,2024-01-17,signup,9,87.69630219344576,8,True,DUFDNQWJWI,15,group1
5773,1.0,2024-01-04,signup,2,116.64198246902332,1,False,GEKXBVEMOO,23,group1
5774,0.0,2024-01-10,signup,5,83.25484820347266,4,False,UVZAQWHCUK,4,group1
5777,0.0,2024-01-31,signup,7,95.21918373824796,9,True,TTUJEMBQWV,1,group1
5780,1.0,2024-01-17,signup,4,103.3514488646289,9,False,EMWUFOSHVR,14,group1
5781,0.0,2024-01-06,signup,8,125.31242491045424,6,True,CJUVQIDPDK,1,group1
5782,1.0,2024-01-28,signup,4,120.54541657839933,2,True,HVUOQUMBBG,6,group1
5794,1.0,2024-01-21,signup,4,99.68588283517732,3,True,PCBJVSSCPQ,10,group1
5802,0.0,2024-01-09,signup,2,100.4505860761578,7,True,OOZHPLVEKN,4,group1
5808,1.0,2024-01-29,signup,7,104.89577668161256,3,False,QIPINEDDBP,5,group1
5813,0.0,2024-01-06,signup,3,93.1047038158846,6,False,TCTYJLSZJC,8,group1
5815,0.0,2024-01-23,signup,9,89.21233415912293,6,True,FXLINDCLXP,6,group1
5822,1.0,2024-01-15,signup,7,96.81257980087943,5,True,DMAMZYYJVB,17,group1
5833,0.0,2024-01-06,signup,5,111.57984336546696,4,True,KKMOBZGCIE,4,group1
5837,0.0,2024-01-12,signup,5,107.66570943084,1,True,FGLQBNEHTY,4,group1
5838,1.0,2024-01-24,signup,0,100.88519564409998,3,True,GJFNBVHURZ,17,group1
5839,1.0,2024-01-30,signup,5,104.15163821617504,9,False,YGSUYNNRKN,18,group1
5842,0.0,2024-01-01,signup,7,89.54464829589685,5,False,UWYUXQUJDJ,1,group1
5843,0.0,2024-01-12,signup,6,115.2783418400353,5,False,TGRJGUKZXV,3,group1
5852,1.0,2024-01-24,signup,4,106.26968071815902,6,False,DIKIPERNSN,12,group1
5857,0.0,2024-01-01,signup,7,109.3600083004035,3,False,XZYATVARXG,1,group1
5860,0.0,2024-01-14,signup,6,89.76586350468355,8,False,ZCXKLEKDVD,5,group1
5864,1.0,2024-01-06,signup,1,84.36844289242333,4,True,NLAXLWDEOJ,9,group1
5865,0.0,2024-01-05,signup,5,100.88733841884049,6,True,DPQSHBGZDG,8,group1
5879,0.0,2024-01-16,signup,6,107.27243642669906,6,False,ZSLNFSZBIT,2,group1
5886,1.0,2024-01-03,signup,4,96.23300017644767,1,True,QNFQBKMZBC,9,group1
5888,1.0,2024-01-04,signup,4,99.43135262741468,9,False,XHXQHSLVIF,12,group1
5889,0.0,2024-01-11,signup,7,109.99484776159063,8,True,CBGNYSREOX,4,group1
5893,0.0,2024-01-25,signup,5,93.65707414813826,9,False,OWLTCFSVQO,6,group1
5912,1.0,2024-01-29,signup,5,96.32903696729528,7,False,AGXCHWVNUU,16,group1
5913,0.0,2024-01-21,signup,8,126.93215908126018,3,True,SUVDTVEERU,10,group1
5914,1.0,2024-01-08,signup,1,89.36716729887802,2,True,GEZKTJNKPE,18,group1
5927,1.0,2024-01-27,signup,4,101.6555948277196,4,False,CWZXLFAOYU,13,group1
5928,1.0,2024-01-23,signup,5,87.11768480690245,7,True,IFXIRKHQPW,16,group1
5936,1.0,2024-01-23,signup,7,99.97292496762164,9,False,TYVFMQOHFJ,32,group1
5940,0.0,2024-01-07,signup,4,100.65424036687295,3,True,SKMOUGULLD,4,group1
5942,0.0,2024-01-26,signup,4,104.80619964348962,3,False,MKFDWJVUNE,11,group1
5943,1.0,2024-01-11,signup,9,117.01217437067508,8,False,BVQXNYGBPO,10,group1
5949,1.0,2024-01-01,signup,10,111.31622837603877,4,False,AODLYRTAZM,10,group1
5951,0.0,2024-01-21,signup,9,91.11516335765492,6,False,HQRLHXJKVG,5,group1
5954,0.0,2024-01-30,signup,5,95.1067848932716,6,True,STMXOSMSKD,4,group1
5964,0.0,2024-01-10,signup,6,96.89494735020192,1,False,CNJXQAOGBF,1,group1
5965,1.0,2024-01-18,signup,3,107.3528853385242,4,True,FGZBNRYNOG,11,group1
5969,1.0,2024-01-19,signup,5,97.77713267000522,4,False,XSVYRBTIAE,11,group1
5972,1.0,2024-01-30,signup,5,91.78850257576843,4,False,KYIPCUUNCX,31,group1
5973,1.0,2024-01-13,signup,6,80.9886628381382,3,True,AGASPSNLCF,7,group1
5974,0.0,2024-01-07,signup,2,93.29567367952872,1,True,LXTYAPMYYW,4,group1
5981,0.0,2024-01-24,signup,5,81.44579788306241,2,False,THDAXRZZCZ,3,group1
5989,1.0,2024-01-03,signup,8,98.74423552531454,2,False,EDVVZCPYNA,20,group1
5995,1.0,2024-01-09,signup,8,87.37644086871354,9,False,RUFAQXKBCW,9,group1
5999,0.0,2024-01-16,signup,7,98.84800537197351,8,True,OCSXVJKPQO,7,group1
6000,1.0,2024-01-27,signup,9,101.54646186169076,9,True,HYODHIJZRT,7,group1
6004,0.0,2024-01-16,signup,7,90.55855799045855,1,False,LMQBCPSWNV,6,group1
6010,1.0,2024-01-14,signup,3,106.1466322754528,1,True,JCYIPDFKSM,22,group1
6022,1.0,2024-01-03,signup,9,103.23222583569375,3,False,ZXTGCWPUUL,12,group1
6026,1.0,2024-01-27,signup,3,101.82308340008814,2,True,ULLZQCGVGX,16,group1
6027,0.0,2024-01-24,signup,3,95.5526008931123,5,False,GUVWKAXSHF,7,group1
6031,0.0,2024-01-26,signup,2,94.20380896171672,3,True,CSWFAAPBFO,4,group1
6034,1.0,2024-01-06,signup,2,102.40643654249008,3,False,XWIAMAWKZJ,14,group1
6042,0.0,2024-01-10,signup,8,94.88755882931552,1,False,ACJJTWTJOQ,6,group1
6043,0.0,2024-01-29,signup,10,100.7510685048475,8,False,AYRUCECIZZ,12,group1
6045,1.0,2024-01-20,signup,9,112.1976960571422,8,False,ETKLNWESNT,11,group1
6053,0.0,2024-01-25,signup,2,108.63972758373278,4,False,KPUATKZLZH,1,group1
6057,0.0,2024-01-26,signup,2,93.11861583327966,1,True,KDMXYHORGN,2,group1
6076,0.0,2024-01-02,signup,2,105.40149706238228,7,False,FFWJYLWETQ,2,group1
6080,0.0,2024-01-28,signup,7,96.86938500876676,4,False,PKBEWVCZCJ,3,group1
6085,0.0,2024-01-12,signup,6,94.37017592233508,3,True,IPFVFVIXTB,6,group1
6086,1.0,2024-01-18,signup,3,86.74916517083616,1,False,GUNVFBQZGX,9,group1
6090,0.0,2024-01-25,signup,7,93.49910406268069,3,True,PBRFEYNINA,24,group1
6093,1.0,2024-01-22,signup,4,105.49886567894146,3,True,ALWLXUCJVH,9,group1
6094,0.0,2024-01-02,signup,1,104.10018639535394,9,False,ZPRSUDKGIG,1,group1
6095,1.0,2024-01-08,signup,10,116.17645532610209,9,True,ZSABSPEKWV,7,group1
6096,0.0,2024-01-10,signup,6,121.60373863319737,4,True,WYMNLYJMWD,7,group1
6101,1.0,2024-01-18,signup,2,99.7412927522196,8,False,JQFYLLPHMC,13,group1
6104,0.0,2024-01-19,signup,4,92.00762782329588,6,True,UFBPQTMYTJ,1,group1
6107,0.0,2024-01-13,signup,8,103.79920015703516,9,False,VIJXQCYDEW,2,group1
6111,0.0,2024-01-20,signup,6,108.6721162971508,9,True,QKIDKZWFWL,11,group1
6116,1.0,2024-01-08,signup,3,112.2397056299896,3,True,FVJNLYIHQO,16,group1
6119,1.0,2024-01-29,signup,9,94.59878847046964,6,False,AGJLWXBXYN,21,group1
6124,1.0,2024-01-31,signup,9,100.83086189645914,5,True,VUHMNPTSUU,26,group1
6128,0.0,2024-01-25,signup,8,96.83608768222832,8,True,KHZDQOTATT,3,group1
6130,0.0,2024-01-19,signup,5,95.89623303715808,6,True,AILCVRCBNV,8,group1
6131,1.0,2024-01-03,signup,3,88.13300931308997,8,True,OBITZDMJXL,15,group1
6132,1.0,2024-01-14,signup,4,89.0183792852673,2,True,RNVHBPJELP,17,group1
6135,0.0,2024-01-17,signup,5,106.222379965823,9,True,DICVSVGRUI,1,group1
6138,1.0,2024-01-18,signup,7,107.8147613991103,1,False,UTUNLALFHY,12,group1
6140,0.0,2024-01-17,signup,4,82.85165902838936,8,True,QMFJNMLJJR,5,group1
6144,1.0,2024-01-09,signup,1,119.77302212908928,8,False,ZUXNRWGOBK,12,group1
6146,1.0,2024-01-24,signup,7,116.65294670605172,3,False,DDCILAYYFO,8,group1
6147,0.0,2024-01-24,signup,6,111.27319279994724,6,False,CJFXKDQDVH,2,group1
6150,1.0,2024-01-25,signup,6,108.2129458986951,1,True,,14,group1
6155,0.0,2024-01-17,signup,1,98.49159249919389,2,True,TMOMHXSGMX,8,group1
6161,0.0,2024-01-15,signup,8,82.74119294132521,1,True,TQEYWDQUPT,7,group1
6164,0.0,2024-01-18,signup,5,112.56897906960477,5,True,KDYSPTVHVL,3,group1
6168,0.0,2024-01-28,signup,3,89.94343000611573,3,True,DAKKNIKEBB,2,group1
6176,1.0,2024-01-04,signup,10,117.41283689343317,8,False,CZWDIPNQCA,4,group1
6178,0.0,2024-01-28,signup,3,94.95795524926304,3,False,VHBMDGBJIO,5,group1
6181,0.0,2024-01-15,signup,3,107.88012571728028,1,False,RDQCEPLWPH,3,group1
6193,1.0,2024-01-11,signup,6,75.5197474605692,9,False,SEQCZOTPYU,12,group1
6194,1.0,2024-01-02,signup,7,90.2089579155824,2,False,ZKAHTQKCOL,16,group1
6195,0.0,2024-01-22,signup,4,94.78995867929648,3,True,HJHHGYHOOS,3,group1
6201,0.0,2024-01-24,signup,3,90.41507140250322,5,True,JXZLGUQESY,2,group1
6206,0.0,2024-01-29,signup,4,92.10540658942622,9,False,YHQTJZTBNI,9,group1
6207,0.0,2024-01-14,signup,2,99.93859256497346,1,True,DGDWVAUZGN,8,group1
6209,0.0,2024-01-20,signup,5,94.55964780626503,8,False,KHHOWXJHVY,5,group1
6214,1.0,2024-01-29,signup,5,99.66337719201192,2,True,RKXKXRUCUG,10,group1
6220,1.0,2024-01-16,signup,4,105.04656533731792,5,True,TXHPFUUWBK,12,group1
6221,1.0,2024-01-08,signup,7,96.4505925759795,9,False,MPHJSEGXUE,9,group1
6243,1.0,2024-01-05,signup,4,99.91883670234746,4,True,CFSFIFSZGU,7,group1
6249,0.0,2024-01-14,signup,7,105.60085858585956,9,False,ARUGZCRPFT,6,group1
6250,0.0,2024-01-25,signup,6,111.78003630675876,4,False,KISORNIIEE,3,group1
6253,0.0,2024-01-14,signup,4,115.59784115785794,4,True,PRCPEFCHIR,4,group1
6269,1.0,2024-01-13,signup,3,94.23716110074147,3,False,VWNSYLULUL,18,group1
6271,1.0,2024-01-24,signup,4,94.15889654412364,8,True,XJNSFDFXKM,17,group1
6273,1.0,2024-01-12,signup,3,94.68790063769136,1,True,OLSENWIKWT,8,group1
6274,1.0,2024-01-08,signup,5,117.86565564797746,9,True,RABZOTZSGF,20,group1
6276,0.0,2024-01-09,signup,6,105.70534976187918,1,True,ZPSTJUENYI,14,group1
6277,0.0,2024-01-28,signup,6,106.4844980886475,5,False,SNBUSTBMMK,21,group1
6281,1.0,2024-01-18,signup,7,92.87603244344749,2,True,ETKHGMGKVN,20,group1
6284,0.0,2024-01-06,signup,4,114.27018780395258,6,True,NRWRBIZCSX,3,group1
6286,1.0,2024-01-05,signup,5,95.0689525632935,1,False,GETTHFHAFZ,6,group1
6297,0.0,2024-01-04,signup,9,93.62762763366165,3,False,NOOHZVCBBL,2,group1
6301,0.0,2024-01-12,signup,4,108.45703335216116,6,False,BUTHEPVFAK,9,group1
6309,1.0,2024-01-09,signup,7,98.6476094921914,5,True,LSSFKTGEYJ,11,group1
6311,1.0,2024-01-19,signup,5,97.9893036630414,1,True,MGPHALZUZK,12,group1
6316,1.0,2024-01-01,signup,8,88.60716190732623,8,True,IVISXCCGOZ,4,group1
6320,1.0,2024-01-02,signup,3,116.35511220164332,8,False,VWCZHHAPAU,18,group1
6334,0.0,2024-01-18,signup,7,107.73173341571174,6,True,QLHFMZKQRQ,2,group1
6336,0.0,2024-01-13,signup,11,97.82572625004616,3,True,ZNZTMJAHUE,2,group1
6340,0.0,2024-01-28,signup,4,91.72411179784903,7,False,QNDXBFRMXT,1,group1
6341,1.0,2024-01-21,signup,5,88.83925678039316,5,False,JWCDKWTMHG,17,group1
6344,0.0,2024-01-25,signup,5,94.60751803754918,3,False,CSIBPZBGGE,1,group1
6346,0.0,2024-01-06,signup,8,105.38953166734156,4,True,IPUJISGCJM,5,group1
6348,1.0,2024-01-29,signup,5,96.28636173522722,1,False,DDVNFBYRLL,6,group1
6349,1.0,2024-01-06,signup,6,119.56017714572567,6,False,RPMZYRFMZF,14,group1
6351,1.0,2024-01-17,signup,3,112.01453054204752,5,False,DMHMMMYBLQ,7,group1
6354,1.0,2024-01-27,signup,6,102.72782082380496,4,False,CDIRHFEQYG,6,group1
6358,1.0,2024-01-10,signup,4,114.81280560055686,3,True,IYXQSDCIBN,20,group1
6360,0.0,2024-01-25,signup,3,127.7377592344053,8,False,QIVENAXNSF,11,group1
6366,0.0,2024-01-03,signup,7,98.00153058794092,1,True,LDGCMQHDUT,8,group1
6367,0.0,2024-01-21,signup,4,119.543171445669,9,False,KNPEXITIRL,5,group1
6371,0.0,2024-01-20,signup,5,97.53785278219333,2,False,IGVWEEJQMV,1,group1
6374,0.0,2024-01-26,signup,4,100.21749368780438,1,False,CBGIAMEUOU,8,group1
6377,1.0,2024-01-28,signup,3,94.17500252942634,7,True,TMZQAICEFX,16,group1
6386,1.0,2024-01-19,signup,5,82.25005027702251,5,True,ZDDWUVLDZV,7,group1
6395,0.0,2024-01-06,signup,9,104.24093045180167,1,False,DCTOQRHMJE,3,group1
6397,0.0,2024-01-10,signup,8,119.1682548461976,4,False,PBFFRHHOGN,10,group1
6400,1.0,2024-01-23,signup,8,99.73791953942693,3,False,JLEERBNEEM,15,group1
6403,1.0,2024-01-04,signup,4,111.0604314729722,3,False,DIZUQQWZVD,16,group1
6404,0.0,2024-01-09,signup,4,90.06969886188726,5,True,RJBHYAJXXH,1,group1
6412,1.0,2024-01-07,signup,3,82.99932242700638,8,True,XEGPZVRLUC,7,group1
6422,0.0,2024-01-05,signup,4,99.06537676136976,2,True,KYSZALHWJC,4,group1
6423,0.0,2024-01-01,signup,5,94.37771159388416,5,False,GWOEZWKYXW,13,group1
6424,0.0,2024-01-08,signup,5,90.97050204818738,7,False,GFXWWTXGKC,3,group1
6425,0.0,2024-01-07,signup,5,95.1898326974746,3,True,WZQZKMNLYD,9,group1
6432,1.0,2024-01-05,signup,3,115.1386710738423,8,True,AWJJKEGORU,13,group1
6439,1.0,2024-01-24,signup,10,92.14506034871546,7,False,NUYUKTLZKO,13,group1
6454,1.0,2024-01-02,signup,3,101.07235963061837,8,True,TZCOBDIVXN,6,group1
6457,0.0,2024-01-07,signup,4,89.87089959736322,8,False,OUINBVSZON,3,group1
6459,0.0,2024-01-10,signup,7,91.40287332559132,9,True,XWHXETOMIX,4,group1
6464,1.0,2024-01-22,signup,3,102.19280206494844,5,True,DQNNDIJJDL,8,group1
6469,1.0,2024-01-05,signup,5,102.45604771401094,6,True,EMGJMRXOPJ,10,group1
6471,1.0,2024-01-07,signup,3,96.17309511016842,9,False,LGURQKAIHQ,7,group1
6474,1.0,2024-01-25,signup,3,115.3839065660977,7,False,UMDCYHOPAG,20,group1
6476,1.0,2024-01-02,signup,2,90.51627830937268,8,False,CUQBDWZXOU,11,group1
6480,1.0,2024-01-16,signup,7,105.29792828932834,5,True,USLSSFIDYW,14,group1
6484,0.0,2024-01-31,signup,6,106.5980601535812,4,True,GANOKZUHJA,3,group1
6488,0.0,2024-01-07,signup,5,105.33499266467597,6,True,LKFPYQHWKE,6,group1
6491,0.0,2024-01-27,signup,8,121.5085394397009,8,True,OFVXYJDAUD,1,group1
6493,0.0,2024-01-24,signup,3,89.15091099901817,9,False,WKRULOAIHM,14,group1
6505,1.0,2024-01-06,signup,2,112.47864119802428,4,False,QGEKVMJCWK,16,group1
6508,1.0,2024-01-16,signup,7,96.95184201998244,3,False,QQCETARZIQ,13,group1
6515,0.0,2024-01-23,signup,10,101.90138508651188,4,True,VXSNARFIXG,1,group1
6528,0.0,2024-01-18,signup,4,96.83408919711572,2,True,SCHGLZATBF,3,group1
6529,1.0,2024-01-03,signup,7,89.02599367902853,5,True,EFTDSEOKSB,8,group1
6531,1.0,2024-01-01,signup,7,99.0817192242343,1,False,CLYLQBATJZ,9,group1
6535,0.0,2024-01-19,signup,10,91.2263060594348,6,True,AQFDMJSFVI,13,group1
6537,1.0,2024-01-27,signup,6,92.51006217131396,4,False,INRLJGMVKR,8,group1
6541,1.0,2024-01-09,signup,6,89.32505236764412,1,False,FSUWRNZQET,12,group1
6543,0.0,2024-01-21,signup,8,107.05315323025812,9,False,YWYFUPYJSW,8,group1
6544,0.0,2024-01-28,signup,2,92.47663618409858,3,False,MCHXWWNLBG,3,group1
6550,0.0,2024-01-20,signup,5,93.10584057383936,4,False,CRJUHNYWZX,3,group1
6556,0.0,2024-01-10,signup,4,107.32022477758144,6,True,NNYQZYJJII,2,group1
6560,0.0,2024-01-30,signup,4,81.06225032958,5,False,WFGDMSXQSI,5,group1
6562,0.0,2024-01-19,signup,7,87.70309611523422,5,False,TJQXUVZUMH,3,group1
6567,1.0,2024-01-31,signup,7,104.51099838479728,8,False,DZLHVYHQGM,38,group1
6571,0.0,2024-01-15,signup,2,98.11495412389094,9,False,BQZHIBAFJM,16,group1
6572,0.0,2024-01-20,signup,4,103.02605743766178,4,True,UCGXNIIXVR,1,group1
6575,1.0,2024-01-15,signup,5,89.43971099898084,9,True,LCIDXYHHHT,7,group1
6579,1.0,2024-01-26,signup,5,98.57781390875478,5,True,KXIHQYHQLZ,14,group1
6581,1.0,2024-01-02,signup,7,95.95503535936648,7,True,LWAWRRGLCS,17,group1
6588,0.0,2024-01-18,signup,5,106.83438713405532,8,True,PBDQUMITWZ,1,group1
6591,0.0,2024-01-22,signup,4,89.15038434799784,6,True,IGETTWYIRY,8,group1
6601,1.0,2024-01-30,signup,3,103.69173597512548,9,True,ZPXBRFKZAU,19,group1
6603,1.0,2024-01-15,signup,4,90.18043767982373,7,False,CCGKXELDPQ,26,group1
6606,0.0,2024-01-14,signup,3,101.09127702527314,2,True,DFZUECACTO,7,group1
6610,1.0,2024-01-21,signup,3,102.06934310299948,6,True,FYPWIEXLCD,20,group1
6617,0.0,2024-01-17,signup,10,103.57728651516383,2,True,CMRSEYDUVF,3,group1
6619,1.0,2024-01-16,signup,4,98.1291486547262,5,True,KCYDWELOJY,13,group1
6621,0.0,2024-01-11,signup,4,97.07074641950032,8,True,BEALQNRXTS,3,group1
6624,1.0,2024-01-03,signup,4,89.42252006860775,9,True,FDBMYCWQUE,16,group1
6625,0.0,2024-01-19,signup,12,100.74005483762711,2,True,NEDMZJFCLZ,1,group1
6626,1.0,2024-01-14,signup,2,112.2134357475404,5,True,AWVYJVIBSP,9,group1
6633,1.0,2024-01-11,signup,5,106.427609868417,7,True,NZTFABLKKB,5,group1
6634,1.0,2024-01-19,signup,3,111.15644043256428,1,False,GLJNYXWPMV,10,group1
6636,1.0,2024-01-16,signup,4,89.62267353211094,4,False,VZRGXAPEEP,11,group1
6644,0.0,2024-01-16,signup,2,112.565987390761,6,False,OQWANYBROU,6,group1
6646,1.0,2024-01-22,signup,4,111.97683274113082,7,True,IVOEUNRTDE,6,group1
6647,1.0,2024-01-06,signup,5,100.7746907097013,2,True,YIHOQTHTKQ,19,group1
6648,1.0,2024-01-07,signup,3,100.32915359993346,4,False,OXZGFJMURX,5,group1
6649,1.0,2024-01-14,signup,3,106.5383029688864,4,False,YPILOFTZHH,15,group1
6651,1.0,2024-01-12,signup,5,111.62912422161337,2,True,USSMVNOYXN,10,group1
6652,0.0,2024-01-14,signup,6,105.53747314532151,7,False,TQWGKPRCQH,1,group1
6656,0.0,2024-01-22,signup,8,110.3591671727707,5,False,ZATHTDYYDU,6,group1
6657,0.0,2024-01-23,signup,8,102.62943618058192,2,False,FOMNAHUVZK,2,group1
6668,0.0,2024-01-03,signup,13,109.96037254064385,1,True,CTXZCNDXGX,1,group1
6671,1.0,2024-01-16,signup,1,107.6699443970122,5,False,FIQMPANKNJ,23,group1
6674,0.0,2024-01-14,signup,5,106.56570037358492,7,True,LUNQHYLFUU,3,group1
6680,1.0,2024-01-02,signup,5,109.28774621953998,9,True,PJEDQGKWZF,21,group1
6685,0.0,2024-01-15,signup,4,105.11652403900652,7,True,WDGHCJOPHW,1,group1
6691,0.0,2024-01-16,signup,4,104.31187939765024,2,False,TETASKGNVG,9,group1
6692,1.0,2024-01-26,signup,3,109.16015419877058,7,False,QZJAJHNUWQ,15,group1
6694,1.0,2024-01-17,signup,6,86.45961301435156,1,True,PPVOWYWSIG,16,group1
6699,0.0,2024-01-25,signup,3,88.05345495889367,2,False,PRZNTZTTNI,6,group1
6700,1.0,2024-01-20,signup,3,102.48780186013576,6,True,RSCAJEQHJX,8,group1
6702,0.0,2024-01-27,signup,2,87.10875788559673,8,True,DSCGRUHWNR,4,group1
6707,1.0,2024-01-27,signup,6,116.0922749386116,5,False,TUVUXRLMJS,8,group1
6709,1.0,2024-01-31,signup,5,104.42047449026153,6,True,KAQBENMQBO,17,group1
6715,0.0,2024-01-29,signup,4,115.038142815512,1,True,DLAGTTYUOP,6,group1
6718,0.0,2024-01-09,signup,3,89.3212516955041,4,False,HAPEKPSQAS,8,group1
6721,0.0,2024-01-30,signup,6,116.12904926288356,3,True,HZJCMQWKYD,11,group1
6731,0.0,2024-01-25,signup,8,96.6314918305496,4,True,DSNRRRQTUO,2,group1
6738,0.0,2024-01-13,signup,3,91.29131710366693,2,True,DOKUSCZWXZ,2,group1
6739,1.0,2024-01-15,signup,5,110.70902146968132,7,True,SZHFWWYORF,5,group1
6740,0.0,2024-01-16,signup,8,103.63827504668988,3,True,IOZDGWIBNR,2,group1
6744,0.0,2024-01-01,signup,5,105.1564811370724,9,False,PSDJIXBALN,1,group1
6747,0.0,2024-01-18,signup,4,96.22295171228338,9,False,EFIUSACWPD,8,group1
6749,0.0,2024-01-16,signup,9,98.42983742556083,8,True,XFJNKMTNVK,6,group1
6750,0.0,2024-01-01,signup,3,123.2791720196658,3,False,ZMYOICKKJG,2,group1
6751,1.0,2024-01-27,signup,4,95.2936484938251,4,False,LKJDVRQUWK,4,group1
6756,1.0,2024-01-25,signup,3,78.59331804486558,6,False,LZRULEDIAM,10,group1
6761,0.0,2024-01-22,signup,4,96.88176744764822,9,True,UGHKKMOKNV,15,group1
6762,0.0,2024-01-23,signup,3,105.3300608448262,5,False,LOVMYISAAY,2,group1
6765,1.0,2024-01-27,signup,1,102.54429681236016,9,True,BMBYXDIGRM,21,group1
6769,0.0,2024-01-04,signup,7,97.57060900441432,6,False,ADFDXVYUVU,7,group1
6773,0.0,2024-01-13,signup,6,102.65262582840371,8,False,JPCQXFDVJJ,4,group1
6775,0.0,2024-01-13,signup,3,81.64336950186276,8,True,PPZTNMTDIP,5,group1
6776,1.0,2024-01-04,signup,7,92.97578285532244,8,False,WDYRTNFZQW,18,group1
6793,0.0,2024-01-27,signup,2,94.43636049027812,2,False,FHXAOMNNSA,6,group1
6805,1.0,2024-01-27,signup,5,110.27356838903032,2,True,QXRTFOFZAT,18,group1
6806,1.0,2024-01-03,signup,5,108.10528613157572,3,True,OUUOCPMRVD,14,group1
6810,1.0,2024-01-01,signup,7,93.27306570663626,7,True,AIGRJOYFEM,11,group1
6811,0.0,2024-01-17,signup,6,78.11683515581288,2,False,BTJKEVSCSH,13,group1
6813,1.0,2024-01-26,signup,7,84.68103465818493,2,False,RVBQTRKGXL,9,group1
6814,0.0,2024-01-13,signup,4,90.56862567580772,4,False,ZEFCXZTLLU,5,group1
6815,0.0,2024-01-14,signup,3,105.75950888948124,8,True,GBNFFMATUK,3,group1
6816,0.0,2024-01-01,signup,6,103.45098122074948,9,False,UXBAWFBGUO,7,group1
6821,1.0,2024-01-24,signup,7,84.56061725913605,8,False,ORTICMOWEC,16,group1
6827,0.0,2024-01-05,signup,11,92.44539273805243,3,True,BCDUZLIKWP,1,group1
6828,1.0,2024-01-09,signup,5,71.72213431270876,5,True,EMUZKNKLJV,11,group1
6833,1.0,2024-01-19,signup,3,103.27603254125128,6,True,MKMEFFWXUB,21,group1
6840,1.0,2024-01-08,signup,6,96.2363829850516,9,True,AEDBKAEPDM,21,group1
6846,0.0,2024-01-12,signup,7,105.10346393828186,6,True,NAGRTDWBYF,15,group1
6852,1.0,2024-01-06,signup,6,83.87888240963487,2,False,FUAJGVDDJF,14,group1
6855,0.0,2024-01-06,signup,3,99.66703667855757,4,True,SZPJDWZFKB,7,group1
6860,0.0,2024-01-27,signup,6,95.78718742728832,6,True,IFLXJVNNDX,12,group1
6870,1.0,2024-01-09,signup,10,97.68414124325966,9,True,DFESMERZAY,10,group1
6881,0.0,2024-01-20,signup,4,98.33352865640894,8,True,GLCVYQSZVP,9,group1
6885,1.0,2024-01-13,signup,3,101.69579887765843,3,False,GXFLOWQZBT,7,group1
6888,0.0,2024-01-27,signup,2,120.04666376125964,6,False,,1,group1
6892,1.0,2024-01-29,signup,2,111.47664936556995,9,False,GKNVETDHBJ,22,group1
6902,0.0,2024-01-29,signup,2,97.92916528423308,7,True,XWLQHERGPM,4,group1
6903,1.0,2024-01-21,signup,3,99.76861013752236,2,True,UCAMJOSRRK,13,group1
6905,0.0,2024-01-02,signup,3,87.19550740386856,5,True,SBSBLVPGUR,3,group1
6910,0.0,2024-01-24,signup,7,102.91240507862967,5,True,YUORVWJVOA,8,group1
6914,0.0,2024-01-10,signup,3,95.70512353795226,4,True,HLFVQGPPIO,5,group1
6916,0.0,2024-01-18,signup,7,104.0533020387048,3,False,ESRCENFMSB,4,group1
6917,1.0,2024-01-04,signup,6,105.8325309310896,6,True,AXPCPYENRC,15,group1
6920,1.0,2024-01-20,signup,9,92.02776581660054,5,True,XTAQSUSRGI,7,group1
6926,0.0,2024-01-18,signup,5,101.50419873045196,2,False,JCIEDKMCHM,9,group1
6928,1.0,2024-01-01,signup,3,92.560642747373,7,False,STERGDNWXV,5,group1
6931,0.0,2024-01-18,signup,8,103.4178165090369,8,False,TFHYNUQNMZ,9,group1
6934,1.0,2024-01-20,signup,7,103.7400820353462,4,True,NEOQRZUJZS,8,group1
6939,0.0,2024-01-31,signup,4,100.22974334744532,2,True,NKNUJUAYFZ,1,group1
6940,1.0,2024-01-06,signup,4,90.08267702539634,7,True,HBNCLHZWAK,8,group1
6950,1.0,2024-01-01,signup,5,114.64482620859808,3,True,JNFVVLCELY,12,group1
6951,0.0,2024-01-06,signup,4,80.28187475617854,5,True,DCJFAVZEWB,4,group1
6955,0.0,2024-01-19,signup,3,109.37274397433345,8,True,XPGTJYVEWP,3,group1
6956,1.0,2024-01-04,signup,3,94.3284564153731,4,True,YQRFAFTASN,5,group1
6965,0.0,2024-01-10,signup,5,93.11513868583968,6,False,QPEGZHZCVI,10,group1
6970,0.0,2024-01-13,signup,6,125.33212861465556,2,False,HFJZPDTZWW,5,group1
6972,0.0,2024-01-12,signup,7,115.4413292642044,7,True,ZVEGTAWNMX,9,group1
6976,1.0,2024-01-03,signup,4,115.07878742830712,9,False,PVXORSHXIU,16,group1
6983,1.0,2024-01-21,signup,3,109.52372549102309,5,False,JIFNPWEUUD,4,group1
6985,0.0,2024-01-25,signup,5,90.82738092795242,3,True,GWQWPDNRCH,5,group1
6987,0.0,2024-01-02,signup,5,122.0339023169625,4,False,WIXYEDDWFR,9,group1
6990,1.0,2024-01-16,signup,8,91.49287708759832,4,False,CKSBLSAACM,13,group1
6993,0.0,2024-01-21,signup,4,104.66544361769994,4,False,ACFSSZZNVZ,8,group1
6995,1.0,2024-01-03,signup,4,101.43449649546244,7,True,KVTBLIRNVO,5,group1
6998,0.0,2024-01-18,signup,5,95.69254737504308,3,False,KXXBSWRRSA,2,group1
7015,1.0,2024-01-01,signup,6,90.5522768260652,2,True,IWUTSXBYKH,10,group1
7016,0.0,2024-01-28,signup,8,89.98469340020206,1,True,DIHYBREBOI,14,group1
7020,1.0,2024-01-26,signup,6,98.62635925031968,6,False,DXDGZUZKUR,6,group1
7030,1.0,2024-01-13,signup,3,107.14694509528248,4,True,BSLYHDQMIT,13,group1
7033,1.0,2024-01-10,signup,5,113.9727241847146,9,False,XVJVIBCAZY,11,group1
7039,1.0,2024-01-05,signup,5,106.04185359171969,6,False,TYXRBZNXNE,11,group1
7040,1.0,2024-01-12,signup,5,120.04568422082002,8,False,BQFYBZYOKG,14,group1
7047,0.0,2024-01-27,signup,3,85.75572236871055,4,True,WRNDDIOMVG,2,group1
7048,0.0,2024-01-22,signup,6,104.54246766595286,7,True,MWJYTIJKNT,1,group1
7051,1.0,2024-01-20,signup,4,97.99955481326296,2,False,MWVFZVLZZI,19,group1
7052,1.0,2024-01-26,signup,6,102.4252827236917,8,False,IULXBBCTSL,7,group1
7053,0.0,2024-01-16,signup,3,109.1524345454771,4,True,EZEYLMMXVJ,5,group1
7055,0.0,2024-01-13,signup,4,102.24237851533638,1,True,NSEVIOMPNX,13,group1
7057,0.0,2024-01-23,signup,2,99.05634361306043,3,True,ILIGJWOISW,1,group1
7059,1.0,2024-01-05,signup,2,98.87890576968309,4,True,IGRACZTRUE,13,group1
7068,0.0,2024-01-06,signup,5,100.53577582419317,9,False,LXBNGUBETM,3,group1
7071,0.0,2024-01-23,signup,3,109.65040071208452,3,True,ZLTGMPFZUV,2,group1
7072,1.0,2024-01-17,signup,4,98.2428679384116,3,True,KEAXYUFTQA,14,group1
7075,0.0,2024-01-29,signup,4,89.3110308264042,8,True,XWQWCHEPGD,21,group1
7078,1.0,2024-01-22,signup,5,98.2706707192952,7,False,TFFIBPOIUW,15,group1
7085,0.0,2024-01-14,signup,2,102.16914243940926,1,True,XXHJUVIGCR,27,group1
7094,0.0,2024-01-28,signup,0,89.19061338014819,5,True,MBWGJGUXWE,6,group1
7096,1.0,2024-01-10,signup,5,89.7624076268456,3,False,SAUNAWXLAO,10,group1
7100,0.0,2024-01-03,signup,5,92.93026046700676,3,True,LMVSUQADIL,5,group1
7103,1.0,2024-01-07,signup,5,99.34913249023698,6,False,SUUTOJQNYX,7,group1
7109,0.0,2024-01-04,signup,6,112.93899836256476,5,False,HALZQIJHBT,1,group1
7111,1.0,2024-01-02,signup,4,75.95094272290915,5,True,ANYOCIVWDQ,18,group1
7119,1.0,2024-01-15,signup,4,79.67316462107473,1,True,PASRZKCAZH,16,group1
7124,0.0,2024-01-30,signup,5,104.95138177830862,6,False,FAARBAEYRU,3,group1
7125,0.0,2024-01-01,signup,6,101.9506804336752,5,False,DWJQWZYQSK,6,group1
7127,0.0,2024-01-14,signup,1,111.18718584392886,1,False,HSXEYVBBHI,4,group1
7130,0.0,2024-01-23,signup,4,95.53056180325528,8,True,ITBKUVTUOL,1,group1
7138,1.0,2024-01-17,signup,2,94.28471259545272,1,False,SIEAGSEHEF,13,group1
7142,1.0,2024-01-31,signup,1,94.0668819314678,5,True,UROXWOUFBL,14,group1
7143,0.0,2024-01-06,signup,6,86.57611731034135,1,True,FYZBTGWHBW,2,group1
7145,1.0,2024-01-02,signup,4,111.17883327129,7,False,LUWHUOPKXR,19,group1
7149,1.0,2024-01-06,signup,2,91.68194245231837,6,False,LBHXADFVWZ,10,group1
7162,1.0,2024-01-22,signup,6,95.50360210176248,9,False,RFKCWKYIAC,21,group1
7163,1.0,2024-01-02,signup,2,83.1704566832677,9,True,SNMSATHWVR,5,group1
7165,0.0,2024-01-16,signup,8,94.224191186771,2,False,CEPCYMALNL,3,group1
7168,0.0,2024-01-24,signup,3,103.29528063230416,2,False,AQNYIPNNJA,3,group1
7169,0.0,2024-01-04,signup,8,101.90478229489574,8,True,DEIHQQKSFJ,3,group1
7174,0.0,2024-01-16,signup,4,82.48535302388785,8,False,NDEBZTPSSU,1,group1
7175,0.0,2024-01-04,signup,6,105.91570955661908,3,True,ARBQLFMROQ,4,group1
7180,0.0,2024-01-28,signup,2,117.07357023443848,5,True,VIIBIKIXLL,2,group1
7182,1.0,2024-01-02,signup,6,110.42923607358438,3,False,LPEUSIEUFA,11,group1
7197,1.0,2024-01-11,signup,9,93.79516893316898,3,False,PNYZQYQCJW,17,group1
7213,1.0,2024-01-21,signup,5,93.5479553931138,7,True,UZIDJUEORE,9,group1
7215,1.0,2024-01-28,signup,7,90.64772013423888,9,True,SBJDEYMALZ,10,group1
7219,1.0,2024-01-18,signup,8,103.59272792159736,4,True,FDHTHYCCNN,25,group1
7230,0.0,2024-01-09,signup,4,114.72810802461096,7,False,TUIBXHWESG,4,group1
7233,1.0,2024-01-03,signup,2,94.62245231969624,8,False,UWVNBAHBLJ,12,group1
7234,0.0,2024-01-02,signup,8,88.43534224772016,7,False,AJPXNEYHEH,16,group1
7235,0.0,2024-01-06,signup,7,96.40896002146192,8,False,KDNQMBUTXR,1,group1
7240,1.0,2024-01-19,signup,5,97.71720533479696,4,True,MKSZSFHRSX,18,group1
7244,0.0,2024-01-12,signup,7,105.9413783531325,2,True,IIALMAJUOU,3,group1
7250,1.0,2024-01-05,signup,7,78.38311523791262,9,True,SMKLJTDRID,11,group1
7251,1.0,2024-01-27,signup,6,86.94827586226114,1,True,ZDCPFRDOKN,19,group1
7254,0.0,2024-01-06,signup,7,97.54924012108764,5,True,DPMGZUQRTD,3,group1
7257,0.0,2024-01-21,signup,7,97.73835200058264,6,True,MVLUAFBFWS,7,group1
7258,1.0,2024-01-10,signup,5,104.90316224538368,2,False,OBHAIGPEOC,17,group1
7259,0.0,2024-01-04,signup,3,114.12505488160164,1,True,VRZLTAZKAD,9,group1
7261,0.0,2024-01-12,signup,4,76.20518887575984,7,False,ZJXMJEWLYX,1,group1
7262,1.0,2024-01-10,signup,4,101.39007817362736,8,False,WAWRWRJXVS,14,group1
7264,1.0,2024-01-14,signup,4,114.21026428823032,6,False,FNRHBTFPRS,19,group1
7265,0.0,2024-01-05,signup,5,105.75783606027991,3,True,KENSBQFTIE,2,group1
7266,0.0,2024-01-01,signup,2,100.2429363678044,4,True,DTUFAVWZCM,4,group1
7269,0.0,2024-01-31,signup,3,86.99601754782414,7,True,IDQAVCIYYV,4,group1
7274,0.0,2024-01-29,signup,9,115.63630723511774,6,False,KSDUPSVPAK,6,group1
7279,1.0,2024-01-10,signup,8,96.48143727652892,8,True,UNPRBSVZIH,15,group1
7280,1.0,2024-01-15,signup,2,116.22439878583953,4,True,BIGXSVKKAE,6,group1
7284,0.0,2024-01-22,signup,4,125.49039816641468,4,True,ZQFNXUWBEY,7,group1
7290,1.0,2024-01-25,signup,4,90.15908646974933,6,False,XFPFTLIJIK,19,group1
7291,0.0,2024-01-13,signup,6,101.9394839361444,8,False,SWTVRGRDVV,9,group1
7298,0.0,2024-01-07,signup,5,95.77717275722956,5,False,MOWNTOZZBK,2,group1
7302,0.0,2024-01-30,signup,7,103.05910855020232,6,True,RJGFIJJORJ,5,group1
7319,1.0,2024-01-10,signup,7,106.23102369281882,6,True,VXIBXYIHMJ,13,group1
7322,0.0,2024-01-04,signup,5,109.2956803149512,1,True,YKMNKMEOBP,6,group1
7328,0.0,2024-01-29,signup,2,87.32995103771458,7,False,RWOFRQNNBJ,9,group1
7334,0.0,2024-01-23,signup,4,80.1607514157564,8,False,CGWEZDOGPJ,2,group1
7348,1.0,2024-01-20,signup,5,108.41016196404172,5,False,UZNAINNFPP,9,group1
7351,0.0,2024-01-01,signup,5,93.66426158871391,8,True,PHMALOZIIS,5,group1
7352,0.0,2024-01-13,signup,8,85.87382979559847,8,False,DSRGYUFDMS,2,group1
7358,0.0,2024-01-19,signup,9,90.31167219655438,5,True,ZWECTJNDKB,2,group1
7361,0.0,2024-01-13,signup,2,100.19570715870545,2,False,HPROWHSFYX,2,group1
7368,0.0,2024-01-10,signup,9,87.89142591933624,4,False,HSJRAWICYC,4,group1
7370,1.0,2024-01-07,signup,7,93.31250320349032,2,False,ZEZZRTESNQ,7,group1
7372,0.0,2024-01-24,signup,7,93.08334553023812,8,False,SOKUKSZQWS,5,group1
7375,0.0,2024-01-03,signup,6,102.35887238402228,9,False,FLSFFRVWWD,3,group1
7380,0.0,2024-01-03,signup,6,96.65873808865746,8,True,,8,group1
7383,1.0,2024-01-08,signup,4,108.94207599490812,6,False,XXKQHJPKHX,14,group1
7388,0.0,2024-01-25,signup,10,95.58721822491025,5,True,OBXQXDODSO,3,group1
7389,0.0,2024-01-11,signup,10,95.62380377932216,9,False,RJOAMEFMOW,13,group1
7396,0.0,2024-01-18,signup,6,90.6738516990407,1,False,KNBSXRFBYU,3,group1
7399,0.0,2024-01-12,signup,8,100.2317692021466,7,True,EAPRCDTQJP,14,group1
7400,0.0,2024-01-04,signup,2,130.5002041505443,5,True,WLNKLAEIGK,2,group1
7401,1.0,2024-01-15,signup,4,101.64830932385313,5,True,WVMSKCJYLN,18,group1
7402,1.0,2024-01-11,signup,9,91.1232069738532,8,True,NLAOLZQCEC,4,group1
7404,0.0,2024-01-19,signup,4,87.95097600207995,7,False,DEEEWCFWJZ,1,group1
7411,0.0,2024-01-25,signup,3,104.53380081711188,2,False,TZGROQOJPY,18,group1
7412,0.0,2024-01-14,signup,6,84.32008978222747,7,True,CZXUXVUJEL,6,group1
7421,1.0,2024-01-09,signup,5,87.40450291455883,6,False,STRLZPAQID,19,group1
7422,0.0,2024-01-11,signup,4,111.89929596632322,1,True,FWAMCNBFWK,9,group1
7432,0.0,2024-01-21,signup,8,104.36266930270877,6,False,MKPPMFDIXA,1,group1
7440,1.0,2024-01-06,signup,4,115.099406318683,5,True,RCIHOEOPCF,31,group1
7452,0.0,2024-01-20,signup,6,109.88291621773556,8,True,DJCUUWTCOT,1,group1
7456,1.0,2024-01-06,signup,5,107.25960910330858,2,True,UKTRNUYUTW,9,group1
7465,0.0,2024-01-10,signup,5,103.74665299691463,5,False,LWZIMHYSKP,3,group1
7466,1.0,2024-01-15,signup,3,105.54619066242202,2,True,GSNQUUFPWA,10,group1
7473,1.0,2024-01-05,signup,5,111.26836834843776,3,True,SGXJCKRHAX,13,group1
7479,0.0,2024-01-01,signup,10,89.1164237058912,7,False,VDUODCFMKI,6,group1
7480,0.0,2024-01-21,signup,3,103.83164094551871,1,True,UCQYAPQFYU,5,group1
7481,0.0,2024-01-01,signup,3,93.51525194033884,5,False,JVXMSSXWVN,2,group1
7482,0.0,2024-01-12,signup,8,111.66607287675,1,False,DPBBOHDAWE,6,group1
7490,0.0,2024-01-02,signup,3,102.54818397268484,4,False,LCVLCZZZJU,1,group1
7491,0.0,2024-01-15,signup,5,90.6814956921354,9,False,XDCOHUXDBS,2,group1
7494,1.0,2024-01-20,signup,2,103.08645761781112,8,True,AIZFXXNYVF,17,group1
7498,0.0,2024-01-08,signup,3,113.01742452598305,6,False,PXHLYWVNZJ,5,group1
7500,1.0,2024-01-10,signup,4,95.27215146943531,1,True,ATQPRIAYRB,9,group1
7505,1.0,2024-01-09,signup,5,112.8908999154487,2,False,BICMLSSZCV,24,group1
7506,0.0,2024-01-09,signup,6,91.317408325618,3,False,MOMOGJLAHZ,1,group1
7518,1.0,2024-01-04,signup,9,100.01340589423252,8,False,QAZYCBGWDA,23,group1
7521,1.0,2024-01-06,signup,7,85.87641444272244,9,False,LWCELTGQJP,8,group1
7523,1.0,2024-01-09,signup,7,114.69169622762796,1,True,VCYZMNQFYN,20,group1
7526,1.0,2024-01-21,signup,6,86.66968014483444,3,True,THDKDGHOWS,12,group1
7528,1.0,2024-01-06,signup,5,99.12549777045211,6,False,DUWNGHGQSG,8,group1
7531,0.0,2024-01-25,signup,6,97.758644010777,9,False,TOMUWSDIYR,6,group1
7533,1.0,2024-01-22,signup,9,105.25245600734448,7,True,QSPBPZMUQD,6,group1
7541,0.0,2024-01-28,signup,5,109.29928644441289,1,True,WNNOQOCXTZ,5,group1
7542,1.0,2024-01-03,signup,5,106.8001680171744,9,True,VZSJBBWGJT,17,group1
7545,0.0,2024-01-02,signup,3,109.6166800145733,9,False,QIBFEUIKDW,2,group1
7552,1.0,2024-01-20,signup,5,96.5012291246014,1,True,ZNETCSGERB,9,group1
7557,1.0,2024-01-31,signup,5,106.61098345160634,1,False,BFZWUUEYBN,13,group1
7559,1.0,2024-01-26,signup,8,92.99961546127147,3,True,KVHKRDJGQS,11,group1
7562,0.0,2024-01-28,signup,5,99.9152792435546,1,False,KQIKJUVEPH,18,group1
7570,0.0,2024-01-01,signup,3,102.08406397565469,3,True,YESNTPBGXL,18,group1
7576,1.0,2024-01-22,signup,1,115.96297722987806,6,True,DSCDRRPAWG,9,group1
7577,1.0,2024-01-20,signup,5,111.44536881896538,9,False,NSKFJJJYWD,23,group1
7590,0.0,2024-01-17,signup,8,99.46706992168367,8,False,GNNGOXCAPG,3,group1
7591,1.0,2024-01-05,signup,5,93.14974317080863,4,True,DWTPUTCLZL,19,group1
7597,0.0,2024-01-25,signup,5,105.32949723425207,6,True,QMMTQJOXIN,3,group1
7621,1.0,2024-01-26,signup,4,101.57469320361412,8,True,MGKJJBXSDR,5,group1
7625,1.0,2024-01-24,signup,3,90.01740742209503,6,False,IQSYRVYMXN,24,group1
7627,0.0,2024-01-19,signup,6,111.51840089311972,9,True,OXDNTIDODS,18,group1
7628,1.0,2024-01-13,signup,5,97.02237074155614,7,True,ERUAFIPKDC,13,group1
7629,1.0,2024-01-31,signup,3,92.73616076975586,6,False,FXOCDEMHDN,6,group1
7632,0.0,2024-01-02,signup,1,87.1247471987738,8,True,LEMCHINEJH,3,group1
7648,0.0,2024-01-05,signup,5,101.52811100108876,4,True,UWPYDDUWKA,3,group1
7657,1.0,2024-01-11,signup,2,94.58463462975364,9,True,GHBRMUFJZU,8,group1
7658,0.0,2024-01-04,signup,7,93.58373743648032,2,False,XAMBATUBVE,3,group1
7668,1.0,2024-01-12,signup,8,110.6474196295126,9,True,OAHKFNEPLA,8,group1
7675,1.0,2024-01-16,signup,5,97.34729185142773,3,False,BVEZRKEXHZ,16,group1
7679,0.0,2024-01-07,signup,5,99.41662417734216,1,True,VOZPKNVDCV,1,group1
7680,1.0,2024-01-19,signup,6,115.28183351317436,9,False,PUAJKJWCSB,16,group1
7690,0.0,2024-01-03,signup,4,76.21768450841046,2,False,FFGGNKJORY,5,group1
7695,1.0,2024-01-07,signup,4,110.9357685138359,5,True,MNIWAGGAWT,15,group1
7703,0.0,2024-01-30,signup,4,97.09303068899617,6,False,JCZLVQQKEW,2,group1
7706,1.0,2024-01-16,signup,5,69.31824573593893,7,False,ZJCJSFHRVC,10,group1
7711,0.0,2024-01-21,signup,4,107.49320934365451,2,False,NJTQROTNPX,5,group1
7712,0.0,2024-01-26,signup,2,104.35770274046428,7,True,ZFKKOJKZLV,1,group1
7713,0.0,2024-01-19,signup,4,100.00537889147816,9,True,YKEFTGFYKU,2,group1
7722,0.0,2024-01-27,signup,8,99.956005884971,3,True,MGDUJEJIMW,3,group1
7723,1.0,2024-01-04,signup,5,106.23719998349507,5,True,IVVDWUBJSW,19,group1
7726,0.0,2024-01-08,signup,8,97.47690394019097,9,True,CCBDRTHLBO,3,group1
7730,1.0,2024-01-06,signup,3,108.70938527863396,3,True,ABKNDWRTIM,17,group1
7731,0.0,2024-01-23,signup,5,100.35325180546609,3,False,PGRDWTZKPC,2,group1
7738,1.0,2024-01-09,signup,3,85.66650333594754,3,False,XJBVYLOZVE,12,group1
7747,1.0,2024-01-09,signup,13,96.68736146653478,5,False,COPHYJRPQJ,13,group1
7748,0.0,2024-01-31,signup,4,97.3112055194082,5,False,HBNJVOURIO,2,group1
7753,0.0,2024-01-16,signup,3,106.75392581610652,7,True,VBLOZZZWJS,1,group1
7762,0.0,2024-01-24,signup,5,103.1182271509774,7,True,RQZZPECAAW,17,group1
7764,1.0,2024-01-31,signup,7,102.98014932865748,3,False,MQPXELZJSL,14,group1
7773,0.0,2024-01-29,signup,7,99.1731127221528,5,True,ELUKKAXANJ,10,group1
7776,0.0,2024-01-01,signup,6,101.47465645704176,8,True,YTZNFSAUTJ,3,group1
7778,1.0,2024-01-17,signup,7,92.23845105162296,6,False,HAVYTCWJGT,20,group1
7779,1.0,2024-01-22,signup,3,96.87772252529594,1,False,VYJOXMHJCS,10,group1
7780,0.0,2024-01-29,signup,1,83.09233442053728,5,True,XGWEHOZUWS,24,group1
7782,1.0,2024-01-17,signup,4,106.34127961944878,3,True,BPKYWJAQZH,14,group1
7786,0.0,2024-01-12,signup,4,105.52602488864711,4,True,WGLVBWTJPD,1,group1
7790,1.0,2024-01-07,signup,5,99.8674710624252,4,False,SHOYEGWUSO,16,group1
7794,1.0,2024-01-22,signup,2,90.5792755231655,5,True,CMRGDHXBOJ,15,group1
7801,0.0,2024-01-17,signup,3,92.11517401764988,3,True,ZZGOQMDFDM,11,group1
7805,0.0,2024-01-11,signup,4,120.59495770748876,1,True,PMSXUOPSFF,5,group1
7807,1.0,2024-01-21,signup,5,93.54815630967276,8,False,MGXGTIJGZL,10,group1
7808,0.0,2024-01-01,signup,2,92.72110780260994,9,True,OYXHPDUAZT,6,group1
7810,0.0,2024-01-02,signup,4,98.60469041124126,9,False,ETZCZTEYFN,8,group1
7812,0.0,2024-01-22,signup,7,89.18663843114115,3,False,JCRVAOVKNT,1,group1
7814,0.0,2024-01-20,signup,5,107.4001843087752,8,True,DASPVBQIKK,1,group1
7815,1.0,2024-01-01,signup,8,110.44535801886065,1,True,DBAFTOJTZS,38,group1
7816,0.0,2024-01-21,signup,10,106.61517553581322,4,False,TDEPBBPPHX,6,group1
7817,1.0,2024-01-20,signup,6,95.93521082870735,5,True,LFQCOTOVMT,9,group1
7836,1.0,2024-01-18,signup,4,78.77007019622503,7,True,WNEEXKQGLA,14,group1
7838,0.0,2024-01-25,signup,5,102.38574788927517,9,True,DHSDDIQPQU,7,group1
7848,0.0,2024-01-12,signup,5,92.51111842306167,7,True,MYXZQXLMBC,1,group1
7849,0.0,2024-01-11,signup,5,87.18574266838574,4,True,YNEDSSCRJL,1,group1
7855,0.0,2024-01-06,signup,5,107.46897823011572,2,True,FJCXFSHPMK,1,group1
7861,0.0,2024-01-06,signup,3,101.29424893190114,8,False,QFQVGXGDHF,7,group1
7867,0.0,2024-01-24,signup,5,101.49548145570311,1,True,HZLJPUTAFJ,2,group1
7873,1.0,2024-01-26,signup,4,109.93342368874691,4,True,MGMRNGEGBZ,7,group1
7876,1.0,2024-01-20,signup,5,94.25658126814396,3,True,KWBXCTCNCH,18,group1
7879,0.0,2024-01-20,signup,3,104.76927454238492,8,True,SJMOFHRIKD,6,group1
7880,0.0,2024-01-28,signup,3,87.80740938814482,3,True,RUSAKXGRYP,2,group1
7881,0.0,2024-01-08,signup,3,111.45974563316796,3,False,NXKUOTIMAQ,4,group1
7882,1.0,2024-01-11,signup,1,93.50692995088242,2,False,JDOZXNRUEE,24,group1
7885,1.0,2024-01-19,signup,6,94.37047276002238,2,True,UJMODBVGXQ,10,group1
7895,1.0,2024-01-13,signup,7,96.47089964241444,1,True,AXEMDGWYMU,9,group1
7900,1.0,2024-01-13,signup,4,100.95196810058432,9,False,TVMXOCCFJS,13,group1
7902,0.0,2024-01-18,signup,5,114.18915607303089,5,False,BGYBNEELRK,7,group1
7908,0.0,2024-01-04,signup,3,111.55653838941636,4,True,ICFDHASCRP,3,group1
7918,0.0,2024-01-22,signup,5,106.86011739919236,7,True,AINJTQPECE,4,group1
7921,1.0,2024-01-09,signup,2,87.1089482129229,1,False,CZVKDNIWVH,15,group1
7927,1.0,2024-01-11,signup,6,100.31941184114858,6,False,TECWTASWDE,8,group1
7939,0.0,2024-01-24,signup,8,102.97741675380468,4,True,DZVLHHJWQQ,2,group1
7942,1.0,2024-01-10,signup,3,100.22271741901312,2,False,PZGPVPWINS,9,group1
7945,0.0,2024-01-07,signup,7,90.3849440093703,9,False,HEMAPGTMFR,9,group1
7957,1.0,2024-01-25,signup,3,115.35149782067884,6,False,ZNDYTBXYHM,4,group1
7959,0.0,2024-01-24,signup,5,111.51509759059203,7,False,MIPVLNBQFF,4,group1
7967,0.0,2024-01-12,signup,8,105.23987686052578,2,False,QPYNGGAMBO,1,group1
7975,0.0,2024-01-04,signup,1,112.37244255153044,3,False,AQKPRASGCO,3,group1
7977,1.0,2024-01-15,signup,3,112.49294334578649,7,False,HSNSZMYFJV,11,group1
7982,1.0,2024-01-20,signup,5,98.28379683576186,6,True,IJDNSPVHJA,16,group1
7993,0.0,2024-01-05,signup,4,91.98912423727288,5,False,CCCYRKIYLD,2,group1
7995,0.0,2024-01-30,signup,2,112.05182926841104,9,True,KIOHQRDXUJ,3,group1
7996,0.0,2024-01-12,signup,2,100.0002100964206,5,False,XWSHYWZUFH,1,group1
7997,0.0,2024-01-14,signup,8,95.39351953673211,8,True,CDHJCEZUJM,7,group1
7999,0.0,2024-01-11,signup,4,100.88809330135824,5,True,GPFMKTEPJQ,11,group1
8011,0.0,2024-01-08,signup,5,104.416895251388,6,True,EJFHZTKJPF,10,group1
8014,1.0,2024-01-18,signup,4,118.53999640158068,6,True,FTWHSBFCLU,6,group1
8016,0.0,2024-01-06,signup,5,104.0100218609444,2,True,HHCOLRGNAV,1,group1
8029,1.0,2024-01-26,signup,6,97.09433293749171,1,True,XJZQYINHYO,17,group1
8036,0.0,2024-01-20,signup,4,101.13256174212428,7,True,LVCNAHKKZY,1,group1
8046,1.0,2024-01-20,signup,1,108.35451933626136,1,False,JZMFZTQIJI,8,group1
8051,0.0,2024-01-07,signup,6,119.53378115547918,9,True,HWQUBFATPM,1,group1
8057,0.0,2024-01-17,signup,4,117.20725129508348,5,True,FMYOJAFZUJ,16,group1
8058,0.0,2024-01-10,signup,5,108.98179623559346,9,False,FPNIDNNWYW,1,group1
8060,1.0,2024-01-28,signup,8,101.87689203214016,8,True,VMATALNNXF,8,group1
8066,0.0,2024-01-26,signup,4,110.34565846407352,3,True,BNWPLDENZX,21,group1
8067,0.0,2024-01-07,signup,3,92.20720105907364,9,True,CHECIYKDNZ,9,group1
8074,1.0,2024-01-21,signup,6,84.19898914216485,7,True,ZOTJPOBMFK,13,group1
8078,0.0,2024-01-04,signup,8,97.32433368079832,9,True,LZROQLITBB,12,group1
8081,0.0,2024-01-20,signup,3,93.06380175438862,2,False,BXXUIJYZOA,5,group1
8084,1.0,2024-01-01,signup,2,92.3437618567952,6,True,UEEWQDOTXP,6,group1
8087,1.0,2024-01-07,signup,5,84.07484812954795,5,True,HPNVUGXQYR,13,group1
8095,1.0,2024-01-03,signup,3,111.30876901199174,7,True,SIDCGRUUZP,13,group1
8097,0.0,2024-01-06,signup,5,105.39393898341092,3,True,BEWTJMIMIQ,3,group1
8098,0.0,2024-01-15,signup,4,104.3044899612371,9,True,PFKDFMKSXF,1,group1
8108,1.0,2024-01-24,signup,2,97.17417571028,4,True,IGCRUVGOSP,17,group1
8110,0.0,2024-01-13,signup,5,88.59663515466067,4,False,HPDNXLWPMH,12,group1
8113,1.0,2024-01-07,signup,5,90.94851257717036,5,True,WZRKSZNUWI,9,group1
8120,0.0,2024-01-16,signup,3,99.54679097848714,4,True,ARDJDQNFMO,23,group1
8122,0.0,2024-01-14,signup,6,109.57813349613532,4,False,YOGFHRSYPD,3,group1
8135,0.0,2024-01-17,signup,6,107.2296916768685,5,True,TKPXOOQDYB,3,group1
8142,1.0,2024-01-18,signup,5,89.67915428250996,1,True,JHPZCPJEKQ,24,group1
8143,0.0,2024-01-19,signup,7,100.00596027121249,5,True,PTWNAQUZNO,4,group1
8147,1.0,2024-01-22,signup,6,121.6462993584349,9,False,DJEALFKUOZ,10,group1
8151,1.0,2024-01-25,signup,4,107.89111088302464,8,True,QCWFDSZBVK,11,group1
8155,0.0,2024-01-30,signup,4,92.47584306704552,9,False,EUFYBAHQRB,1,group1
8157,0.0,2024-01-30,signup,1,106.17459535954892,4,True,UKCNUIXOTJ,5,group1
8161,0.0,2024-01-23,signup,7,89.69219342836135,2,False,JAPGALFVIA,2,group1
8162,0.0,2024-01-05,signup,7,104.96825577058024,3,True,OTUBZASTSJ,6,group1
8180,0.0,2024-01-09,signup,4,89.33781569676833,5,True,ETLOZOCBFE,2,group1
8182,0.0,2024-01-30,signup,3,84.1094734691997,7,False,KAXDBJCSDA,3,group1
8185,0.0,2024-01-02,signup,3,69.78302928537377,1,False,YSQVJAKBWS,8,group1
8186,0.0,2024-01-03,signup,6,84.70428184604513,2,True,QNRFTRDCGA,3,group1
8188,1.0,2024-01-11,signup,6,83.51181554688995,7,True,LEDVIIZSHG,19,group1
8196,1.0,2024-01-18,signup,4,101.62060610453368,8,False,WIKKFUACND,6,group1
8199,0.0,2024-01-08,signup,4,105.62008574384714,9,False,MEXAREOXRA,13,group1
8208,0.0,2024-01-14,signup,5,90.10431322722523,3,False,EXSYJHERVO,2,group1
8210,0.0,2024-01-06,signup,4,92.5867260621431,2,True,BUIGGUFKBN,7,group1
8213,1.0,2024-01-25,signup,2,117.89509471172828,4,True,CNXVEQQZDT,17,group1
8231,0.0,2024-01-17,signup,4,93.30257497687325,3,False,CTNILAXOVM,1,group1
8232,1.0,2024-01-01,signup,5,99.91767722875004,6,True,ULPKCVRDNL,19,group1
8236,1.0,2024-01-04,signup,5,111.34585697786603,8,True,DUUZAZIEQS,24,group1
8237,1.0,2024-01-27,signup,7,106.22365191634007,6,True,CGZDTQFRZG,25,group1
8240,1.0,2024-01-06,signup,3,83.76930761838449,9,True,ATPZDOMIUK,16,group1
8243,0.0,2024-01-21,signup,6,102.24964621906663,3,False,CYOEMXTHWP,6,group1
8245,1.0,2024-01-28,signup,5,91.76843115398717,3,False,TISJOGISFJ,11,group1
8248,1.0,2024-01-21,signup,4,93.34209354223812,6,True,CZNJHKWNSM,6,group1
8259,1.0,2024-01-29,signup,2,88.60142480708441,4,False,LBFOJAUIRQ,22,group1
8266,1.0,2024-01-31,signup,2,97.19902337264185,8,True,CZQFRJIYDU,17,group1
8268,1.0,2024-01-22,signup,4,97.38260496168397,7,False,DDPTGQIQWT,6,group1
8274,1.0,2024-01-25,signup,3,99.38815819591838,4,True,URPPWOXMRQ,15,group1
8284,1.0,2024-01-24,signup,5,91.8426273121418,5,True,VAEMAQTLXO,7,group1
8289,1.0,2024-01-04,signup,6,92.54176583694964,7,False,JZEXSJBXKR,23,group1
8291,1.0,2024-01-06,signup,6,98.65846607056908,3,False,DBGGTLGAJH,19,group1
8301,0.0,2024-01-25,signup,7,88.86863371884351,4,False,UYLYZIPJWQ,16,group1
8305,0.0,2024-01-23,signup,8,122.5190899868509,2,False,HBGYOUWFFS,4,group1
8306,0.0,2024-01-19,signup,1,99.6434425141052,8,False,QXVAJGUUES,4,group1
8311,0.0,2024-01-14,signup,3,110.23376495345916,6,False,XBQWBGSTFB,2,group1
8313,1.0,2024-01-09,signup,5,116.73694271905256,9,False,KHKUDJQTGF,16,group1
8317,1.0,2024-01-06,signup,3,106.87505845634634,3,False,LZCAIHHSLW,24,group1
8321,1.0,2024-01-12,signup,3,104.92300754191902,2,True,ENPJHYWNVV,13,group1
8323,0.0,2024-01-02,signup,4,107.21469560756503,7,False,ASITRGWDPW,2,group1
8333,0.0,2024-01-22,signup,4,100.97218309104464,3,True,RJFBLFKKBG,10,group1
8334,1.0,2024-01-01,signup,4,99.9047074209376,2,True,YGCVQEXHQN,13,group1
8341,1.0,2024-01-27,signup,9,87.68298921513056,7,True,JEBHPWJZKS,15,group1
8343,0.0,2024-01-23,signup,4,80.75821061211806,4,False,ZJZCQKSMYW,1,group1
8346,1.0,2024-01-22,signup,6,110.07515940187338,8,True,JQGSAYRTLZ,10,group1
8352,1.0,2024-01-22,signup,8,65.26953774994365,7,True,PFTGWPQGXP,15,group1
8353,1.0,2024-01-12,signup,5,90.94823105132426,4,True,LXCVWXRWIZ,13,group1
8357,1.0,2024-01-05,signup,4,106.69913305275134,8,False,IJRNBNTHVQ,11,group1
8364,1.0,2024-01-15,signup,2,94.29555537119684,9,True,,16,group1
8387,0.0,2024-01-14,signup,4,113.82380218452468,6,False,MPUEQUTADQ,4,group1
8389,0.0,2024-01-11,signup,1,93.99579461049724,9,False,SQEHGFAJHW,1,group1
8393,1.0,2024-01-02,signup,6,90.68691753006394,1,False,CMLEBNZBVN,18,group1
8395,1.0,2024-01-10,signup,5,88.86016875672013,5,False,VRDMLMJLQY,11,group1
8398,1.0,2024-01-22,signup,8,105.14676198494756,5,False,YVEEUTXPTC,4,group1
8401,1.0,2024-01-17,signup,2,84.50983236212099,2,False,DIOXHHUTJN,7,group1
8403,1.0,2024-01-14,signup,9,89.98972945593444,6,True,FKNJVWPVEQ,12,group1
8408,1.0,2024-01-16,signup,3,85.50008886521026,6,True,HUIMLGLUBR,11,group1
8414,0.0,2024-01-02,signup,3,90.70467157952906,2,False,COMPDTKJOV,4,group1
8416,1.0,2024-01-30,signup,4,106.85329012475516,6,True,CODRVMCHBD,12,group1
8423,0.0,2024-01-18,signup,1,97.82357271434626,8,True,ZAOUNXWMYT,1,group1
8426,0.0,2024-01-29,signup,3,99.43042860358142,7,True,FVOSXZAJXC,14,group1
8438,1.0,2024-01-16,signup,5,99.4834450295888,4,True,FQNTVPECHA,16,group1
8446,1.0,2024-01-22,signup,7,99.7718679174084,7,True,JRCSJQZRQJ,17,group1
8448,0.0,2024-01-25,signup,7,105.73329761347956,4,False,DWXIZCCODL,1,group1
8451,0.0,2024-01-31,signup,6,104.14559302625815,9,True,POYAVSIHLY,5,group1
8452,1.0,2024-01-22,signup,3,123.2300494508691,9,True,AIBXDAMJDE,16,group1
8453,0.0,2024-01-01,signup,3,106.2860810820592,5,False,MAXOMNPSPY,3,group1
8459,0.0,2024-01-09,signup,4,100.07753338865714,6,True,SQOKGFHUZW,3,group1
8462,0.0,2024-01-01,signup,4,93.36056570610435,2,False,QWWCPEPEHR,9,group1
8471,0.0,2024-01-02,signup,7,88.32167888149385,1,False,MPPOETBNWQ,6,group1
8472,0.0,2024-01-16,signup,6,89.02507995703208,7,False,EWFLOYSRTB,7,group1
8474,1.0,2024-01-14,signup,6,91.53068357931288,5,False,LJERLXERYO,19,group1
8484,1.0,2024-01-09,signup,3,104.51857548853155,4,True,HBNAXBXDFP,14,group1
8490,1.0,2024-01-19,signup,4,113.21460665324943,1,True,YMSWEEJFRE,11,group1
8497,1.0,2024-01-23,signup,3,95.71163303855924,8,True,KRKJISITVQ,5,group1
8500,0.0,2024-01-29,signup,3,103.7358582424498,8,True,LCDPCGIMZS,1,group1
8502,0.0,2024-01-31,signup,5,102.30179463666376,9,True,VTHEXUZWCX,12,group1
8506,0.0,2024-01-06,signup,3,96.42090781077268,3,False,YSTDQRMYHC,3,group1
8521,0.0,2024-01-22,signup,6,93.54932750492895,2,True,TAYZJKDPWR,3,group1
8524,1.0,2024-01-05,signup,8,93.54184315907776,9,True,KRAQGHYBIK,15,group1
8528,1.0,2024-01-13,signup,8,115.88760632820816,2,True,YZTGFFZRUA,31,group1
8538,0.0,2024-01-11,signup,3,89.98470958139877,3,False,OQYGZEWJBW,6,group1
8543,1.0,2024-01-25,signup,6,90.29893481286156,2,False,BFZWCEHBEF,13,group1
8547,0.0,2024-01-10,signup,3,97.26283119199653,9,False,VCBSIYWQGY,4,group1
8550,1.0,2024-01-09,signup,4,94.16045281974708,5,True,MOMOKJHCOS,18,group1
8554,0.0,2024-01-06,signup,5,89.42375968034126,7,True,NZMSMRFOTQ,1,group1
8555,1.0,2024-01-06,signup,3,107.1086854899979,9,False,PJTPIFPPCY,15,group1
8558,1.0,2024-01-27,signup,4,90.90515801983048,4,False,DVERMSJMZR,14,group1
8563,1.0,2024-01-13,signup,7,95.17742235552716,1,True,LSUASLIFSQ,10,group1
8566,1.0,2024-01-05,signup,5,96.43566246076496,7,True,TDEYMRGPQD,8,group1
8571,0.0,2024-01-19,signup,8,99.23492151907703,8,False,PFOJQREYIB,7,group1
8573,0.0,2024-01-15,signup,8,78.90857046020031,6,False,BDXILDGXBW,2,group1
8577,0.0,2024-01-14,signup,8,99.91102286719736,6,True,HMMFWMRHSF,4,group1
8579,0.0,2024-01-17,signup,11,105.7110467130879,7,False,FGOISQRGOA,7,group1
8580,0.0,2024-01-22,signup,6,89.75247102301124,6,True,MYMLIMCPGJ,10,group1
8581,1.0,2024-01-07,signup,4,84.90572941059628,4,True,LCYFFDBAQQ,7,group1
8585,0.0,2024-01-28,signup,4,93.5546972381116,2,False,MSZPRLTPGO,6,group1
8587,1.0,2024-01-18,signup,10,105.48884966165684,3,True,GPANBPLGNY,15,group1
8591,0.0,2024-01-18,signup,5,92.86956593770849,1,False,SGONDKEWWI,11,group1
8598,1.0,2024-01-09,signup,4,106.08168282043684,1,True,FZETSGKFXI,16,group1
8606,1.0,2024-01-19,signup,8,92.75988460295744,3,False,MMHXSOMSNQ,14,group1
8610,0.0,2024-01-14,signup,4,105.8215008888153,2,True,,4,group1
8611,1.0,2024-01-04,signup,4,89.78306500223701,9,False,LEMDSOVLTD,13,group1
8618,0.0,2024-01-26,signup,5,82.36721905241869,7,False,NVPQVUGXVJ,3,group1
8630,1.0,2024-01-17,signup,4,109.33100384086528,6,True,FYLBEHOKCE,13,group1
8635,1.0,2024-01-20,signup,6,116.62295151912777,8,False,WTKLYIATDL,16,group1
8639,1.0,2024-01-10,signup,8,85.43267349433829,2,False,GTIIGDRUOJ,16,group1
8644,1.0,2024-01-10,signup,6,101.38889385977944,4,True,BZGZYJSVQL,20,group1
8646,0.0,2024-01-23,signup,3,88.57327001072943,3,True,GWDULVNRYC,2,group1
8655,0.0,2024-01-17,signup,5,88.7844266168457,3,False,CDMRIQDYVL,8,group1
8657,0.0,2024-01-04,signup,5,92.56024812844984,2,True,MEABRPYKTZ,1,group1
8662,0.0,2024-01-28,signup,7,114.0179805346636,3,False,SXLZOCVZRY,7,group1
8668,0.0,2024-01-08,signup,7,98.31632336200038,9,False,GOUPNNKNGF,6,group1
8670,1.0,2024-01-06,signup,4,65.21379997421121,7,True,RFVVDJFEMQ,15,group1
8677,1.0,2024-01-05,signup,5,105.88570000941765,7,True,MLVCYRNKIF,19,group1
8678,1.0,2024-01-12,signup,10,104.18995940092152,5,True,IPPEBAYARQ,13,group1
8680,0.0,2024-01-09,signup,6,80.91595867983011,4,False,LFYVOZBMAM,4,group1
8681,1.0,2024-01-17,signup,6,118.15267185386324,7,False,QTXQHBWLMD,5,group1
8684,0.0,2024-01-22,signup,8,98.22448946823955,9,False,JGHRPLVJHQ,1,group1
8687,0.0,2024-01-03,signup,2,96.183155721798,7,False,RUVTQMCOOW,1,group1
8694,1.0,2024-01-28,signup,7,98.58099197586496,8,False,KHNQOMUMWI,4,group1
8698,0.0,2024-01-08,signup,6,98.93700295830878,2,True,CCFBJJPCJF,6,group1
8708,0.0,2024-01-04,signup,3,88.8832851456722,4,False,TMXFGDDXQM,3,group1
8714,1.0,2024-01-11,signup,5,104.2362254136044,7,False,QMTCBELCXS,7,group1
8715,1.0,2024-01-31,signup,4,86.82192621247358,3,True,ZLVKSPNPGD,13,group1
8724,1.0,2024-01-15,signup,3,106.51911088730616,7,True,HYPKHTLAFQ,13,group1
8726,0.0,2024-01-09,signup,2,112.70849775144474,1,True,AYGRLHZREK,2,group1
8728,0.0,2024-01-03,signup,2,110.24076039063436,4,False,PVSCWPPLKB,4,group1
8731,1.0,2024-01-12,signup,7,102.79992227674654,4,False,YGYILEPHFK,8,group1
8737,0.0,2024-01-14,signup,6,94.19198428227875,9,False,MMKZHSKOQU,4,group1
8747,0.0,2024-01-30,signup,5,120.11289726500856,2,False,JXCRMBPJYQ,1,group1
8757,0.0,2024-01-02,signup,6,95.68563888178711,9,False,EWGTKWVOIW,4,group1
8763,1.0,2024-01-01,signup,3,102.670692038836,5,True,OCSFCGGKUI,17,group1
8765,1.0,2024-01-27,signup,3,75.31734688455157,1,True,SHCDANVZGZ,7,group1
8767,0.0,2024-01-10,signup,1,98.51851986795737,8,True,TVBPUHZKZA,2,group1
8768,0.0,2024-01-06,signup,8,86.54004029222999,6,True,RJHPJFJXRU,6,group1
8771,0.0,2024-01-06,signup,5,88.78744779193367,6,True,SHXIPOAIOJ,2,group1
8772,1.0,2024-01-05,signup,4,108.801356263616,4,True,IUSHWAQWDD,21,group1
8777,0.0,2024-01-31,signup,2,97.92644377148513,2,False,ROJVKPPACP,3,group1
8788,0.0,2024-01-23,signup,5,71.55104058496548,8,True,CJRQGWTDCS,4,group1
8790,1.0,2024-01-16,signup,4,91.5032291663058,2,False,YRGXMGUXZI,10,group1
8799,0.0,2024-01-28,signup,3,99.5631156732257,6,False,NHGLLLQDFC,2,group1
8801,0.0,2024-01-26,signup,3,114.57160357530964,4,False,GJUUTJQKSV,3,group1
8807,1.0,2024-01-12,signup,3,93.13867367379262,3,False,YGCCOARDSL,12,group1
8809,0.0,2024-01-07,signup,3,103.57607808157258,2,True,YNHTKRKQXL,2,group1
8812,1.0,2024-01-29,signup,4,129.59517182407083,5,True,SQKPERQWGO,14,group1
8815,1.0,2024-01-03,signup,1,111.60377752171205,8,True,XUDWKHCOTH,19,group1
8819,0.0,2024-01-02,signup,5,98.9724792193741,6,True,IGRCKRUDNP,2,group1
8828,0.0,2024-01-15,signup,5,113.0829391367934,4,True,IHICWBXNCK,2,group1
8829,0.0,2024-01-12,signup,6,97.46464109099244,5,True,MGAQGZIRTE,8,group1
8831,0.0,2024-01-31,signup,3,90.01825325933609,7,True,QHAWZVWIGZ,8,group1
8832,1.0,2024-01-22,signup,6,97.27728304880782,3,True,WSJDBMRINA,7,group1
8836,1.0,2024-01-11,signup,6,109.63769307277418,9,True,FNBWALYWEU,16,group1
8837,1.0,2024-01-08,signup,2,101.64679712132424,5,True,VQIEBSMYCF,27,group1
8840,1.0,2024-01-17,signup,4,109.87174806021643,9,False,OPJTMIPJKU,10,group1
8843,1.0,2024-01-21,signup,3,110.2084145489144,4,False,ECCRYEQQHX,15,group1
8844,0.0,2024-01-28,signup,0,84.54343630288929,3,True,BCFMVSUKMG,3,group1
8845,1.0,2024-01-13,signup,6,114.47445375752312,5,True,KDISVBCBNZ,14,group1
8847,1.0,2024-01-29,signup,5,95.21540863494896,6,False,OIAIOQBUDR,14,group1
8853,1.0,2024-01-18,signup,3,86.18133628383897,7,False,MRZATVWSMW,5,group1
8856,0.0,2024-01-22,signup,8,105.43144690005144,8,False,,1,group1
8862,1.0,2024-01-21,signup,1,95.60086695360695,4,True,YLGSEEROLP,9,group1
8863,1.0,2024-01-24,signup,6,98.5738627366506,9,False,WXYQNTIPVR,4,group1
8869,0.0,2024-01-27,signup,6,102.68830936838998,1,False,TMAVYVWSQQ,4,group1
8880,1.0,2024-01-03,signup,9,113.2475826626641,3,False,REVEATQYWD,17,group1
8884,1.0,2024-01-23,signup,6,97.13076502594986,2,True,WKTUEVGAZY,4,group1
8901,1.0,2024-01-02,signup,3,111.55279584590188,1,True,NAQGOKPOGO,9,group1
8905,1.0,2024-01-04,signup,3,94.13807527467422,3,True,TVICAKEHXP,17,group1
8908,1.0,2024-01-23,signup,2,90.7273282892384,6,True,TBOXJQQNEA,9,group1
8912,1.0,2024-01-09,signup,3,115.52626211627371,2,False,JSQXSHMBHI,14,group1
8914,0.0,2024-01-26,signup,6,99.7276942252093,7,True,OHWICWDNHK,7,group1
8916,1.0,2024-01-02,signup,8,107.4539998091926,4,False,MQNLHHLOPH,6,group1
8918,0.0,2024-01-02,signup,7,79.89102535611862,3,True,NXJWQCYQBJ,2,group1
8919,1.0,2024-01-27,signup,7,103.16439181203717,4,False,UFRUGEIZMN,17,group1
8920,1.0,2024-01-05,signup,9,107.83633607131448,1,False,KYMUFOPYVW,18,group1
8922,1.0,2024-01-22,signup,6,96.53440198580608,1,False,DFTXRDDCHH,13,group1
8926,1.0,2024-01-23,signup,4,108.851513702177,7,True,CMRDMTZINL,18,group1
8928,0.0,2024-01-10,signup,7,89.0600851128829,7,True,ANBQIPAHZW,2,group1
8932,0.0,2024-01-23,signup,8,126.72176628704412,5,False,EXLKCDJNYK,6,group1
8933,1.0,2024-01-16,signup,9,110.0558623642358,3,False,KRDMVIPTNM,13,group1
8937,1.0,2024-01-29,signup,6,110.02116965427628,9,False,EZDRRPTHUS,14,group1
8939,0.0,2024-01-23,signup,4,98.54945900182116,9,True,AKIQWCJTOO,1,group1
8940,0.0,2024-01-15,signup,6,86.05192785145434,1,False,AYUDXPKKST,14,group1
8942,1.0,2024-01-07,signup,7,107.35965365699934,4,True,RUKGXYNKIG,19,group1
8943,1.0,2024-01-04,signup,9,110.57160890225144,6,True,CBFBCEAFOG,13,group1
8944,0.0,2024-01-21,signup,9,97.21082444442531,3,True,OHUQMUPWNC,1,group1
8947,1.0,2024-01-12,signup,4,104.77195861374328,9,False,FMGAEJTFGI,21,group1
8954,0.0,2024-01-07,signup,5,92.5809237430787,2,True,LCWXVYNKYI,1,group1
8955,0.0,2024-01-06,signup,6,95.37528593547304,6,True,KUZEHAUOTH,4,group1
8956,1.0,2024-01-14,signup,6,93.52825516441442,1,False,ZWCADXOTGL,9,group1
8957,1.0,2024-01-23,signup,4,106.8892088320453,4,True,TXNJZYXHEV,23,group1
8958,1.0,2024-01-27,signup,5,103.82661552342329,6,False,QXTBAYGWUO,26,group1
8961,1.0,2024-01-04,signup,6,86.5800662512633,1,False,IVKHEBDYIZ,7,group1
8966,1.0,2024-01-13,signup,4,102.16087692217796,1,False,QAMZABVICD,7,group1
8967,1.0,2024-01-10,signup,7,100.47638554645708,6,True,DLOHSRXRMY,20,group1
8968,1.0,2024-01-23,signup,6,110.20872016942224,9,True,CGVNDCEJOA,18,group1
8974,0.0,2024-01-22,signup,5,103.5246215421958,1,False,RGNBOYKHPC,2,group1
8975,1.0,2024-01-12,signup,5,116.3182659816072,9,False,DSUYFXREVY,11,group1
8976,0.0,2024-01-31,signup,3,114.70709578403851,6,True,GMZNXQFZMZ,1,group1
8978,1.0,2024-01-19,signup,3,93.37542353812256,9,True,REXPZLADOG,8,group1
8982,1.0,2024-01-02,signup,4,106.66861213108778,6,True,CDNSRERPLZ,15,group1
8983,1.0,2024-01-24,signup,2,114.25678539487949,7,True,FAFXZEYHBN,8,group1
8993,0.0,2024-01-19,signup,6,85.82156100946203,5,False,DPMYZYLIZA,2,group1
9003,0.0,2024-01-25,signup,5,113.40973280391944,6,True,VXZAJDYYLZ,12,group1
9005,0.0,2024-01-14,signup,9,100.85532921129963,7,True,OGPSOWPOOR,1,group1
9009,1.0,2024-01-26,signup,8,103.14632480084472,7,False,GKRZRAHZRE,32,group1
9015,0.0,2024-01-17,signup,4,95.14786591772068,2,False,FEGHLKNARP,1,group1
9017,1.0,2024-01-07,signup,10,118.09867270266685,4,False,BOQYPHGPIS,10,group1
9018,0.0,2024-01-01,signup,6,87.16442875866215,8,False,HIUCOLIGHC,10,group1
9019,1.0,2024-01-03,signup,3,99.9075906774143,5,False,CIOZZKWTAZ,14,group1
9027,0.0,2024-01-16,signup,3,101.23235657903552,5,True,QSKFVCPSTJ,2,group1
9030,0.0,2024-01-23,signup,4,106.7575086207465,8,False,ZGTTOVGGVU,1,group1
9036,0.0,2024-01-11,signup,4,116.58263275463229,7,True,CFYAKRQGVK,2,group1
9039,0.0,2024-01-01,signup,4,108.04951589655684,1,False,BTUFOWBOYX,1,group1
9045,0.0,2024-01-04,signup,4,99.183506132661,2,True,OMRDKMWRHG,1,group1
9051,1.0,2024-01-10,signup,4,121.24758985906745,1,True,ITBRPMVHZU,31,group1
9052,0.0,2024-01-20,signup,6,96.52311377728844,8,True,QFJPNVFFGP,15,group1
9059,0.0,2024-01-07,signup,9,94.81618571857696,7,True,FFJCRPIHDR,7,group1
9063,0.0,2024-01-30,signup,7,95.8899248776614,1,True,RKGNYCJQCP,1,group1
9065,0.0,2024-01-15,signup,4,84.91662602165985,1,False,MWMUDZGYZZ,7,group1
9066,0.0,2024-01-16,signup,2,101.09704705449585,6,False,FLFUBWUXIG,1,group1
9075,1.0,2024-01-22,signup,4,105.81369412559846,7,False,TSUUHIBPBM,13,group1
9076,1.0,2024-01-17,signup,5,112.61078833891771,5,False,OZEGOZOKOR,14,group1
9077,1.0,2024-01-13,signup,8,96.54039487171931,9,True,HHVDNJFZQU,21,group1
9078,1.0,2024-01-02,signup,4,112.19351216980635,5,True,VDWFQGALHA,24,group1
9081,0.0,2024-01-22,signup,5,104.15760049452756,5,True,LIXHINLOTY,4,group1
9083,1.0,2024-01-08,signup,5,97.27539628479232,5,True,NWGPYTLLMW,11,group1
9097,0.0,2024-01-25,signup,5,116.58385530613268,8,True,PCJQXECGZI,6,group1
9106,0.0,2024-01-27,signup,5,86.26800863180316,6,False,HITAYUTMFO,15,group1
9107,1.0,2024-01-08,signup,3,100.92937840179138,3,False,TNMEKAVGLW,18,group1
9109,1.0,2024-01-11,signup,10,108.8054223208582,9,True,ODXNTISXSX,8,group1
9119,1.0,2024-01-21,signup,7,101.23216048381508,2,True,LNTFMHXDXM,15,group1
9121,0.0,2024-01-04,signup,6,106.68273412550808,8,False,CYPDWXUHHG,10,group1
9122,1.0,2024-01-19,signup,3,98.69982944403372,2,False,JNELELVHXF,23,group1
9124,0.0,2024-01-01,signup,8,97.54238861260092,8,True,MPOMJZIBWT,1,group1
9126,0.0,2024-01-22,signup,4,95.76940890747176,7,True,PRNLQMJCBZ,2,group1
9127,1.0,2024-01-14,signup,6,108.60299190734824,9,True,LYAECLTHHT,7,group1
9135,1.0,2024-01-14,signup,4,104.7039144808722,2,False,LRIXNUKRNE,10,group1
9141,0.0,2024-01-29,signup,6,94.17072240566188,9,True,DLIBPQHLYE,2,group1
9147,0.0,2024-01-07,signup,3,99.48761075892403,8,True,OOVBUEUUJG,4,group1
9153,0.0,2024-01-30,signup,6,109.37627421457634,2,False,ILTFLEWDMN,4,group1
9157,1.0,2024-01-10,signup,4,101.10746413204116,2,True,BRZUKIQSDO,10,group1
9159,0.0,2024-01-25,signup,3,117.24888140839516,4,True,UJHPPHYJPV,1,group1
9161,1.0,2024-01-12,signup,9,89.03355219227981,8,False,IGXVLHHNQS,14,group1
9163,0.0,2024-01-25,signup,5,103.90113851397732,9,False,FJDZWJYXSU,13,group1
9165,1.0,2024-01-14,signup,5,110.41763033603524,6,False,DVRQFSBYLU,14,group1
9174,0.0,2024-01-30,signup,2,111.4737737427058,7,False,ZBJTYBIGGI,8,group1
9176,0.0,2024-01-03,signup,8,112.20871078412948,6,True,JXODHIHFVI,7,group1
9180,0.0,2024-01-12,signup,1,99.62865585819354,7,True,YXEFHFVNFD,1,group1
9183,1.0,2024-01-29,signup,6,101.22304526501048,9,False,CDVGLDDPLR,13,group1
9191,0.0,2024-01-09,signup,8,107.85474144346202,9,True,IPVTOHSOWN,3,group1
9192,1.0,2024-01-10,signup,6,113.52975885204135,5,True,TDPRQIMSGW,20,group1
9193,1.0,2024-01-29,signup,10,106.08059185191128,3,False,PAYWHENQCX,13,group1
9206,1.0,2024-01-13,signup,8,98.04288383486973,6,True,AAJURHRBIM,14,group1
9215,0.0,2024-01-18,signup,3,101.0416970930581,2,True,IGMFOSYPKI,2,group1
9216,1.0,2024-01-18,signup,3,100.72651856821682,4,False,KOCOJBPDJF,18,group1
9221,1.0,2024-01-09,signup,4,111.73865359350542,4,False,IQPJONSAIX,6,group1
9231,0.0,2024-01-13,signup,5,101.14785310972792,9,True,BKGMCQZUFK,2,group1
9234,1.0,2024-01-11,signup,4,110.49557003853825,7,True,PVQFWXYLGH,12,group1
9240,0.0,2024-01-03,signup,3,101.65975365299956,6,True,UXMMWSCPIB,6,group1
9248,0.0,2024-01-20,signup,3,106.48841233944836,5,False,WRQNMUXJJP,3,group1
9250,0.0,2024-01-19,signup,7,98.5306620858911,4,False,EJSNQNJKCD,5,group1
9254,1.0,2024-01-11,signup,8,114.4717782953591,2,True,BAIDUPSSXP,14,group1
9255,0.0,2024-01-09,signup,8,99.69403762527614,4,False,FCTNTNZZBJ,8,group1
9261,1.0,2024-01-31,signup,4,106.56852920189876,2,False,XNXMQBHBJP,4,group1
9262,1.0,2024-01-26,signup,11,89.1629733488072,7,False,DZSDXAFPQO,8,group1
9263,1.0,2024-01-31,signup,5,65.94127473111513,2,True,QFNVLENFVM,6,group1
9264,1.0,2024-01-31,signup,2,108.85567091503124,7,True,KDZGHMEJJF,8,group1
9274,1.0,2024-01-20,signup,10,89.6092307179249,7,True,SCIPTBCGIO,26,group1
9278,0.0,2024-01-19,signup,5,108.71327836573076,4,True,QNLNJTCOHU,1,group1
9280,0.0,2024-01-07,signup,5,95.1721694138384,4,True,IZBIFUHDBB,18,group1
9283,0.0,2024-01-04,signup,5,106.3580184348724,4,True,SLPZBURUFG,4,group1
9288,0.0,2024-01-05,signup,4,106.47896756260948,7,False,JOQCUDQYRB,9,group1
9292,1.0,2024-01-07,signup,0,110.10949694598806,8,True,HVVJRSOYEW,6,group1
9293,1.0,2024-01-25,signup,6,91.23669303984718,7,False,EKJALPEYFL,10,group1
9297,1.0,2024-01-01,signup,3,98.22358817530828,4,True,FBHBREWTGP,11,group1
9300,0.0,2024-01-22,signup,6,89.38146885354364,7,False,LJODVIOVVO,1,group1
9303,1.0,2024-01-29,signup,6,97.67563627752251,6,False,OSAYEDCKMB,14,group1
9313,0.0,2024-01-06,signup,5,115.20052115684312,8,False,GNDZVVGMOJ,2,group1
9314,1.0,2024-01-16,signup,4,94.33268574544496,8,True,UCJCJMLTPM,14,group1
9319,1.0,2024-01-03,signup,6,88.41082280387921,1,True,FUZZYFJQPG,9,group1
9321,1.0,2024-01-21,signup,4,104.3966107385733,8,True,SQWEFYXHWS,17,group1
9324,0.0,2024-01-06,signup,3,80.78019776596307,4,True,JUHFDRFWMA,4,group1
9330,1.0,2024-01-15,signup,3,105.69024026891016,5,False,WJGEPPPWKP,13,group1
9332,0.0,2024-01-02,signup,2,105.3293534031392,9,True,HBXNNRNTBN,2,group1
9333,1.0,2024-01-08,signup,7,84.38868327958596,6,False,QWCDIYEUCR,23,group1
9348,1.0,2024-01-20,signup,9,118.05786591843696,1,True,,11,group1
9357,0.0,2024-01-31,signup,6,93.70319463101026,4,True,PKWUMQIYUF,3,group1
9358,1.0,2024-01-02,signup,6,96.39799609151171,5,False,XTFSJKPKHL,18,group1
9372,0.0,2024-01-06,signup,7,105.40377912887035,7,False,IINVAXVSJQ,8,group1
9374,0.0,2024-01-16,signup,8,113.46102254499178,6,True,KPZGQBEANA,4,group1
9379,0.0,2024-01-29,signup,9,111.05245244721974,6,True,PTULNHQEDV,4,group1
9381,0.0,2024-01-18,signup,5,85.25856690119222,5,False,DYSUZSFLAP,9,group1
9382,1.0,2024-01-25,signup,8,109.69850074866378,4,False,QWGJAUIAND,14,group1
9383,0.0,2024-01-06,signup,4,105.18181579464628,7,False,XDPBOILMLF,3,group1
9384,1.0,2024-01-02,signup,3,103.69339945130685,9,True,QUFTFCISGA,20,group1
9388,0.0,2024-01-20,signup,6,105.44020691058896,1,True,INBPCXTHDB,2,group1
9397,0.0,2024-01-25,signup,3,107.9624144781433,5,False,RMOOYAAXLW,10,group1
9405,0.0,2024-01-17,signup,2,83.48455605107966,6,False,YNTYNXRSVT,1,group1
9411,1.0,2024-01-31,signup,2,104.83326715634028,5,True,QSGYKNWJSA,12,group1
9414,0.0,2024-01-06,signup,5,86.05954802600854,6,False,CFBQCXWTIT,5,group1
9415,0.0,2024-01-14,signup,7,111.57128325876153,5,True,HOKVCXTZAG,7,group1
9422,1.0,2024-01-18,signup,7,114.46285456725792,7,False,IHKKEGWJFN,12,group1
9431,0.0,2024-01-22,signup,7,101.65327172222482,2,False,DLDWGVGYYJ,4,group1
9433,0.0,2024-01-01,signup,8,99.10219812842564,7,True,BQJQQSKNSJ,1,group1
9435,0.0,2024-01-05,signup,2,100.16801709924128,6,True,NGHFHYJCYU,4,group1
9437,0.0,2024-01-01,signup,2,105.719285597523,8,True,WUHVBHVTYP,17,group1
9438,0.0,2024-01-04,signup,7,86.2395631207795,7,True,UHUYNDGDLY,4,group1
9456,0.0,2024-01-30,signup,3,95.57148156225186,1,False,WLJDVOFXNJ,6,group1
9461,0.0,2024-01-28,signup,3,93.9814041753075,8,False,PQPMXUVPDO,2,group1
9471,1.0,2024-01-03,signup,9,95.45634814820264,9,True,EBJVCQAMWG,19,group1
9472,1.0,2024-01-10,signup,8,103.75267559137532,9,True,GCIIZJBEAJ,7,group1
9479,0.0,2024-01-05,signup,7,108.07764596868174,9,False,KVIRGPJKCP,5,group1
9481,0.0,2024-01-08,signup,3,108.01889478360974,7,False,HSJNPLNMJE,6,group1
9484,1.0,2024-01-17,signup,3,104.0463545402956,2,True,JZCKWUVUMR,8,group1
9486,0.0,2024-01-01,signup,7,115.84133732695489,2,False,GVEONZLTHP,3,group1
9513,1.0,2024-01-05,signup,6,107.57536318817895,2,True,CMVMLBXEEP,12,group1
9515,0.0,2024-01-03,signup,7,99.53500272708791,1,True,AMRPNFCPFD,1,group1
9517,1.0,2024-01-02,signup,4,98.83878594334784,5,True,QPGOFHSPFA,8,group1
9520,0.0,2024-01-26,signup,4,107.110179650436,6,False,TSAJSOJWXU,4,group1
9521,1.0,2024-01-22,signup,3,103.52737155773512,9,True,RUVBKQFKLV,8,group1
9525,0.0,2024-01-22,signup,6,119.81604078043456,1,True,PSISUUNHNO,5,group1
9527,0.0,2024-01-11,signup,6,109.09138423427956,1,True,BOUMAKKJER,7,group1
9529,1.0,2024-01-03,signup,4,97.96653403613584,8,True,ROOLKIGWKR,8,group1
9531,1.0,2024-01-08,signup,4,97.44204855842078,3,True,OJNTIDFSUP,16,group1
9532,0.0,2024-01-26,signup,3,112.34884675686509,1,False,JIEHMTXUCX,2,group1
9537,1.0,2024-01-15,signup,2,100.70783384104746,3,False,GEPNYAAZSR,17,group1
9540,0.0,2024-01-28,signup,5,102.66636415074392,8,False,CMDLWSPMOC,9,group1
9543,0.0,2024-01-18,signup,10,85.71230447530449,4,True,VDDDXLVYGW,3,group1
9545,0.0,2024-01-29,signup,8,93.32984633098935,3,False,ZZDUIDJXXS,1,group1
9550,0.0,2024-01-17,signup,8,96.74026167851396,7,False,IOATNFQJIR,2,group1
9558,1.0,2024-01-03,signup,6,97.3378355816416,1,False,UDAZKCAPTA,15,group1
9580,0.0,2024-01-12,signup,4,105.0610350435379,4,True,XDXMSTDEKY,4,group1
9583,0.0,2024-01-20,signup,3,107.88209229219603,5,False,QGMJOTIUVD,12,group1
9586,0.0,2024-01-22,signup,3,108.4813923499809,4,False,NTKEJECHUP,3,group1
9589,1.0,2024-01-20,signup,4,115.46294678254148,6,True,HCCUVOFNFM,11,group1
9591,0.0,2024-01-07,signup,9,94.91337573295218,4,True,AGKFSPREAL,10,group1
9597,0.0,2024-01-14,signup,3,105.4533328228863,3,True,CDKVWATLEX,1,group1
9603,0.0,2024-01-20,signup,8,127.2475479910493,5,False,AVWWOBYOXR,5,group1
9609,1.0,2024-01-23,signup,7,126.4208885835604,8,True,ABDZNSNDWE,12,group1
9616,1.0,2024-01-13,signup,9,103.23062798031089,1,True,CDAUIRILEZ,27,group1
9617,1.0,2024-01-17,signup,6,106.41332256653898,8,False,OIZCSAWGUC,14,group1
9619,0.0,2024-01-15,signup,3,97.4515590016717,1,False,MVEQFTZWIR,2,group1
9620,0.0,2024-01-26,signup,4,98.97050323053692,2,True,EGTJJDKHGU,5,group1
9621,0.0,2024-01-12,signup,6,100.53638053460296,5,False,SXQIAHQLHL,6,group1
9623,1.0,2024-01-10,signup,7,104.83025170940314,1,False,VPPNYZFRHL,19,group1
9625,0.0,2024-01-30,signup,6,110.97756815106032,4,True,UWRIJQLQJL,5,group1
9628,0.0,2024-01-22,signup,6,105.18728738971808,2,True,CUXXJVSUNY,8,group1
9630,0.0,2024-01-11,signup,4,87.84375023561512,5,False,DWDLBQRRMK,8,group1
9637,0.0,2024-01-12,signup,8,95.6797891553132,4,True,FYOETEMEWB,7,group1
9638,0.0,2024-01-12,signup,1,100.8501418009806,6,True,EGQTGSRKXQ,3,group1
9647,1.0,2024-01-12,signup,5,94.91288176710827,8,True,XQYEGAKKGN,9,group1
9651,0.0,2024-01-03,signup,4,101.8770687238753,9,True,GTAQIBEWZJ,8,group1
9652,0.0,2024-01-29,signup,8,80.54093516752923,6,False,NQLRKPFGAQ,3,group1
9653,0.0,2024-01-10,signup,3,96.33924075470738,7,True,TNRLONNUAA,27,group1
9654,1.0,2024-01-29,signup,6,106.42969769779802,5,True,IHRULTCIEG,7,group1
9669,1.0,2024-01-08,signup,12,100.20147918093905,5,True,UENATBULHC,18,group1
9672,0.0,2024-01-24,signup,7,107.53366552365888,8,False,KGVYAKTWQA,8,group1
9675,1.0,2024-01-20,signup,4,93.21759980457549,4,False,IIATISIBRX,16,group1
9679,0.0,2024-01-16,signup,4,96.44562814385507,7,True,IJGSYPFTRI,3,group1
9681,0.0,2024-01-12,signup,4,87.12234152307477,8,False,TWZUFADPZT,13,group1
9682,0.0,2024-01-31,signup,4,76.55731444143558,5,True,HNFWONATIJ,1,group1
9687,0.0,2024-01-01,signup,3,91.79014209253567,3,True,VPXPMLRPVQ,1,group1
9698,1.0,2024-01-31,signup,2,87.3784943751923,6,True,WMJRZJNUMI,11,group1
9703,1.0,2024-01-30,signup,5,83.13243907787133,9,True,NTWEWJLCIP,5,group1
9707,0.0,2024-01-09,signup,5,100.70961328908264,7,True,UJNZOXTAUV,5,group1
9708,0.0,2024-01-03,signup,4,110.00169568839245,8,False,XBYXPBSOCE,4,group1
9709,1.0,2024-01-01,signup,4,113.807774230746,7,False,LHDKXXHDHG,20,group1
9716,0.0,2024-01-26,signup,7,97.36036005196786,2,True,WXQTBSKVVG,2,group1
9717,0.0,2024-01-05,signup,1,86.69978527422597,7,True,OLLIKSGCPH,7,group1
9718,0.0,2024-01-20,signup,3,84.62954948397172,2,False,GGFXXCBYCI,2,group1
9722,1.0,2024-01-13,signup,5,96.50133123184088,1,True,PMJSQZVABJ,13,group1
9732,0.0,2024-01-21,signup,7,108.21708417989312,4,False,QYBFQOHBPL,24,group1
9736,1.0,2024-01-10,signup,7,108.48297031480703,7,True,LLKIMZRFAG,12,group1
9738,0.0,2024-01-27,signup,8,104.50888810722668,7,False,JHOUMWMRXA,1,group1
9739,1.0,2024-01-03,signup,4,111.62338082163672,7,False,XBOKHZRNIX,8,group1
9743,1.0,2024-01-29,signup,6,82.75421220672555,1,True,YKNBVXZXAP,16,group1
9744,0.0,2024-01-17,signup,5,98.8793724276328,6,True,PBRXWXRJXR,12,group1
9745,1.0,2024-01-04,signup,7,108.31843140449008,4,True,MPHBRYQDLY,16,group1
9748,0.0,2024-01-10,signup,3,88.71340139210065,6,False,CXAGGSHZNB,4,group1
9750,0.0,2024-01-28,signup,4,103.17272188920867,6,False,DGSQSVPPBU,1,group1
9752,0.0,2024-01-01,signup,9,124.80192193932722,9,False,IJXZIYUQDN,5,group1
9754,0.0,2024-01-26,signup,2,86.78583890684956,3,True,YRPPHFWDQJ,3,group1
9759,1.0,2024-01-18,signup,6,101.54893816080798,9,True,PGOLUBVYRV,22,group1
9769,0.0,2024-01-28,signup,7,94.45454595966108,1,True,BLEBOOJNQU,6,group1
9770,1.0,2024-01-28,signup,2,101.38675309030045,9,True,VKYGHKEKLI,5,group1
9771,0.0,2024-01-23,signup,6,97.91695108465788,2,False,PNFUNDARCI,3,group1
9772,0.0,2024-01-22,signup,3,104.87145589987054,3,False,GDQZLIOCWR,1,group1
9774,1.0,2024-01-06,signup,3,102.4730380697679,5,True,FCYUXYIGGD,16,group1
9779,1.0,2024-01-21,signup,6,111.51910871556952,9,False,DKBYBGODOX,12,group1
9781,0.0,2024-01-03,signup,7,92.58899347539464,7,True,MAZBBJQRNY,7,group1
9787,0.0,2024-01-19,signup,3,87.66327578667978,7,False,ALVSZMFNUD,5,group1
9789,0.0,2024-01-09,signup,1,101.97512444736697,7,False,FOVYLHGWRW,2,group1
9791,1.0,2024-01-14,signup,6,98.80845321500468,4,True,YCQPNMJQIA,29,group1
9792,0.0,2024-01-02,signup,1,113.7282247258167,7,False,ZKWSKJZRFJ,1,group1
9793,0.0,2024-01-21,signup,3,116.893516593587,6,False,FIXNUHDXPW,3,group1
9794,1.0,2024-01-04,signup,4,97.92789347342006,1,True,AYPCNDSEGM,10,group1
9801,0.0,2024-01-02,signup,4,94.17057189925642,7,True,HLCXZMGQWK,3,group1
9803,1.0,2024-01-19,signup,4,95.66442630270694,3,False,MKGWCYTFDZ,16,group1
9804,1.0,2024-01-08,signup,7,103.2817281250604,4,True,HAYIQTDOOL,12,group1
9809,1.0,2024-01-25,signup,6,121.76205239542873,4,True,SOYGIRNMVG,17,group1
9810,0.0,2024-01-30,signup,4,105.06898477288512,4,True,YRPTXYXQSZ,3,group1
9812,0.0,2024-01-18,signup,3,87.53893999444054,6,True,CUCAVXIQOK,5,group1
9819,0.0,2024-01-25,signup,2,111.97205092706623,7,False,CGBIECEJPX,2,group1
9824,0.0,2024-01-28,signup,4,86.62527526733317,8,False,MDMSIDLLIW,2,group1
9826,0.0,2024-01-26,signup,12,93.30727935367828,2,True,HQXZWXBSPR,5,group1
9835,0.0,2024-01-23,signup,4,102.95158579599956,3,True,TBHJNNWCXA,1,group1
9846,1.0,2024-01-28,signup,3,89.67837093194011,3,False,URVARRIBAV,12,group1
9847,0.0,2024-01-04,signup,3,99.15201542854088,8,True,KMVMRDBFEG,1,group1
9849,1.0,2024-01-10,signup,6,90.14472002345224,4,False,CWHXKIKNAF,6,group1
9850,1.0,2024-01-18,signup,5,99.63824468966594,6,True,GSDUMGKKZO,16,group1
9854,1.0,2024-01-01,signup,5,110.3267337753164,7,False,ZJNRKCLLKA,11,group1
9862,1.0,2024-01-12,signup,2,98.48599487668491,3,False,SWDEPMTWNT,17,group1
9864,1.0,2024-01-02,signup,6,99.42075415736213,5,False,GLNRLTZLAV,12,group1
9865,0.0,2024-01-19,signup,5,126.92776158145232,9,True,QCRINUOKLH,3,group1
9868,1.0,2024-01-10,signup,7,79.05186935730688,7,True,UJZOJNPBMC,6,group1
9869,0.0,2024-01-17,signup,6,109.10624721275128,1,True,HDTREUUIBU,1,group1
9873,0.0,2024-01-27,signup,3,102.90257977110942,8,True,XSMVTQDUWG,7,group1
9874,1.0,2024-01-11,signup,4,107.77654928893104,4,False,QHKOJPIVXI,9,group1
9879,1.0,2024-01-19,signup,5,94.691441308841,6,True,HJYUGBHTAR,9,group1
9898,1.0,2024-01-23,signup,5,98.26953195538762,8,False,IUZVFZXTLD,17,group1
9901,0.0,2024-01-01,signup,2,112.88449972412816,2,True,WOVQDNQQKH,7,group1
9902,0.0,2024-01-24,signup,4,105.777112557237,4,True,AYFDKJINMM,1,group1
9903,1.0,2024-01-29,signup,5,103.328707671461,7,True,QIBIFYCTMH,19,group1
9905,0.0,2024-01-29,signup,4,99.56525628870922,5,False,HUWWMYRIAI,4,group1
9912,0.0,2024-01-08,signup,8,96.38808526916098,5,True,FCIPDZJQJY,3,group1
9917,0.0,2024-01-21,signup,7,91.99978780860432,2,True,VYXIGQJMQU,1,group1
9921,1.0,2024-01-10,signup,6,97.91577485189892,1,False,JWKEEDYOXD,26,group1
9922,1.0,2024-01-28,signup,1,113.6588674420634,9,False,XNVFCAOPJW,12,group1
9928,1.0,2024-01-20,signup,6,93.26617042690091,1,False,FJVIZYAEFN,13,group1
9930,1.0,2024-01-20,signup,4,90.78609136398394,3,True,CZVZHLBZOP,12,group1
9937,1.0,2024-01-15,signup,2,97.02646850493292,2,False,LSIGBTAGSN,19,group1
9939,1.0,2024-01-14,signup,2,106.12226913568011,5,False,OCFIVNUKOS,7,group1
9942,0.0,2024-01-29,signup,6,85.82781767365717,8,True,XRCDMRZGUH,5,group1
9945,0.0,2024-01-14,signup,1,91.8983077992926,6,False,BZWBSWNEWW,1,group1
9953,0.0,2024-01-03,signup,2,94.30654222099253,8,True,AXUXDIPEYL,3,group1
9957,1.0,2024-01-20,signup,2,95.27921537052802,1,True,ASTTQPJFVJ,6,group1
9960,1.0,2024-01-22,signup,4,98.43804384732908,3,False,UPJHDYQJPZ,33,group1
9961,1.0,2024-01-15,signup,8,113.05064993128865,7,False,EZUJXLGPSL,11,group1
9969,0.0,2024-01-01,signup,4,86.09825330079164,4,True,MKAUXKOLWQ,2,group1
9970,0.0,2024-01-09,signup,6,99.48789111813016,1,True,MUDVYPCTBF,2,group1
9981,1.0,2024-01-20,signup,6,90.72550879239068,7,True,WMWKVKMISY,13,group1
9988,0.0,2024-01-04,signup,8,109.72314457749825,1,True,LIQTZNOOEM,8,group1
9990,0.0,2024-01-15,signup,4,92.14623920609635,4,False,LKFTELMNZP,1,group1
9999,0.0,2024-01-30,signup,5,99.40585691638216,9,False,CCEMRNNMRB,7,group1
10001,0.0,2024-01-17,signup,5,110.82684436317903,3,False,LFIWBWUBFF,7,group1
10005,1.0,2024-01-14,signup,4,124.0530486921422,4,False,TBAMBLSUOW,18,group1
10026,1.0,2024-01-20,signup,6,105.02920019860206,8,True,EPYJHZSBPZ,20,group1
10029,1.0,2024-01-18,signup,6,111.88829199930665,2,True,HHVZYFEERE,16,group1
10032,1.0,2024-01-11,signup,6,95.27498400148733,7,False,AWCKWXRNBI,7,group1
10036,1.0,2024-01-25,signup,2,101.11618087495384,4,False,JGCVHIYVQN,30,group1
10038,1.0,2024-01-14,signup,7,108.72154973723178,3,True,QVHYAYFJIB,19,group1
10039,0.0,2024-01-12,signup,4,95.35181208938248,5,False,FUWMNBWGNW,1,group1
10041,0.0,2024-01-26,signup,6,111.49318139483545,9,False,ZQIHEJLMYU,8,group1
10052,1.0,2024-01-11,signup,2,109.19217157931364,2,True,RIXHGCSLTI,10,group1
10059,0.0,2024-01-04,signup,4,93.44694191612804,6,True,SKZABXPEBJ,4,group1
10064,0.0,2024-01-17,signup,2,116.11726360840832,5,True,ZMLLCXRBPK,1,group1
10066,1.0,2024-01-30,signup,7,107.6365784548085,9,False,PLFACDRPSW,11,group1
10067,1.0,2024-01-16,signup,7,86.96615843109362,3,True,VFRWGXREVC,5,group1
10073,0.0,2024-01-01,signup,3,98.87096605792112,7,True,BIESEPTJIG,20,group1
10077,0.0,2024-01-09,signup,6,99.88368075097398,7,False,RSXGQZXPIQ,7,group1
10081,1.0,2024-01-13,signup,5,110.65320678849083,9,False,ZZFPBNUSVL,11,group1
10082,1.0,2024-01-16,signup,8,99.96219887315594,7,True,ZGJCPISZQU,13,group1
10083,0.0,2024-01-22,signup,7,94.40747031171304,2,False,JZRPUHQNNP,2,group1
10084,0.0,2024-01-11,signup,5,94.02741649238068,9,False,NHCZLWYOEP,1,group1
10087,0.0,2024-01-26,signup,5,108.2999473757878,3,False,MBQEZHLWZB,2,group1
10091,0.0,2024-01-29,signup,4,103.01835619568284,6,True,MBKVOOOJIF,2,group1
10093,1.0,2024-01-01,signup,4,62.07577794091665,1,False,EQVSQHAONR,9,group1
10096,1.0,2024-01-05,signup,4,100.14598359730256,3,True,LZMAMZGVDK,16,group1
10101,1.0,2024-01-06,signup,10,98.58668449036657,5,False,JJCQVKDIXI,10,group1
10126,0.0,2024-01-20,signup,7,100.6204812470309,4,False,MQKUIATYIZ,15,group1
10137,1.0,2024-01-19,signup,5,108.15074953380989,5,False,TTYTCFGHXY,8,group1
10139,1.0,2024-01-04,signup,7,113.59836453042982,4,True,YHOLTTBSIY,7,group1
10140,0.0,2024-01-09,signup,5,117.7995934260358,8,False,DYTPERKCUL,1,group1
10144,1.0,2024-01-19,signup,7,86.53126679719666,4,False,JHOIMIOWAQ,12,group1
10152,0.0,2024-01-18,signup,8,94.8864798263028,2,False,HKQPLFPOYF,9,group1
10158,1.0,2024-01-26,signup,2,113.22386658683868,4,True,CGMXKOHQAY,7,group1
10164,1.0,2024-01-15,signup,1,90.74602061122168,9,True,HTYWKGXWGS,18,group1
10165,0.0,2024-01-30,signup,6,101.39395075003225,1,True,SSTLMNLTLH,9,group1
10170,1.0,2024-01-07,signup,6,83.33973419237644,7,True,CDATBCLTFJ,9,group1
10177,0.0,2024-01-13,signup,2,98.6391329378253,5,True,HKSFUXDZOM,7,group1
10187,1.0,2024-01-04,signup,7,90.35448975559356,4,False,YBKPZBTEOV,5,group1
10195,1.0,2024-01-06,signup,4,112.52316703628333,5,True,HCWEXRGKXD,13,group1
10201,0.0,2024-01-17,signup,3,89.62565281329766,7,True,SMTAACMZBK,12,group1
10202,0.0,2024-01-29,signup,4,104.63649821928438,3,False,QCOUWKIIEM,7,group1
10203,0.0,2024-01-18,signup,6,97.35940820780202,1,False,WMHSMDQRTP,5,group1
10205,0.0,2024-01-26,signup,3,79.17215784906517,9,True,KYNGFOZFIQ,5,group1
10212,0.0,2024-01-31,signup,4,118.742828983619,8,True,VNKJUWKOIU,2,group1
10213,1.0,2024-01-12,signup,2,107.61811381183252,6,False,THIOCXMDVS,25,group1
10223,0.0,2024-01-13,signup,5,97.4011271310014,7,False,KEWNHHFGFC,18,group1
10225,1.0,2024-01-17,signup,5,96.79548132741556,1,True,KGOAAOKKSI,7,group1
10226,1.0,2024-01-31,signup,7,103.40722869155591,5,True,BGHBIIIEDS,14,group1
10234,1.0,2024-01-20,signup,3,99.61233216328192,5,True,QEXCXLJESZ,16,group1
10235,1.0,2024-01-16,signup,7,86.0888343527201,8,True,PQDIUAXXMX,7,group1
10238,1.0,2024-01-10,signup,6,97.73287764903668,8,True,IXRMCQJROD,16,group1
10242,0.0,2024-01-29,signup,4,106.66879078651723,3,True,KGXTPFUKHE,2,group1
10246,0.0,2024-01-16,signup,1,95.67402679037173,4,True,VGWFFDFJHT,4,group1
10250,1.0,2024-01-30,signup,5,87.28747673103156,6,False,GLJSWMIXBE,14,group1
10252,0.0,2024-01-20,signup,5,108.8136603212537,8,True,CVDUJCGNRJ,1,group1
10257,1.0,2024-01-29,signup,3,106.46624710100492,5,False,QKVSHVVCCL,16,group1
10259,0.0,2024-01-29,signup,6,93.3927290573616,3,False,QHAKOJXJYK,17,group1
10260,1.0,2024-01-09,signup,8,96.42509417203507,6,False,MMXXIXDJAB,32,group1
10273,0.0,2024-01-18,signup,7,97.19616270240444,2,True,TFSLPXACCH,6,group1
10276,1.0,2024-01-05,signup,3,94.2810805313167,3,True,FFIGBNGSHQ,12,group1
10281,0.0,2024-01-13,signup,7,110.16206653258818,5,True,GWFJTZVNJQ,2,group1
10282,1.0,2024-01-21,signup,4,105.50212214728064,8,True,WAQETBIASO,6,group1
10286,0.0,2024-01-01,signup,8,86.46015833627003,4,True,SJWBAZVCLP,7,group1
10287,0.0,2024-01-19,signup,3,100.81067370663077,4,False,AWVFUNTVVG,1,group1
10288,1.0,2024-01-28,signup,12,109.1295564448664,9,False,GNKLDUTEZX,16,group1
10293,1.0,2024-01-07,signup,6,92.57387731937654,1,False,ASJJJHZNME,15,group1
10301,1.0,2024-01-01,signup,6,102.39117637080822,7,True,QBIUJVIONT,14,group1
10305,1.0,2024-01-14,signup,7,117.23500359616445,3,False,ZPPKHTFGLJ,16,group1
10308,1.0,2024-01-04,signup,2,102.6096928492061,5,True,MKONXJUTAK,14,group1
10311,0.0,2024-01-18,signup,7,93.66080435996764,2,False,NLFVZVZIXY,8,group1
10314,1.0,2024-01-03,signup,4,90.8398939089507,8,True,XGOBWHTTMW,7,group1
10316,0.0,2024-01-22,signup,5,102.01704459304908,8,False,WTHFISAUYN,3,group1
10317,0.0,2024-01-23,signup,4,95.03694237472077,7,True,TVPZQNANIZ,2,group1
10327,0.0,2024-01-11,signup,7,100.04126372246566,9,False,RUQKWTGGZW,1,group1
10329,1.0,2024-01-25,signup,6,104.40084265024566,5,False,WWIBHNOGQO,11,group1
10331,1.0,2024-01-25,signup,7,96.00039139407647,8,False,DZZRNKMGIG,9,group1
10332,0.0,2024-01-10,signup,5,108.79560293486102,1,True,,14,group1
10333,1.0,2024-01-13,signup,8,109.7895853346336,6,True,KCSDVIFKHN,9,group1
10334,0.0,2024-01-17,signup,5,86.13802770332519,3,True,TVPEIKQUTF,5,group1
10336,0.0,2024-01-21,signup,5,93.62200785550452,5,True,DLMBXPSIGW,8,group1
10339,1.0,2024-01-16,signup,5,113.05674396791817,6,True,PBUAACOTMR,9,group1
10342,0.0,2024-01-21,signup,4,100.603226008007,7,True,QCGEXXLHAU,4,group1
10348,1.0,2024-01-11,signup,3,119.20627761381402,6,True,SGFWTTZBMR,10,group1
10349,0.0,2024-01-29,signup,3,94.1670570514778,9,False,WDIFPOWXAN,5,group1
10350,1.0,2024-01-03,signup,8,103.14598305943171,2,False,DDHEHZJPWI,12,group1
10351,1.0,2024-01-26,signup,3,93.26860573396222,6,True,RKXJYJNXLH,9,group1
10355,0.0,2024-01-05,signup,6,93.42191502278366,1,False,KBHUJNAYCC,1,group1
10359,1.0,2024-01-15,signup,4,104.04339526925236,4,False,IFCTVNVWVR,19,group1
10360,1.0,2024-01-20,signup,2,101.9479233432086,7,True,GYHFQSCQRQ,20,group1
10361,1.0,2024-01-20,signup,7,81.61377575003513,2,False,BNHMAJOBLH,14,group1
10364,0.0,2024-01-17,signup,4,87.99712531921324,5,True,XWSYJJIENY,6,group1
10365,0.0,2024-01-29,signup,1,99.96013498060888,8,False,ZMQNARCFIU,5,group1
10366,1.0,2024-01-08,signup,7,108.62466230697568,8,False,RBGRFYWTLH,13,group1
10369,1.0,2024-01-26,signup,2,95.80991476814948,2,True,ALZAHKARTP,15,group1
10371,1.0,2024-01-25,signup,3,109.42913198694885,8,True,UMHDEYCNOA,13,group1
10373,0.0,2024-01-29,signup,8,106.5409894167968,3,False,KLMROGVIZV,2,group1
10382,0.0,2024-01-27,signup,4,73.49062254933203,3,True,TPLPJVXCAS,8,group1
10397,1.0,2024-01-27,signup,7,97.96751744941248,7,True,WRUSXPGONO,11,group1
10399,0.0,2024-01-03,signup,8,80.38585964178294,7,True,FCVLFDTLDA,2,group1
10401,0.0,2024-01-15,signup,4,94.86216000724394,2,True,SNNHMBOBXZ,6,group1
10403,0.0,2024-01-21,signup,6,102.6715391466556,2,False,FZKUXVSSIY,3,group1
10406,0.0,2024-01-22,signup,5,108.71732269453442,1,False,SVSHIGYOEX,11,group1
10410,1.0,2024-01-31,signup,4,103.25034074172572,5,True,VPSIPSEOYE,13,group1
10412,0.0,2024-01-25,signup,3,119.46098414038362,6,False,YIMMKXJWGN,3,group1
10414,1.0,2024-01-30,signup,3,98.5359413760988,9,True,IUSQOMFYGS,7,group1
10421,0.0,2024-01-05,signup,1,99.01846893720666,4,True,SAUTUJZJKV,15,group1
10424,1.0,2024-01-11,signup,3,129.96715880400708,2,False,MGEPHNSUHQ,13,group1
10430,0.0,2024-01-25,signup,5,103.78543189188848,9,True,USIXPGLKHG,1,group1
10433,0.0,2024-01-18,signup,4,117.97699649708603,6,True,VSAOUGQGCK,3,group1
10434,1.0,2024-01-07,signup,4,99.5046461597828,7,True,DTNKHTUKVK,5,group1
10437,1.0,2024-01-29,signup,5,89.08990334412245,6,True,QPFYMZSQXL,20,group1
10438,0.0,2024-01-07,signup,1,111.66342708348816,5,False,QFKMIWQDFA,2,group1
10454,1.0,2024-01-15,signup,5,97.74821100469286,9,True,FHPYTFPDNK,13,group1
10456,0.0,2024-01-14,signup,7,85.14754130712645,1,False,PSMKIMLXIL,4,group1
10465,0.0,2024-01-20,signup,5,117.72189525098638,5,False,KKWCYIRNAZ,8,group1
10466,0.0,2024-01-20,signup,11,104.76057732235073,4,True,ZZYRYYMZRX,2,group1
10470,1.0,2024-01-18,signup,7,91.78981753181924,6,False,SAEIIPZTOQ,8,group1
10473,0.0,2024-01-14,signup,6,101.85008957330508,8,False,IDWAPZEBVK,21,group1
10480,0.0,2024-01-14,signup,5,114.92400507152274,6,True,XOAFELNOVA,3,group1
10483,0.0,2024-01-08,signup,11,113.47987070329113,4,False,HYDNJAJBXV,5,group1
10489,0.0,2024-01-28,signup,10,102.38592889272628,9,True,WQNPMYWEDE,10,group1
10491,0.0,2024-01-05,signup,4,104.92051170453657,4,False,GOBQDIQZOF,9,group1
10496,1.0,2024-01-21,signup,4,89.66357574233722,2,False,JPHAGZZIKU,5,group1
10499,0.0,2024-01-09,signup,4,122.41231624927792,7,True,MLFEFFQWQT,3,group1
10508,1.0,2024-01-13,signup,3,85.76119944036674,9,False,EURCBAZIHI,7,group1
10510,0.0,2024-01-19,signup,4,101.01503396071804,9,True,OLBRNIKCLG,5,group1
10521,1.0,2024-01-30,signup,6,98.32352693548796,1,False,ERDGQKGJPP,11,group1
10523,0.0,2024-01-31,signup,3,96.14335284036122,3,False,ATCBABUBAX,3,group1
10525,1.0,2024-01-27,signup,3,100.18884246581148,5,False,ZLJQSRDJKX,11,group1
10531,1.0,2024-01-03,signup,4,91.12483827289384,8,False,EZALWLBQWP,8,group1
10533,0.0,2024-01-15,signup,3,92.09755235313813,7,False,PZWIOEBPYK,2,group1
10539,0.0,2024-01-31,signup,4,96.48475116071096,4,False,HMWBWLIZXA,1,group1
10541,1.0,2024-01-25,signup,5,93.126967682143,1,True,DODAAYGQUV,12,group1
10554,1.0,2024-01-21,signup,7,92.74982231860614,8,False,FSIBLEGSKD,6,group1
10557,1.0,2024-01-12,signup,2,87.77944588559035,9,True,KFOXUKDHML,6,group1
10563,0.0,2024-01-01,signup,6,101.13072591426568,7,True,EGTQWVKKFA,11,group1
10565,1.0,2024-01-16,signup,3,104.7897759784265,6,False,VUBQAVNTFU,27,group1
10566,1.0,2024-01-30,signup,3,102.41849248298894,6,True,OJPWXNJNYM,14,group1
10569,1.0,2024-01-06,signup,4,95.80573964176776,6,False,LHWGCREPLD,15,group1
10571,1.0,2024-01-04,signup,5,92.374117924993,8,False,BETIPFHVRC,19,group1
10578,0.0,2024-01-04,signup,2,87.04264861666084,4,False,,2,group1
10585,0.0,2024-01-10,signup,3,120.2662786137256,8,True,PANNSMSYBF,3,group1
10586,0.0,2024-01-15,signup,4,100.32524645041173,3,True,REVAKLEGNI,1,group1
10588,1.0,2024-01-10,signup,9,99.08968153356116,2,False,JVGLOIHUBA,4,group1
10590,1.0,2024-01-06,signup,1,88.45810585611514,8,False,KTEXNSGWXC,11,group1
10592,0.0,2024-01-14,signup,1,100.14689523217864,6,False,FOQQXNHQQV,2,group1
10596,1.0,2024-01-08,signup,8,97.55020638021595,3,False,HSVWSGGCDV,19,group1
10602,1.0,2024-01-01,signup,4,82.65799590582527,8,False,GRHWTVCXAZ,13,group1
10606,1.0,2024-01-12,signup,3,99.28757350042068,2,True,MKOTJCXGWA,11,group1
10612,0.0,2024-01-19,signup,4,101.21055378213802,7,False,MXMPHIXNYO,16,group1
10618,0.0,2024-01-28,signup,7,104.342878239607,6,True,KUWEPACDAS,2,group1
10629,1.0,2024-01-04,signup,3,112.24336256912798,4,False,QOHIPFPEQX,12,group1
10632,0.0,2024-01-03,signup,4,92.26766978927844,5,False,EWZVXUHPBJ,10,group1
10640,1.0,2024-01-02,signup,6,93.27309515703982,2,True,SAVBYAAXCY,16,group1
10642,0.0,2024-01-05,signup,3,104.51478122692616,6,False,GXLGOBWSGK,2,group1
10643,1.0,2024-01-16,signup,6,103.17435583129276,2,True,BJWRUYAAIV,13,group1
10645,0.0,2024-01-23,signup,8,108.53686907505818,7,False,ROKPCZPMPC,10,group1
10649,1.0,2024-01-13,signup,5,98.4458448101721,8,False,GABEBNJLXI,8,group1
10652,1.0,2024-01-11,signup,1,96.90355742846364,8,True,YVAZDWKCUX,7,group1
10654,0.0,2024-01-16,signup,4,119.71230693405712,2,True,TCXBEACWDR,5,group1
10664,1.0,2024-01-29,signup,7,101.8917970589372,3,True,VCECJKUKUM,5,group1
10669,0.0,2024-01-02,signup,4,109.97763556190192,6,False,LKIMQVWWXL,9,group1
10671,0.0,2024-01-29,signup,6,92.85768078369144,8,False,RDADJVHIIP,7,group1
10683,1.0,2024-01-15,signup,4,106.49548320532983,1,True,VDQHHTWPAP,6,group1
10687,0.0,2024-01-07,signup,7,93.71202411455388,3,True,RTAQGXBSDO,4,group1
10690,1.0,2024-01-04,signup,5,108.01629234134109,3,True,NSYKASOMUO,14,group1
10709,0.0,2024-01-19,signup,2,91.89410571878209,2,True,XWDUZFQPLE,6,group1
10712,1.0,2024-01-29,signup,6,96.70326925996255,5,False,JLRFMDMOXI,8,group1
10716,0.0,2024-01-10,signup,4,88.5465045330235,3,False,GSLXOVNNCP,4,group1
10723,1.0,2024-01-25,signup,4,84.80775101434683,7,False,NGNNPMBPTA,10,group1
10727,0.0,2024-01-06,signup,2,98.90976463918943,3,True,UGTMGEEHZN,14,group1
10728,0.0,2024-01-27,signup,4,97.12850156885996,2,True,NQOZJZNBMM,7,group1
10729,1.0,2024-01-03,signup,5,100.6692920411418,4,False,GWZEZCVFIE,16,group1
10737,0.0,2024-01-05,signup,5,82.12565036217904,2,True,FNKIQZWTPW,8,group1
10738,0.0,2024-01-08,signup,5,103.80882256488988,8,True,RXSFAFBHIM,9,group1
10740,0.0,2024-01-14,signup,5,83.22419553232686,9,True,TOIVIYVAEG,4,group1
10741,1.0,2024-01-24,signup,5,109.75652972631772,7,False,IAUUKYGBQH,12,group1
10752,1.0,2024-01-11,signup,6,95.90794269954942,4,True,CYKOEPSGQY,9,group1
10756,0.0,2024-01-09,signup,4,92.74810375798836,7,True,CSXGVSSOJV,8,group1
10757,1.0,2024-01-28,signup,2,109.39943592519025,4,True,VHKODSIJXM,6,group1
10758,0.0,2024-01-24,signup,7,103.344298510285,7,False,MQUXFVFJOX,1,group1
10765,1.0,2024-01-01,signup,4,101.4629355191064,4,True,ZQJRKKGMYP,16,group1
10768,0.0,2024-01-31,signup,6,87.20952341920895,4,True,HQIHXHWQGG,1,group1
10776,0.0,2024-01-19,signup,7,107.24378164103514,7,True,LZTIPXLSJM,10,group1
10777,1.0,2024-01-22,signup,8,88.08352873168786,5,False,PLBHAQEFIW,8,group1
10782,1.0,2024-01-24,signup,3,89.23823686199273,1,True,KDYJRUYLRB,13,group1
10788,1.0,2024-01-13,signup,4,92.78747208249357,5,False,SKDUCKPVCE,12,group1
10795,0.0,2024-01-26,signup,7,128.49366433492202,2,False,HPJMKSSYSR,2,group1
10799,0.0,2024-01-07,signup,5,99.25780184666388,7,True,TCOMYVTCFB,1,group1
10800,0.0,2024-01-13,signup,4,105.0353120105787,1,True,DSLZDHKWHP,1,group1
10802,0.0,2024-01-20,signup,4,115.15305503715638,7,False,VDBWHAWROU,2,group1
10810,1.0,2024-01-18,signup,6,96.35642343672826,7,True,JKZUPBYFNF,10,group1
10812,0.0,2024-01-11,signup,2,103.62979699226553,2,True,TKHEOPJHHX,4,group1
10816,1.0,2024-01-24,signup,5,102.92953923051483,6,True,HCFTYJYESU,12,group1
10818,0.0,2024-01-09,signup,1,86.3417667237057,5,False,DYKBAKCOVP,7,group1
10819,0.0,2024-01-03,signup,4,94.74138429561008,7,True,JWOTSQWJRX,1,group1
10821,0.0,2024-01-25,signup,3,97.7716331482345,9,True,MSRVVGRLXS,8,group1
10828,1.0,2024-01-23,signup,2,103.3478799126607,4,False,MOGYTJPQWY,9,group1
10829,1.0,2024-01-18,signup,2,95.12234231693468,4,False,QKFDTVBABN,20,group1
10837,1.0,2024-01-08,signup,4,84.93540176262296,2,False,BCWKBSICHS,16,group1
10838,1.0,2024-01-10,signup,2,108.32539845656244,5,False,TWERYGENLM,14,group1
10840,1.0,2024-01-26,signup,7,87.5570726974262,2,False,TLDDQKBQEW,7,group1
10841,0.0,2024-01-02,signup,6,100.13110769278282,2,False,LMSCAUKTOS,2,group1
10851,0.0,2024-01-20,signup,10,91.0273917417398,8,True,JHTCCHKVDZ,13,group1
10855,1.0,2024-01-03,signup,4,113.3591976047066,6,False,SCKBTGYQDW,14,group1
10860,1.0,2024-01-11,signup,5,99.56497668324616,8,True,GWJTIHBCYR,9,group1
10863,1.0,2024-01-07,signup,9,95.40428436745168,3,False,WQDIFCDCRS,15,group1
10867,1.0,2024-01-17,signup,4,104.5914569598244,9,False,PUQNIJETTP,12,group1
10871,1.0,2024-01-27,signup,4,112.785042776984,4,False,VIBQTNWXXU,15,group1
10877,1.0,2024-01-01,signup,3,96.49664515867194,7,False,GUWBQQPESD,18,group1
10881,0.0,2024-01-16,signup,6,106.79478705726464,3,True,MXOTFVYTTU,1,group1
10883,1.0,2024-01-25,signup,4,91.2502739746838,2,False,ALRDCIXDLP,14,group1
10886,0.0,2024-01-21,signup,4,106.11575998592168,7,True,IUHPNZIIWA,6,group1
10888,1.0,2024-01-20,signup,6,94.10419965506864,8,True,TDONYPJQLB,15,group1
10895,0.0,2024-01-29,signup,4,99.2075199094604,7,False,FRGYBJEOKF,2,group1
10902,1.0,2024-01-04,signup,7,103.69245900425096,3,True,OXEZXVYOFQ,15,group1
10903,1.0,2024-01-04,signup,7,103.47914457971002,2,False,JGFSZJNWNT,14,group1
10906,0.0,2024-01-25,signup,10,94.2706850843557,5,True,VHANYAULAG,6,group1
10910,0.0,2024-01-31,signup,7,113.86174453800342,7,True,NOZPYAFHGB,7,group1
10917,0.0,2024-01-15,signup,3,102.42648815835672,5,False,AXJTLZRQMB,3,group1
10923,0.0,2024-01-16,signup,3,87.85976430936472,1,False,NHETICDBSB,2,group1
10924,1.0,2024-01-23,signup,6,103.40601834907832,9,True,SCMAXHERRE,20,group1
10927,0.0,2024-01-09,signup,5,97.56590052888706,7,True,UWPRAWXWVI,1,group1
10931,0.0,2024-01-08,signup,0,104.93301567662452,6,True,KPGFHDARUY,1,group1
10933,1.0,2024-01-24,signup,10,99.96908457539736,4,True,ESLAJOWJEI,21,group1
10940,1.0,2024-01-25,signup,3,112.594148050604,1,True,XIUKYOUTHZ,9,group1
10944,0.0,2024-01-06,signup,7,104.16277946500011,9,False,JXMJCGFCYM,5,group1
10945,1.0,2024-01-25,signup,10,103.40280723180742,3,True,BOOEINYNSA,16,group1
10948,0.0,2024-01-05,signup,1,83.54483689226608,3,False,LXUDDZYENG,7,group1
10950,0.0,2024-01-01,signup,4,94.96261986605737,4,False,RKPYEGSHXA,8,group1
10951,1.0,2024-01-19,signup,2,105.91895957538016,3,True,IPCGESJGVN,10,group1
10952,0.0,2024-01-11,signup,2,100.0328868253066,2,True,DFEAJEQZPR,5,group1
10964,1.0,2024-01-23,signup,7,100.791800409778,4,True,EAFAGAPLXC,15,group1
10966,0.0,2024-01-29,signup,4,109.57949934781212,6,True,HQRTGOVLQM,2,group1
10968,1.0,2024-01-13,signup,4,97.27885588413844,5,False,UPOZGNPFCQ,28,group1
10978,0.0,2024-01-25,signup,4,101.58159977893422,2,True,JUBWQDOQUA,4,group1
10983,0.0,2024-01-10,signup,4,84.85760343245795,1,False,UKRBBANIBF,2,group1
10984,0.0,2024-01-13,signup,4,112.1516011417871,3,True,VYSJANYMXR,2,group1
10987,0.0,2024-01-09,signup,8,110.6649911157488,5,True,KZXYFAXPOB,1,group1
10993,0.0,2024-01-11,signup,4,107.68039351037416,9,False,VEANALHEQH,9,group1
10999,1.0,2024-01-16,signup,5,102.99114782417143,7,False,BZBRQDXNDI,9,group1
11009,0.0,2024-01-11,signup,9,83.8517447036995,5,False,MCOMHBKHVI,4,group1
11010,1.0,2024-01-12,signup,8,106.0790612370958,5,False,UFQESQDFKN,17,group1
11021,0.0,2024-01-23,signup,8,112.3978482252108,8,False,XIGVRDUCVE,4,group1
11031,0.0,2024-01-14,signup,5,103.63646658311966,5,False,ECAKXMJKWX,2,group1
11035,1.0,2024-01-08,signup,5,100.13208214340086,5,False,DKKQATLGKB,18,group1
11036,1.0,2024-01-09,signup,8,94.81603014377376,3,False,HJZSFDIBMZ,4,group1
11042,1.0,2024-01-22,signup,5,98.94526107420263,7,False,ABWJHHOOBT,13,group1
11044,0.0,2024-01-07,signup,2,81.9262529731382,9,False,MUKRIAPYOW,3,group1
11047,0.0,2024-01-29,signup,3,92.13996846893076,1,True,IKILXPPLIC,4,group1
11050,0.0,2024-01-24,signup,11,103.99928154604784,3,False,EIQHJAMNJJ,3,group1
11056,1.0,2024-01-19,signup,6,112.4716531595068,4,True,IGNPHQDUWU,15,group1
11059,1.0,2024-01-26,signup,9,123.22533844999646,6,False,MXFWHYCTVP,15,group1
11066,0.0,2024-01-12,signup,2,103.99911353476276,6,True,FADJHIWDFL,1,group1
11068,1.0,2024-01-22,signup,7,115.96896872278488,3,False,STNMMWRGNJ,10,group1
11072,0.0,2024-01-10,signup,2,101.96208945465028,4,False,WQCCQJTEEE,7,group1
11078,0.0,2024-01-31,signup,2,101.59919104217734,3,False,VSWIZRHHEH,3,group1
11081,0.0,2024-01-29,signup,6,93.1226083208132,9,False,VNROWNIFOD,2,group1
11093,0.0,2024-01-26,signup,3,98.5823787515882,7,False,QLQZOGXAHO,3,group1
11097,1.0,2024-01-30,signup,6,97.21991817639498,9,True,YDRHCSFEYB,30,group1
11100,0.0,2024-01-21,signup,5,99.77350748380395,4,True,EZKOTPAAZU,3,group1
11101,1.0,2024-01-16,signup,7,106.9739384990192,7,False,UVUBIERIOB,12,group1
11103,0.0,2024-01-21,signup,8,90.67458171492396,5,False,THXBBCVKRR,4,group1
11105,0.0,2024-01-31,signup,5,91.39894644677258,5,True,VUCVHLKJJO,19,group1
11111,0.0,2024-01-22,signup,4,101.79101567730952,6,False,UOFHSNABFH,2,group1
11113,0.0,2024-01-20,signup,3,98.62563413768784,2,True,CGXJYOONML,11,group1
11114,1.0,2024-01-20,signup,6,117.89844069415932,5,False,RLYADWFJOZ,8,group1
11115,1.0,2024-01-03,signup,5,102.16794991947182,1,False,CNMYAAOJRR,9,group1
11117,1.0,2024-01-09,signup,2,76.60948992596275,2,True,RSWKXRBRMS,15,group1
11124,0.0,2024-01-05,signup,6,93.53123857970807,4,False,DZYSVLXJYC,1,group1
11134,1.0,2024-01-31,signup,7,103.63745401895623,9,False,HJPVFTDGAI,16,group1
11135,0.0,2024-01-09,signup,5,96.24411500282494,7,False,MXPBBSOMXU,5,group1
11141,1.0,2024-01-08,signup,4,105.56672794065734,5,False,XHIOCBXKJJ,11,group1
11146,0.0,2024-01-13,signup,4,102.40477686758412,1,True,FCCLHCCTVY,8,group1
11147,0.0,2024-01-21,signup,5,88.59320793727152,7,True,XOURFSTXDJ,1,group1
11150,0.0,2024-01-21,signup,8,98.0700624670878,6,False,PBBCESDICD,1,group1
11151,1.0,2024-01-24,signup,8,109.77282076873396,7,False,XLTPDCZCPN,17,group1
11156,1.0,2024-01-04,signup,3,91.58946768837828,3,True,IMFVCCFBRU,6,group1
11157,0.0,2024-01-31,signup,5,98.29813541312306,7,False,VVEBTCTKRN,1,group1
11158,1.0,2024-01-09,signup,3,85.79848442642404,5,True,PCJOUAWYCD,12,group1
11161,0.0,2024-01-05,signup,6,93.64923133695748,7,False,EUNFHIEGWA,1,group1
11166,0.0,2024-01-19,signup,3,104.1541587124714,3,True,FVRJASOOVI,9,group1
11169,0.0,2024-01-27,signup,10,97.94300388402536,1,False,ASKUWRHHUA,1,group1
11170,1.0,2024-01-08,signup,7,94.8169503905504,8,True,LHMGICHNKD,9,group1
11171,1.0,2024-01-19,signup,9,91.35327472623528,6,True,LELXJRTSEJ,11,group1
11173,1.0,2024-01-15,signup,5,98.82906022088407,7,True,XUBXVPNXOG,5,group1
11174,1.0,2024-01-04,signup,3,108.09885346526995,8,True,UBPUHKKFDL,5,group1
11176,1.0,2024-01-13,signup,5,99.70405333163676,8,False,DLVODZPRHG,15,group1
11184,1.0,2024-01-01,signup,7,101.31839565312733,7,True,BCLJERHNNE,11,group1
11189,1.0,2024-01-29,signup,7,100.06131735115444,8,False,UMXWNANCFB,14,group1
11190,1.0,2024-01-27,signup,7,92.02654326111228,7,False,EHXSXLSZIY,17,group1
11197,0.0,2024-01-18,signup,4,107.18019141627876,9,True,CJLCZJWFPZ,1,group1
11200,0.0,2024-01-27,signup,6,97.4696349844202,2,False,JZHQJOIMXM,1,group1
11201,0.0,2024-01-06,signup,5,117.48082731480773,1,False,QQJTPMCJII,8,group1
11202,1.0,2024-01-07,signup,8,110.75413304890225,8,True,QOTZREFEGP,22,group1
11203,1.0,2024-01-06,signup,1,108.499744436506,8,False,NZVFZNGSBL,17,group1
11205,1.0,2024-01-06,signup,10,96.58588213588618,2,True,UIYVUXKCVW,21,group1
11208,0.0,2024-01-08,signup,6,103.24094537155472,7,True,AAAEJOLSFX,5,group1
11215,0.0,2024-01-18,signup,3,88.85759327198572,6,False,CQSNPZWGJX,1,group1
11220,0.0,2024-01-04,signup,3,96.04980214852984,1,False,IDIGDMVQGK,6,group1
11222,1.0,2024-01-07,signup,3,96.12266775677313,1,False,UMNIWUVVDM,14,group1
11232,0.0,2024-01-03,signup,4,91.45482393578092,1,True,GPHQCQMAPX,4,group1
11234,0.0,2024-01-14,signup,12,90.30073560292526,5,True,BFAGATXFHL,3,group1
11240,0.0,2024-01-09,signup,9,115.42954933598897,8,False,THQAVKAGQW,2,group1
11242,0.0,2024-01-12,signup,7,100.6011176723884,7,True,WTFNQXEEJZ,2,group1
11251,1.0,2024-01-06,signup,2,92.34217008076548,7,False,TZLNPRFIIN,10,group1
11252,1.0,2024-01-04,signup,8,86.52033883967783,5,True,WXPMDRNEZT,7,group1
11263,0.0,2024-01-12,signup,3,125.13953944026754,5,True,LRPXVXSUVW,4,group1
11264,1.0,2024-01-02,signup,2,124.0361190442104,1,False,AUQSSLXIYU,8,group1
11266,1.0,2024-01-19,signup,3,101.8454348564952,2,True,RHFUUDIWOO,17,group1
11271,0.0,2024-01-05,signup,5,88.70661691940019,5,True,NUCHHTSXLA,4,group1
11276,0.0,2024-01-31,signup,6,91.23935685666574,4,False,CDEWOREWVL,1,group1
11277,1.0,2024-01-21,signup,3,113.79037569687252,3,False,OLCKJNVHAK,24,group1
11279,1.0,2024-01-17,signup,6,99.14529821599434,5,False,EUDIDVGZVG,18,group1
11280,0.0,2024-01-17,signup,3,85.63160406631,1,True,NVTEFCOFXJ,9,group1
11284,1.0,2024-01-13,signup,4,102.44970293552991,7,True,ZPJCUXFDWE,17,group1
11285,0.0,2024-01-12,signup,3,105.86236159574702,8,False,TTJGKZQDZT,1,group1
11286,1.0,2024-01-06,signup,6,100.76948171272704,6,True,EQTJNXHEAX,20,group1
11288,0.0,2024-01-21,signup,7,96.6961381563289,3,True,ZHQVSVOYMT,1,group1
11289,1.0,2024-01-29,signup,7,96.89442759698515,4,True,KLLPJZIKHI,7,group1
11290,1.0,2024-01-13,signup,6,93.46167104028063,6,False,CHFPXMSBSM,7,group1
11293,1.0,2024-01-05,signup,4,83.7341739772175,2,True,BPPXOIIDJV,16,group1
11294,0.0,2024-01-14,signup,5,95.69182449849708,4,False,AAXKODEIPG,3,group1
11304,0.0,2024-01-03,signup,11,100.08437038887212,3,True,LFIOGBMCAH,7,group1
11308,1.0,2024-01-25,signup,3,93.3856847035026,1,True,RLPBUDYGVR,10,group1
11309,0.0,2024-01-17,signup,8,97.97377377634643,8,False,EHPOOYPCZQ,2,group1
11320,1.0,2024-01-09,signup,5,89.71492943594248,8,False,OSCYZOVQKA,15,group1
11331,0.0,2024-01-15,signup,3,96.79143614932435,8,False,KQCZNCDAIY,9,group1
11337,0.0,2024-01-21,signup,8,100.55313912546806,4,False,YPZFTJORJE,2,group1
11344,0.0,2024-01-07,signup,9,119.50915057128375,2,True,XDHWGYRHSB,5,group1
11362,1.0,2024-01-22,signup,7,105.25334208636558,2,True,TQAQSPAERS,15,group1
11365,1.0,2024-01-04,signup,6,89.89025156700906,3,False,WJTEHMDPYH,18,group1
11368,0.0,2024-01-03,signup,4,100.81427687915956,3,False,SOGYFLQCTV,3,group1
11369,1.0,2024-01-26,signup,8,89.87360844310284,9,False,FISMXFFHJY,25,group1
11371,0.0,2024-01-05,signup,1,100.38556737214832,3,False,GENTXWRVFK,4,group1
11375,0.0,2024-01-03,signup,3,107.7455759379458,1,False,JYDGHGBADV,3,group1
11380,0.0,2024-01-03,signup,3,96.15635795448937,6,True,EGGXLKZHKM,1,group1
11405,1.0,2024-01-17,signup,2,100.94940417068824,3,True,BYWSRMMRXV,13,group1
11409,0.0,2024-01-12,signup,4,101.01082170642148,6,False,OJQYHSRLYN,3,group1
11412,0.0,2024-01-24,signup,1,97.84172640826613,5,True,FYOYWUSZAS,9,group1
11417,0.0,2024-01-29,signup,6,104.46997354494523,2,False,DHKTVUNNUJ,10,group1
11423,1.0,2024-01-29,signup,4,93.43465985374488,9,False,TAQJCBGQKM,18,group1
11428,0.0,2024-01-28,signup,4,88.81162286995308,7,True,XATDZAOTAM,5,group1
11434,1.0,2024-01-04,signup,5,94.98891970380662,2,True,MLMOLNDNQB,6,group1
11436,0.0,2024-01-12,signup,6,99.5284208619266,5,False,XRZIBTHIMT,9,group1
11440,0.0,2024-01-27,signup,3,94.90524946275704,7,True,KSQPUHVANL,8,group1
11442,0.0,2024-01-09,signup,5,103.8485952092278,4,True,BSVQCCQWWD,2,group1
11444,0.0,2024-01-07,signup,5,109.1449183657633,8,False,OSWQREFCLX,10,group1
11456,0.0,2024-01-11,signup,1,86.92519586396739,1,True,BGBNDCQYRP,11,group1
11461,0.0,2024-01-28,signup,4,105.51290100164016,7,False,WLFAWXHCGY,2,group1
11462,1.0,2024-01-04,signup,3,101.11141691218052,5,False,BJAJOQRSIH,7,group1
11463,0.0,2024-01-07,signup,6,95.91437417633664,8,True,AZNNYQESJM,12,group1
11467,1.0,2024-01-02,signup,1,91.79254313995943,7,False,YOWFQDXBQL,10,group1
11473,0.0,2024-01-26,signup,5,106.04235602464269,6,True,OHDJDZBRFZ,2,group1
11479,1.0,2024-01-07,signup,6,114.05559024168136,9,False,VZMPFDXVEW,11,group1
11483,1.0,2024-01-25,signup,6,94.08214218054312,7,True,AYDALARNFJ,16,group1
11487,0.0,2024-01-06,signup,5,105.60048413349848,2,False,WXLVVCKYST,1,group1
11492,0.0,2024-01-02,signup,3,111.0442400633162,4,True,ZSAZXEKIGH,4,group1
11495,1.0,2024-01-08,signup,7,100.88993615308672,5,False,BZHNHXCHNL,15,group1
11498,0.0,2024-01-15,signup,8,92.00182851337192,9,False,JJZKJPOQXT,4,group1
11504,1.0,2024-01-03,signup,5,104.41615398380738,6,True,FUUBKCMADL,6,group1
11505,1.0,2024-01-11,signup,3,93.45504399647388,1,True,QEZYRSDWMB,14,group1
11506,1.0,2024-01-11,signup,6,92.63335788906872,4,True,NXSTFMJXGD,14,group1
11508,0.0,2024-01-03,signup,7,95.66078481557928,8,True,ZLZXFLZQFW,3,group1
11509,0.0,2024-01-09,signup,7,93.8735526888705,7,False,HXAFYZMHZC,6,group1
11511,1.0,2024-01-19,signup,5,99.37454407567084,7,False,LDUJEUQXON,16,group1
11512,1.0,2024-01-11,signup,3,121.03774696719822,5,True,LPNPGIKQVW,8,group1
11514,1.0,2024-01-02,signup,7,103.3495411059992,2,False,ZBCTRWKHUJ,7,group1
11518,1.0,2024-01-20,signup,3,100.12581041316692,9,False,AFDHDEINEJ,8,group1
11521,0.0,2024-01-21,signup,4,90.27588193953774,5,True,YHWZAZEZIA,4,group1
11525,1.0,2024-01-06,signup,4,102.7743600001161,1,True,XXPXVWXTHV,18,group1
11537,1.0,2024-01-17,signup,5,128.77197137114194,4,True,MMFXEKFWNT,17,group1
11540,1.0,2024-01-25,signup,4,89.26645666968791,2,True,AKFUINNLTI,4,group1
11542,1.0,2024-01-31,signup,9,103.55346546252882,6,False,EKVNECEIUE,9,group1
11543,0.0,2024-01-08,signup,8,105.020891924189,3,False,YDVOCKTHPX,4,group1
11546,1.0,2024-01-30,signup,3,99.3180275311028,4,False,JHONYSWIIW,11,group1
11552,1.0,2024-01-27,signup,7,96.57619368320688,6,False,VJCVOXCWEB,11,group1
11558,0.0,2024-01-22,signup,7,102.01626868762284,1,True,YNWSJBWPHO,2,group1
11561,0.0,2024-01-27,signup,7,107.74885181165014,1,True,QUQZXAHPLB,4,group1
11565,0.0,2024-01-31,signup,9,107.00078032424894,8,False,KDBZTSEYVG,2,group1
11567,0.0,2024-01-02,signup,11,102.09475306550334,7,False,QELMFZSMPZ,4,group1
11572,0.0,2024-01-22,signup,5,113.0047001714104,1,False,VMGGBQYPVQ,7,group1
11575,0.0,2024-01-02,signup,2,90.86743219097993,5,True,AIPNAALQUK,1,group1
11577,1.0,2024-01-18,signup,5,120.75228372192336,7,False,ZIGLMNRCWK,11,group1
11579,1.0,2024-01-11,signup,7,107.58335956923118,7,True,EGDEWLLBIV,16,group1
11582,1.0,2024-01-08,signup,5,110.43185863848272,1,True,QFMJDDIKEN,6,group1
11584,1.0,2024-01-28,signup,7,113.59412707393372,2,False,OEYFWTVJAQ,6,group1
11589,1.0,2024-01-30,signup,5,95.8195025175683,3,False,NQOOMFMQJU,6,group1
11593,0.0,2024-01-27,signup,4,87.93807740386897,5,False,JTGDLMIUSM,5,group1
11595,1.0,2024-01-29,signup,3,86.90787039929829,3,True,VIUBBRYEBQ,6,group1
11600,0.0,2024-01-12,signup,7,85.87254241105045,9,False,OVJSPNCPDX,11,group1
11605,1.0,2024-01-24,signup,4,95.71917003015642,6,True,IEZFZYLBXN,14,group1
11606,0.0,2024-01-27,signup,1,95.23417736624852,6,True,SIRKWRKFHO,2,group1
11612,0.0,2024-01-20,signup,2,115.7275389394342,8,False,PGITEAQOEF,1,group1
11618,1.0,2024-01-17,signup,9,96.20148819433696,6,True,KRZVXEEJZF,10,group1
11632,1.0,2024-01-29,signup,5,96.606686830972,9,True,HYNSPDAMAD,13,group1
11638,0.0,2024-01-17,signup,6,84.50193113490396,4,False,VIQFFCXSET,3,group1
11652,0.0,2024-01-01,signup,4,105.86202644203334,7,True,ASKTAZLRMK,12,group1
11669,0.0,2024-01-30,signup,3,128.5480857229855,7,False,KJXQCDCTJS,4,group1
11672,0.0,2024-01-01,signup,0,105.48106194372966,4,False,YBTSOYXSJJ,7,group1
11674,0.0,2024-01-08,signup,8,87.7427347108485,2,True,LQPZBSQJWP,2,group1
11680,0.0,2024-01-13,signup,3,119.1070879172634,5,False,DVQLNMPFWQ,1,group1
11688,0.0,2024-01-26,signup,6,115.80034811359228,6,False,ZTSGZDWMAL,2,group1
11690,0.0,2024-01-25,signup,5,102.78586587116466,7,False,YGBRWVUUGR,1,group1
11691,1.0,2024-01-07,signup,4,103.61713046666812,6,False,QFAPIKAOLF,24,group1
11692,1.0,2024-01-24,signup,7,99.44224033791942,9,True,LDXYPHJZKO,20,group1
11701,0.0,2024-01-03,signup,4,69.37023001929103,4,False,RWAHYEWWIJ,17,group1
11708,0.0,2024-01-15,signup,6,120.21966802845932,6,True,PMMTKQRNLP,13,group1
11722,0.0,2024-01-22,signup,6,80.92220093140868,5,False,HYLNLUHQNC,5,group1
11725,0.0,2024-01-13,signup,7,83.74026772384045,8,True,OUHFSPAUUT,4,group1
11726,0.0,2024-01-19,signup,5,74.1303989679927,8,True,ASWNZHCIVS,3,group1
11728,0.0,2024-01-23,signup,2,102.71865655425712,4,False,DKEWMFJLDR,5,group1
11730,1.0,2024-01-22,signup,4,98.38716697494594,2,False,TYTUYAKPGI,5,group1
11737,1.0,2024-01-16,signup,0,110.4134609806416,6,False,IJZWGWZKTK,19,group1
11739,0.0,2024-01-28,signup,6,93.51730683047644,2,False,YTRGSLAFNU,2,group1
11746,0.0,2024-01-20,signup,4,106.97150530624457,9,False,PTQITNCUGF,1,group1
11748,0.0,2024-01-02,signup,3,117.50028097023988,1,False,KRPKBCLMHS,1,group1
11750,1.0,2024-01-08,signup,1,99.20665172547857,4,True,RPHRQPAMPX,10,group1
11754,0.0,2024-01-31,signup,7,110.86327684918125,3,True,QWKWNSZGAK,2,group1
11756,1.0,2024-01-17,signup,0,86.1479297650899,7,True,OXMQZYTANN,12,group1
11759,1.0,2024-01-19,signup,10,93.97712801401092,6,True,VBIKENPYCB,7,group1
11765,1.0,2024-01-11,signup,3,90.47767109168478,6,True,QNWAUBDXHN,7,group1
11768,0.0,2024-01-16,signup,7,89.00148905015101,8,True,PWJNUOLOBZ,1,group1
11769,0.0,2024-01-31,signup,2,108.00986189975993,1,False,EENGPKAJHM,4,group1
11772,0.0,2024-01-04,signup,1,85.41100859422714,4,True,JLMOHYDREA,3,group1
11775,0.0,2024-01-25,signup,5,111.17089812303811,8,False,MHPAZXXMOE,9,group1
11778,1.0,2024-01-17,signup,5,100.96901525826996,9,False,MRLSAAYQPZ,12,group1
11780,0.0,2024-01-01,signup,8,111.0888132561349,6,False,LSRDZCXPII,6,group1
11783,1.0,2024-01-22,signup,5,100.71002638129538,5,False,VZFSLAZBIV,20,group1
11784,1.0,2024-01-12,signup,2,108.11438276908156,6,False,MNVLQAHZSJ,5,group1
11785,1.0,2024-01-06,signup,5,112.56040332411617,3,True,KNZOXEGIHS,6,group1
11789,1.0,2024-01-26,signup,6,97.2289398106268,8,False,PKVFLBMWYS,11,group1
11790,1.0,2024-01-22,signup,6,105.63256540862656,7,True,WCMWXEJLRY,16,group1
11795,1.0,2024-01-15,signup,4,103.74328583775588,1,False,REPDYGPASW,19,group1
11796,0.0,2024-01-31,signup,3,107.64147674119552,4,True,PGAIEUYNJN,1,group1
11806,1.0,2024-01-18,signup,4,100.44470611055029,6,True,YMPCXUJDLN,26,group1
11808,0.0,2024-01-02,signup,6,93.1498275281999,3,True,,4,group1
11813,0.0,2024-01-21,signup,8,105.10874173948024,7,True,HYCADOJOGA,12,group1
11815,1.0,2024-01-15,signup,6,108.69052588587132,5,True,NDVBLOOWBA,18,group1
11818,1.0,2024-01-31,signup,11,104.2007802500881,3,False,GJJUVPMKBX,12,group1
11819,0.0,2024-01-25,signup,6,107.70953132166208,8,True,EEVMJSSYZS,7,group1
11820,1.0,2024-01-29,signup,6,104.11776214183212,8,True,YRDZUMJJBQ,21,group1
11830,0.0,2024-01-02,signup,13,102.35597583713428,7,True,WAJYMEGFNZ,13,group1
11837,1.0,2024-01-03,signup,8,112.80374379054189,8,True,FUSTHTPOIJ,18,group1
11840,0.0,2024-01-13,signup,7,88.23155250523031,4,True,NSXPYDTGXR,3,group1
11847,1.0,2024-01-12,signup,5,105.875422850359,1,False,GVZQYVYHXC,13,group1
11852,1.0,2024-01-08,signup,2,94.65052291760992,7,True,VMYGFSSWHA,13,group1
11861,0.0,2024-01-11,signup,4,98.2018757892178,7,False,AAMFOUYNWS,2,group1
11866,0.0,2024-01-20,signup,3,96.76623252111708,9,True,RQFYXAEDBX,1,group1
11883,0.0,2024-01-09,signup,2,113.86191178420736,7,True,NBAGSJXJMM,8,group1
11886,0.0,2024-01-11,signup,5,92.06756650817584,5,False,GYCEGUAARE,1,group1
11888,1.0,2024-01-06,signup,7,100.1285141418292,7,False,DHSKWPYDQT,6,group1
11893,0.0,2024-01-07,signup,6,120.4423182820907,6,False,TPSXHZKXEP,2,group1
11894,0.0,2024-01-15,signup,5,95.19782628003196,7,False,IXAXKNLXPN,3,group1
11900,0.0,2024-01-20,signup,4,92.8707030076291,9,False,ARSOKBHOCJ,1,group1
11907,0.0,2024-01-27,signup,7,84.22584768847868,2,False,KBQXJSRZYQ,5,group1
11910,1.0,2024-01-28,signup,3,103.5742581641862,4,True,VBEIGJQTXG,12,group1
11914,1.0,2024-01-29,signup,10,112.80873678843372,1,True,WFFFEQNNMN,11,group1
11919,1.0,2024-01-24,signup,6,101.78818988756812,5,True,ULLNQCLXKE,14,group1
11924,0.0,2024-01-13,signup,6,93.49958283025782,7,False,HTERUIZPKJ,1,group1
11927,0.0,2024-01-04,signup,6,90.34641250339024,7,False,KMBDSULEIN,6,group1
11936,1.0,2024-01-14,signup,3,98.0442493252137,3,False,ITQUNHYVWL,16,group1
11937,0.0,2024-01-28,signup,7,114.52342230843496,1,True,UPXMXNQPFS,9,group1
11942,0.0,2024-01-31,signup,3,107.9329104245564,6,False,XOAVQSMOKE,17,group1
11943,1.0,2024-01-07,signup,7,120.09560244194483,5,False,IMWGNXGDJL,14,group1
11951,0.0,2024-01-23,signup,5,88.7391147012617,2,False,EZPHDMBYBO,11,group1
11954,1.0,2024-01-31,signup,3,97.20014984892194,9,True,ICULORHOKI,15,group1
11969,1.0,2024-01-04,signup,2,106.76890217548602,4,False,SJJUXAQJCD,24,group1
11971,0.0,2024-01-20,signup,5,105.30746693001552,2,False,DPZDWMXKRZ,7,group1
11972,0.0,2024-01-11,signup,6,101.05149121815307,9,False,DQDFQJFORJ,5,group1
11976,0.0,2024-01-22,signup,6,89.64738530552418,8,False,VVCTIPGMMH,4,group1
11985,1.0,2024-01-22,signup,5,102.15814928814297,6,False,ZOFNELAOLR,14,group1
12000,1.0,2024-01-14,signup,8,95.57699781245172,5,True,OQBGZFHDFS,6,group1
12002,0.0,2024-01-01,signup,9,110.79055202971112,3,False,JGKCKXDUCV,4,group1
12005,1.0,2024-01-01,signup,6,101.51459565096152,6,False,IHYINFFRJH,17,group1
12013,1.0,2024-01-12,signup,6,103.37481006567204,4,True,WWWUCLGUCO,22,group1
12016,0.0,2024-01-27,signup,6,87.15392634602205,8,False,EETDFBLZIT,1,group1
12018,0.0,2024-01-24,signup,3,103.65649719034133,4,False,XSFSHIBNJG,1,group1
12020,0.0,2024-01-18,signup,4,100.00434960677136,3,False,LWOFFEDBBJ,8,group1
12021,1.0,2024-01-23,signup,6,93.80996845406582,8,True,AOJOQKQQOI,22,group1
12026,1.0,2024-01-12,signup,3,95.63914620099844,2,True,KDBXMWKDSQ,8,group1
12034,1.0,2024-01-06,signup,8,111.243214859529,6,True,MVWGYPYZQL,6,group1
12037,1.0,2024-01-05,signup,6,83.78713394809184,7,False,QQREMTBZAS,17,group1
12041,0.0,2024-01-03,signup,5,105.26820297308755,3,True,DKBMXACNRB,7,group1
12042,1.0,2024-01-25,signup,6,99.71534491084792,9,False,CIXKQEUISQ,18,group1
12044,1.0,2024-01-03,signup,2,104.5848844491799,1,False,QLDABYBCYO,13,group1
12046,0.0,2024-01-14,signup,6,103.06938906552288,6,True,BYLIOIAFUO,14,group1
12048,1.0,2024-01-03,signup,8,109.2702541278468,1,True,NPUPCXSYNS,4,group1
12050,0.0,2024-01-01,signup,5,101.95261202919916,7,True,RONOBRKBAN,2,group1
12051,0.0,2024-01-19,signup,2,122.35264764229017,6,True,FIKYIAHPQJ,10,group1
12053,1.0,2024-01-30,signup,7,90.20254210493378,2,True,RVASCJYIJA,19,group1
12058,0.0,2024-01-24,signup,3,94.02871498796893,2,False,PEVSSGVERQ,3,group1
12061,1.0,2024-01-16,signup,11,95.18443330562974,1,False,GJVEZDOBLT,14,group1
12063,1.0,2024-01-19,signup,7,94.34593881415744,1,False,VMZSXEUJHH,17,group1
12064,1.0,2024-01-23,signup,5,99.0737400650118,5,False,KZQNYKPITJ,9,group1
12072,0.0,2024-01-13,signup,2,83.88226851917332,8,True,DXTHNNUKHO,2,group1
12075,1.0,2024-01-08,signup,6,86.94624629279744,3,False,TFTQSWIQUO,15,group1
12079,1.0,2024-01-17,signup,8,99.15176765253652,1,True,NTNUDZUIOU,8,group1
12086,1.0,2024-01-15,signup,6,95.72262267130088,4,False,LOFVJGSLFD,22,group1
12088,1.0,2024-01-28,signup,3,94.41099603425602,2,True,BPCDMHWZRD,13,group1
12091,0.0,2024-01-09,signup,6,96.16857611102166,8,False,NWMTGUJEYX,12,group1
12095,0.0,2024-01-31,signup,6,104.41123336978129,3,True,ZEXBAAOZGB,1,group1
12101,0.0,2024-01-02,signup,1,105.38041740110393,6,True,LJVDFLSISA,4,group1
12103,1.0,2024-01-23,signup,4,94.68924483799584,6,True,HHMMCVJSMA,8,group1
12110,0.0,2024-01-24,signup,12,104.78774366966832,5,False,PLVNPMLWBO,6,group1
12112,0.0,2024-01-08,signup,13,78.84316454364786,6,True,VDDYNXOWXC,1,group1
12113,1.0,2024-01-19,signup,2,88.71276045244052,5,True,YHWIIZTNTI,17,group1
12118,1.0,2024-01-05,signup,4,73.84098263204095,6,True,LSMYANDLTJ,13,group1
12128,1.0,2024-01-31,signup,2,89.61511554932362,4,True,KIVZQAHNQS,16,group1
12129,0.0,2024-01-12,signup,3,89.04166576858465,7,True,VMYEOKBUGE,1,group1
12135,0.0,2024-01-03,signup,6,87.29679591779377,9,True,IJXAWEHIWV,1,group1
12136,1.0,2024-01-12,signup,6,93.87179487400584,1,True,NPKNVSKUGE,9,group1
12148,0.0,2024-01-16,signup,6,95.56757163937954,1,True,QCCYJHLHLN,26,group1
12150,0.0,2024-01-24,signup,2,77.70770938488344,9,False,JQIVUASPUK,7,group1
12156,0.0,2024-01-17,signup,5,80.50014252624406,2,False,TDCYDPSNSA,6,group1
12157,0.0,2024-01-12,signup,8,98.00952869711516,8,True,ERIKMYGDAL,7,group1
12163,0.0,2024-01-15,signup,6,100.1695758065501,5,True,VAPDKQDUXN,4,group1
12168,1.0,2024-01-21,signup,6,95.80185698017638,5,True,RGOQOZZZUP,13,group1
12169,0.0,2024-01-21,signup,6,109.31806040029218,2,True,WSTRVGESFM,4,group1
12170,0.0,2024-01-16,signup,3,96.5249121895498,2,True,NGZAAIMXBD,1,group1
12171,1.0,2024-01-04,signup,4,96.4174424482113,9,False,MLQLAMULRV,9,group1
12180,0.0,2024-01-16,signup,4,91.85425703676644,4,False,QGKVYOPZEP,2,group1
12191,0.0,2024-01-23,signup,8,103.605862218061,5,True,PXXHEPHSFW,6,group1
12192,1.0,2024-01-06,signup,3,116.50113685672034,2,True,HIOWAKEDPE,25,group1
12197,0.0,2024-01-27,signup,2,93.01598323730552,8,False,TDAWIZRNQC,1,group1
12202,0.0,2024-01-14,signup,6,110.170170992965,2,True,MBFRWACPUX,6,group1
12218,0.0,2024-01-14,signup,3,110.11040637948416,8,True,UKVZKJVLSY,9,group1
12219,0.0,2024-01-08,signup,5,94.8557074434778,1,True,PSJYJLZVET,3,group1
12220,0.0,2024-01-11,signup,5,103.14527473767758,9,False,HOHMIPAGJV,6,group1
12222,0.0,2024-01-18,signup,5,97.18022749575046,1,True,WYNUJAWIDA,2,group1
12226,0.0,2024-01-18,signup,4,91.01024688650185,6,False,DOCRQVFMKQ,6,group1
12236,1.0,2024-01-13,signup,10,85.38301024271712,5,False,IOHXDYLWNE,6,group1
12238,0.0,2024-01-03,signup,4,104.0024907702534,1,True,QZQVFXYHYC,12,group1
12241,0.0,2024-01-15,signup,11,103.8680671896108,6,False,PBQZBHDOVK,2,group1
12254,1.0,2024-01-30,signup,7,100.79720027053057,8,True,ENTMNADEVU,6,group1
12256,0.0,2024-01-20,signup,2,98.74639677966746,8,True,VTRXRQCUXZ,17,group1
12261,0.0,2024-01-01,signup,8,103.14850991740794,9,True,PNLURQPKRH,6,group1
12267,0.0,2024-01-30,signup,4,118.69934081742907,5,True,EFCXOHOXQM,4,group1
12271,0.0,2024-01-14,signup,5,100.450862209083,4,True,GDRPVPMVTG,2,group1
12276,1.0,2024-01-11,signup,3,93.4619414661736,5,False,TTTJCDBBJB,16,group1
12277,1.0,2024-01-31,signup,7,93.23901975876473,5,False,SIQBEXSKSD,13,group1
12278,1.0,2024-01-30,signup,4,90.62332820663144,1,True,WTDFTHDIPV,32,group1
12279,0.0,2024-01-17,signup,7,85.27121471951826,4,False,PSLZFHBCDX,1,group1
12284,0.0,2024-01-07,signup,3,92.17298870380164,5,False,TGSLFQDOOY,8,group1
12285,1.0,2024-01-22,signup,9,89.71643762760642,9,True,DDQMLAMHMO,9,group1
12297,1.0,2024-01-14,signup,3,80.55863406928871,2,False,NLTEPCFHYL,17,group1
12300,1.0,2024-01-27,signup,1,97.42834912733407,3,True,,12,group1
12309,1.0,2024-01-24,signup,7,95.29936225367436,4,False,OOXBCQCOXM,17,group1
12310,1.0,2024-01-19,signup,5,112.36638414452648,3,True,OWKRZNUTCC,7,group1
12316,0.0,2024-01-22,signup,6,100.75668214673776,3,False,WLDRVFZWFY,19,group1
12323,1.0,2024-01-12,signup,7,92.69508707019834,1,True,ALOKFRULOE,16,group1
12325,1.0,2024-01-27,signup,6,85.89535716197064,5,False,RHYVOLYXVL,14,group1
12326,1.0,2024-01-02,signup,7,114.99082922365037,3,False,FSIJMXDVMU,12,group1
12327,0.0,2024-01-17,signup,5,96.60750073051813,8,True,XZDBLHGFFB,4,group1
12328,1.0,2024-01-01,signup,2,98.9991683961437,5,True,AYAVVZAMGV,14,group1
12330,1.0,2024-01-14,signup,6,101.38993104547416,4,True,YFKCVZSAJF,18,group1
12334,0.0,2024-01-21,signup,1,93.84046138916564,5,True,ROVGLTVJNL,1,group1
12337,1.0,2024-01-03,signup,0,110.32020378294106,6,True,BGQNNVRTDH,18,group1
12343,1.0,2024-01-29,signup,8,105.71286593921316,8,True,UNUSNTTYXR,18,group1
