lead_id,lead_indicator,date_part,source,customer_group,onboarding,customer_code,purchases,time_spent,n_visits
2,1.0,2024-01-27,signup,5,False,STWPXVNOWA,0.2,0.5288854718833315,0.33333333333333337
10,0.0,2024-01-11,signup,4,True,JWLXPVANUM,0.5333333333333333,0.6036119253298081,0.06666666666666667
13,0.0,2024-01-22,signup,6,True,WNKCTHUHYI,0.4,0.3394067305703897,0.08888888888888889
17,1.0,2024-01-07,signup,8,False,INIQMTGGOO,0.3333333333333333,0.6181167754362195,0.15555555555555556
19,0.0,2024-01-20,signup,9,True,SJGDAANOYJ,0.2,0.4489190990265489,0.4222222222222223
22,0.0,2024-01-06,signup,3,True,SPWNMQUWDX,0.3333333333333333,0.29164118124530225,0.022222222222222223
27,1.0,2024-01-30,signup,1,True,IAPSPPLUZL,0.13333333333333333,0.6876594598447453,0.31111111111111117
28,1.0,2024-01-11,signup,8,True,EDWMENKILD,0.2,0.17469184807047522,0.46666666666666673
29,0.0,2024-01-09,signup,3,False,DNGAQVVEDN,0.4,0.7241939145793318,0.0
30,1.0,2024-01-20,signup,4,False,WSQVNMPZOH,0.3333333333333333,0.7894524560429227,0.1111111111111111
32,0.0,2024-01-20,signup,9,False,GKIHITQJGU,0.26666666666666666,0.3392691433796068,0.13333333333333333
33,1.0,2024-01-31,signup,4,True,QOVDCTYYGT,0.3333333333333333,0.7510124092398035,0.24444444444444444
36,0.0,2024-01-28,signup,6,True,KYUCVVIKET,0.2,0.4844631434845458,0.06666666666666667
38,1.0,2024-01-02,signup,2,True,HFELNNHTEW,0.3333333333333333,0.7922361774850565,0.17777777777777778
40,0.0,2024-01-01,signup,3,False,HOVYUZIDIO,0.3333333333333333,0.4771570540490663,0.06666666666666667
41,0.0,2024-01-09,signup,6,False,BBRMJIJJBF,0.26666666666666666,0.4475201879482763,0.022222222222222223
43,1.0,2024-01-13,signup,4,False,PWSIBFQQXN,0.7333333333333333,0.47236159437362313,0.2666666666666667
44,0.0,2024-01-31,signup,8,True,XNVURJEHVZ,0.5333333333333333,0.3024717099848314,0.022222222222222223
49,0.0,2024-01-29,signup,1,False,CPADDAXJVL,0.5333333333333333,0.5005136022611826,0.2
55,1.0,2024-01-16,signup,9,False,ZQFIPOQZHG,0.6,0.4613542121027526,0.1111111111111111
57,0.0,2024-01-31,signup,9,False,JFLRBCHQYR,0.4,0.38922916040589983,0.04444444444444444
58,0.0,2024-01-26,signup,7,True,SOMOYBNEQM,0.8,0.5227278254462194,0.1111111111111111
61,0.0,2024-01-03,signup,6,True,BTDCFQUACC,0.4,0.5743120815378239,0.2888888888888889
68,0.0,2024-01-02,signup,9,False,HTUIUEAPSS,0.4,0.44325573969923815,0.08888888888888889
72,0.0,2024-01-15,signup,5,True,KQAKBGLQBJ,0.26666666666666666,0.640125096153135,0.022222222222222223
87,1.0,2024-01-26,signup,7,False,XJMJZQDDJC,0.2,0.6827901210371626,0.2
88,1.0,2024-01-19,signup,5,False,ILBYCVCCZP,0.3333333333333333,0.41449430894330164,0.08888888888888889
93,1.0,2024-01-12,signup,3,True,BNJNDMKIOK,0.4666666666666667,0.737641965581696,0.15555555555555556
95,0.0,2024-01-07,signup,1,False,JBJDCNSVYQ,0.3333333333333333,0.5306496270434643,0.08888888888888889
97,0.0,2024-01-12,signup,3,False,EVTQSTMJAY,0.13333333333333333,0.5614006989366808,0.22222222222222224
104,1.0,2024-01-02,signup,1,True,IROQPSWYUC,0.26666666666666666,0.29020875569706106,0.31111111111111117
107,1.0,2024-01-17,signup,2,True,YHGCDBUZOO,0.6666666666666666,0.5604189141808583,0.2666666666666667
109,0.0,2024-01-23,signup,2,True,TUKZRKNGZC,0.2,0.4469978820631021,0.0
110,0.0,2024-01-01,signup,4,True,NWTUJSIWDD,0.4,0.6333990101205781,0.06666666666666667
112,1.0,2024-01-18,signup,4,True,BPQXMGSSGK,0.2,0.6080719748300091,0.13333333333333333
116,1.0,2024-01-28,signup,3,False,ANVCOQDWPG,0.26666666666666666,0.543732106715184,0.5555555555555556
126,1.0,2024-01-12,signup,3,True,NBUXBYCSKE,0.26666666666666666,0.4300864488675772,0.4
130,0.0,2024-01-04,signup,5,True,FBOBLIOYHV,0.3333333333333333,0.6773067076212319,0.08888888888888889
133,0.0,2024-01-12,signup,5,True,TLHITDPRSA,0.4666666666666667,0.42699590211601535,0.1111111111111111
141,0.0,2024-01-01,signup,7,False,JMFONJZUPE,0.4,0.27469103519489957,0.15555555555555556
142,0.0,2024-01-17,signup,9,False,KNDCQISUNM,0.26666666666666666,0.6784063870404601,0.15555555555555556
146,1.0,2024-01-25,signup,9,False,UKEAVDRBIM,0.5333333333333333,0.5338719753799771,0.4444444444444445
148,0.0,2024-01-13,signup,2,True,VIQNDTATLY,0.2,0.6754688548212012,0.1111111111111111
152,0.0,2024-01-29,signup,2,False,PKMEXRHJWN,0.4666666666666667,0.5438258503223098,0.022222222222222223
160,0.0,2024-01-23,signup,7,False,PJACVAGSNN,0.5333333333333333,0.9002927045523893,0.022222222222222223
167,0.0,2024-01-18,signup,1,False,MNCSDIPRDF,0.4,0.4413691253336661,0.06666666666666667
169,1.0,2024-01-20,signup,6,False,CNNNKVXVBZ,0.26666666666666666,0.5262419388631113,0.2888888888888889
183,1.0,2024-01-06,signup,5,True,LUBQTNWDCM,0.4,0.7731445519485972,0.24444444444444444
185,1.0,2024-01-02,signup,9,False,AACEDUWABX,0.3333333333333333,0.6389855718390997,0.6666666666666666
186,1.0,2024-01-12,signup,9,False,QGGDGUBOFX,0.2,0.6638731975751796,0.7111111111111111
188,1.0,2024-01-04,signup,9,True,ETCMPIAOPD,0.06666666666666667,0.32187811356765683,0.5555555555555556
189,0.0,2024-01-23,signup,5,True,VOOTYELWHE,0.4,0.570883277773584,0.08888888888888889
190,0.0,2024-01-13,signup,5,False,CXUUCQWNNU,0.2,0.4460685691942595,0.0
191,1.0,2024-01-17,signup,2,False,CTTBPSFQGY,0.4666666666666667,0.6160307139533779,0.3777777777777778
194,0.0,2024-01-09,signup,4,False,OWBEEKDLKJ,0.4,0.4336782778437994,0.17777777777777778
197,1.0,2024-01-01,signup,2,True,VDNVRNQBWI,0.2,0.7275707248087867,0.2666666666666667
200,1.0,2024-01-05,signup,5,True,JBIJNXCLSV,0.13333333333333333,0.5311660118284051,0.22222222222222224
204,1.0,2024-01-20,signup,2,False,DIEBKIQXIE,0.26666666666666666,0.37748925018034163,0.2666666666666667
211,1.0,2024-01-29,signup,7,False,PLTYLCEFBO,0.26666666666666666,0.543265983558919,0.2666666666666667
212,1.0,2024-01-18,signup,8,False,UXHKQSMYVV,0.3333333333333333,0.6920293044127671,0.33333333333333337
213,0.0,2024-01-27,signup,1,True,ZOYWTXPOZY,0.06666666666666667,0.48028277064073144,0.022222222222222223
214,1.0,2024-01-20,signup,5,True,JNWPKXCSSO,0.3333333333333333,0.4639679886037892,0.31111111111111117
215,0.0,2024-01-04,signup,8,False,VUZLWIFHQJ,0.6,0.40348519226315893,0.1111111111111111
221,1.0,2024-01-14,signup,6,False,MKSYUTUPJP,0.26666666666666666,0.6340259714148443,0.24444444444444444
227,0.0,2024-01-27,signup,2,False,FJPJFRMSBU,0.26666666666666666,0.4880229886780004,0.08888888888888889
230,1.0,2024-01-22,signup,9,False,EQOMPRQEWY,0.3333333333333333,0.5028764368513728,0.15555555555555556
234,0.0,2024-01-06,signup,6,False,WDCBAOBGWP,0.3333333333333333,0.5128593635865774,0.1111111111111111
235,1.0,2024-01-26,signup,5,True,YLJXFOVMVA,0.4666666666666667,0.5013380910688264,0.24444444444444444
240,1.0,2024-01-04,signup,7,False,ZYKTZXDHHZ,0.3333333333333333,0.5786138297263655,0.2
246,0.0,2024-01-27,signup,7,True,None,0.26666666666666666,0.711284937563535,0.0
250,0.0,2024-01-18,signup,6,False,FVIKAFWSNY,0.4,0.4566423111965422,0.0
252,1.0,2024-01-19,signup,2,False,KOCYNCMCMV,0.7333333333333333,0.5683975076085112,0.2666666666666667
253,0.0,2024-01-22,signup,9,True,BDQKEYUSMI,0.4666666666666667,0.42847475949376956,0.022222222222222223
256,1.0,2024-01-09,signup,8,True,FSXSWSYZUJ,0.3333333333333333,0.5062039196618272,0.17777777777777778
259,0.0,2024-01-22,signup,9,True,KSFIGBQODL,0.13333333333333333,0.4966517605235111,0.1111111111111111
267,1.0,2024-01-16,signup,4,False,LYBCDYVCHQ,0.3333333333333333,0.7493583244614325,0.4
268,0.0,2024-01-02,signup,8,False,ICDPTWVENR,0.0,0.5417698789022934,0.04444444444444444
270,1.0,2024-01-20,signup,3,True,GOGGTKNAMI,0.26666666666666666,0.5019925567675919,0.24444444444444444
272,1.0,2024-01-03,signup,8,False,MPHAMNJDFG,0.26666666666666666,0.44179595069297284,0.08888888888888889
275,1.0,2024-01-23,signup,5,True,RWQKNZRIVB,0.4666666666666667,0.5248090907094783,0.24444444444444444
276,1.0,2024-01-02,signup,6,True,RGEDZASBRA,0.13333333333333333,0.3218444197598903,0.31111111111111117
279,1.0,2024-01-25,signup,8,True,ZDCQVADSDR,0.3333333333333333,0.4918030109957635,0.24444444444444444
281,0.0,2024-01-05,signup,8,False,XVACGPNCAJ,0.3333333333333333,0.374706863583533,0.06666666666666667
286,0.0,2024-01-30,signup,1,False,VEYIFYUIOP,0.2,0.4351703263000969,0.04444444444444444
293,0.0,2024-01-18,signup,5,False,BWKSTABDJH,0.4,0.38525768045501374,0.04444444444444444
301,1.0,2024-01-12,signup,6,False,HWDYYSGJZR,0.4666666666666667,0.5621852054337003,0.5333333333333333
306,1.0,2024-01-12,signup,9,True,POZJYBRZVJ,0.4666666666666667,0.4951793932836005,0.15555555555555556
314,1.0,2024-01-30,signup,3,False,PVTMUCPXBM,0.26666666666666666,0.26326928781638415,0.33333333333333337
316,0.0,2024-01-11,signup,4,True,DNZYBFEQQX,0.4666666666666667,0.7296040828771172,0.0
320,1.0,2024-01-30,signup,9,False,EPJEEVITQL,0.5333333333333333,0.5894787874425619,0.13333333333333333
321,1.0,2024-01-19,signup,2,False,PXLHFETYFZ,0.2,0.6321524663981085,0.17777777777777778
326,1.0,2024-01-05,signup,4,True,YJUWGABPSV,0.3333333333333333,0.7199812836045024,0.2888888888888889
327,1.0,2024-01-25,signup,4,True,KWPRBKALJZ,0.3333333333333333,0.5614667893415274,0.5333333333333333
338,0.0,2024-01-21,signup,5,True,LXGGISTXEU,0.3333333333333333,0.42990099258108183,0.17777777777777778
345,1.0,2024-01-15,signup,8,False,ZNTKHUJZBI,0.26666666666666666,0.6373834589685151,0.1111111111111111
347,0.0,2024-01-19,signup,9,True,GUHJUXCUAI,0.3333333333333333,0.06632426367426225,0.22222222222222224
349,1.0,2024-01-05,signup,2,True,RUQHWTWNTS,0.3333333333333333,0.48149008572048724,0.17777777777777778
352,1.0,2024-01-13,signup,5,True,PYXIFNVILN,0.4666666666666667,0.43832951368879514,0.488888888888889
353,0.0,2024-01-18,signup,1,True,IXRSKBZDGM,0.26666666666666666,0.4549303890465851,0.0
360,0.0,2024-01-30,signup,1,True,PJRQVNYWKR,0.2,0.6184679445823963,0.0
362,0.0,2024-01-09,signup,2,False,CUOGTVGVLJ,0.13333333333333333,0.5676395698690094,0.022222222222222223
367,1.0,2024-01-10,signup,2,False,JELRVEIWTP,0.13333333333333333,0.6207876214976703,0.17777777777777778
370,0.0,2024-01-30,signup,3,False,AJTXKCIAPG,0.4,0.6933983900187491,0.0
373,1.0,2024-01-21,signup,9,False,GRDBMUTEGG,0.3333333333333333,0.4822830033700761,0.31111111111111117
374,0.0,2024-01-13,signup,4,False,ZYBUMTNCVY,0.26666666666666666,0.6045140183873349,0.0
382,1.0,2024-01-13,signup,9,False,QIRLGHFEYT,0.4666666666666667,0.7550673028185159,0.2888888888888889
385,1.0,2024-01-05,signup,7,True,NEDLCGZVFP,0.2,0.3216571035137884,0.2666666666666667
388,1.0,2024-01-28,signup,2,True,JZUSHCNZAY,0.06666666666666667,0.314823929471172,0.17777777777777778
391,0.0,2024-01-26,signup,8,True,YGLLRNOUHW,0.2,0.7839681105653072,0.0
400,0.0,2024-01-20,signup,5,False,USEDQJJTXO,0.6666666666666666,0.6142098953320115,0.0
401,1.0,2024-01-23,signup,8,False,MHSUUXYIIR,0.13333333333333333,0.32930394281418096,0.15555555555555556
404,0.0,2024-01-09,signup,6,True,IGCIXTLQSM,0.2,0.5285370846035525,0.06666666666666667
406,0.0,2024-01-19,signup,8,False,DQBBZCLEKF,0.26666666666666666,0.324723650456603,0.0
419,1.0,2024-01-27,signup,8,True,AOOQECTXNK,0.2,0.7009230307028237,0.1111111111111111
423,0.0,2024-01-06,signup,3,False,EPMDFKOEUJ,0.3333333333333333,0.47281538721547356,0.08888888888888889
426,0.0,2024-01-21,signup,7,True,YFROGHEYSX,0.4666666666666667,0.6317522145202362,0.15555555555555556
427,1.0,2024-01-01,signup,6,True,LGZDTMNLJY,0.2,0.44491970265336545,0.15555555555555556
430,0.0,2024-01-28,signup,7,False,SNDYIUCQAE,0.13333333333333333,0.6170627355867836,0.04444444444444444
432,1.0,2024-01-20,signup,4,False,JHAOJJIWCW,0.5333333333333333,0.6991375276735071,0.2888888888888889
436,0.0,2024-01-05,signup,5,True,QDOAFZIIST,0.26666666666666666,0.3599990777093308,0.022222222222222223
438,1.0,2024-01-15,signup,8,True,ADKNQXITXD,0.3333333333333333,0.6009553115369951,0.5333333333333333
445,1.0,2024-01-08,signup,1,False,COQGIQDKJZ,0.6666666666666666,0.4848304503549036,0.31111111111111117
449,0.0,2024-01-29,signup,3,True,XESIROZJQI,0.26666666666666666,0.48838046388510603,0.08888888888888889
451,1.0,2024-01-11,signup,2,False,QNQSVXSEUL,0.2,0.6207308253626417,0.5555555555555556
452,0.0,2024-01-13,signup,1,False,PABKNFJTAM,0.2,0.23013037956154536,0.1111111111111111
459,0.0,2024-01-19,signup,1,False,KJJLWOBSQO,0.2,0.26768589910263973,0.33333333333333337
463,1.0,2024-01-31,signup,1,True,AEMOQPZTTB,0.2,0.682993569837257,0.46666666666666673
501,1.0,2024-01-06,signup,3,False,UTIMHHOHJP,0.2,0.5543444198292785,0.33333333333333337
505,0.0,2024-01-10,signup,7,True,YDSYXTXNUN,0.3333333333333333,0.4598011397183287,0.08888888888888889
512,1.0,2024-01-20,signup,5,False,MAHSOLTKEW,0.2,0.5286451900919568,0.31111111111111117
519,0.0,2024-01-24,signup,5,True,MFELPVBLUU,0.26666666666666666,0.5662077534603421,0.022222222222222223
523,1.0,2024-01-25,signup,4,False,IKLMFEYYHN,0.3333333333333333,0.5582069841434073,0.33333333333333337
525,0.0,2024-01-10,signup,1,False,XYECIRVNCY,0.4666666666666667,0.38130786178326603,0.2
526,0.0,2024-01-17,signup,6,True,PVDXFBWPGM,0.3333333333333333,0.28292605325958353,0.022222222222222223
527,0.0,2024-01-29,signup,5,True,RVMSZZDPNQ,0.4,0.21723031050951602,0.04444444444444444
528,0.0,2024-01-08,signup,8,False,SACGVDYWXR,0.3333333333333333,0.4746062880004357,0.17777777777777778
530,1.0,2024-01-01,signup,3,False,DZHTRLDBIX,0.4666666666666667,0.3679646603997758,0.3777777777777778
533,1.0,2024-01-07,signup,6,False,XOLXNLHBCZ,0.13333333333333333,0.4612794283664937,0.4222222222222223
534,1.0,2024-01-24,signup,6,True,IEXGHXCYGL,0.4666666666666667,0.4207358572975076,0.13333333333333333
537,0.0,2024-01-12,signup,2,False,PSOJFGSNNP,0.4,0.3135451440013933,0.15555555555555556
539,0.0,2024-01-26,signup,2,False,SYJUCSTRZE,0.4666666666666667,0.5490887929835694,0.13333333333333333
557,0.0,2024-01-08,signup,6,False,LVJQWQXXLU,0.7333333333333333,0.4155857506813966,0.022222222222222223
558,1.0,2024-01-10,signup,6,False,NHTYEOTPZH,0.26666666666666666,0.5288988026038054,0.1111111111111111
566,0.0,2024-01-30,signup,7,False,NAOXGOYWZF,0.3333333333333333,0.5337417246685409,0.0
575,1.0,2024-01-09,signup,4,True,REYBGTVOKY,0.3333333333333333,0.37501790447749206,0.4444444444444445
576,0.0,2024-01-10,signup,5,False,NJEBHCDREE,0.4,0.5084598953464451,0.15555555555555556
580,0.0,2024-01-08,signup,3,True,YKEOETLNNG,0.6,0.3005885346516678,0.022222222222222223
582,0.0,2024-01-14,signup,8,True,ETCAJJRHIP,0.3333333333333333,0.609721409657947,0.06666666666666667
592,0.0,2024-01-26,signup,2,False,CNKVNFRBSZ,0.26666666666666666,0.43168248248928054,0.13333333333333333
593,0.0,2024-01-12,signup,6,False,FCNTCDPNMW,0.3333333333333333,0.4203305301474395,0.17777777777777778
598,0.0,2024-01-01,signup,3,True,UFFRUFQLMG,0.26666666666666666,0.6728128744376046,0.0
599,0.0,2024-01-20,signup,8,True,LPGTEFYWJL,0.06666666666666667,0.3610192903874424,0.022222222222222223
602,0.0,2024-01-03,signup,1,False,EHMMMGVKOA,0.5333333333333333,0.6914085837200713,0.022222222222222223
605,0.0,2024-01-25,signup,6,False,DWYVEJRRSW,0.26666666666666666,0.03970752618009954,0.13333333333333333
611,1.0,2024-01-02,signup,6,True,FFUBCHUAGP,0.26666666666666666,0.252621793703098,0.2888888888888889
614,1.0,2024-01-14,signup,6,True,JYFIJESLYA,0.13333333333333333,0.45599015262910936,0.33333333333333337
616,0.0,2024-01-08,signup,5,False,ZCNHYQKMGM,0.2,0.6444954508027053,0.0
619,1.0,2024-01-29,signup,2,False,RGKHMWRUXA,0.6,0.5347728516427196,0.3777777777777778
624,1.0,2024-01-11,signup,5,True,UGHFDHTXRD,0.4,0.5233781125933722,0.31111111111111117
625,0.0,2024-01-17,signup,6,True,RJISFSBNJB,0.4,0.59705511903729,0.022222222222222223
627,1.0,2024-01-10,signup,6,False,RNPBRFDQDX,0.06666666666666667,0.5428733771716344,0.08888888888888889
632,1.0,2024-01-02,signup,5,True,QYTZJRDRIM,0.4,0.35851881714532363,0.2888888888888889
640,0.0,2024-01-12,signup,6,False,BIHFEVBUIM,0.2,0.6366599560194189,0.022222222222222223
642,0.0,2024-01-06,signup,8,True,SSKURYLYZP,0.3333333333333333,0.2745764115946424,0.022222222222222223
643,0.0,2024-01-24,signup,7,True,GIBIFRRMAT,0.4,0.48277719563750787,0.0
654,0.0,2024-01-07,signup,3,False,NJXMZWWFIW,0.3333333333333333,0.5154814156259798,0.06666666666666667
658,1.0,2024-01-15,signup,3,True,GVIKENFAAJ,0.4,0.6438060408295864,0.3777777777777778
671,1.0,2024-01-28,signup,9,False,VNWHTKCVXP,0.26666666666666666,0.4436333988509099,0.2666666666666667
690,0.0,2024-01-16,signup,9,True,SQNBXJNFSJ,0.3333333333333333,0.6427769111097593,0.022222222222222223
698,0.0,2024-01-03,signup,9,False,HMNFUOVOWZ,0.2,0.5962331282983767,0.31111111111111117
704,0.0,2024-01-27,signup,8,True,FMGLODWJAI,0.3333333333333333,0.6413028479244695,0.022222222222222223
706,0.0,2024-01-28,signup,3,True,CEDWZBKFLE,0.13333333333333333,0.37545428961506133,0.0
708,0.0,2024-01-06,signup,3,True,HINGPSFRDB,0.6666666666666666,0.4480928622753081,0.1111111111111111
710,1.0,2024-01-14,signup,5,True,MTPFPWDOPG,0.4666666666666667,0.5324285752764694,0.31111111111111117
715,1.0,2024-01-29,signup,2,False,PUHGEATEQG,0.4666666666666667,0.46431700976560253,0.17777777777777778
718,0.0,2024-01-17,signup,1,True,XGFYZZUXJR,0.26666666666666666,0.7251378854712621,0.06666666666666667
720,1.0,2024-01-19,signup,1,False,HZFVXJXGEL,0.2,0.5409066470850529,0.33333333333333337
723,1.0,2024-01-12,signup,8,False,BBSEAEVOWC,0.3333333333333333,0.20204867002461457,0.31111111111111117
737,1.0,2024-01-03,signup,9,False,GHNCYYMMTP,0.3333333333333333,0.5752038086684009,0.17777777777777778
740,0.0,2024-01-26,signup,9,True,WWXKLNYLDU,0.3333333333333333,0.5937215343437617,0.06666666666666667
741,0.0,2024-01-18,signup,4,True,DIZVUCIXFY,0.6,0.5298263901484702,0.08888888888888889
745,1.0,2024-01-02,signup,8,False,SPLUQDKFMN,0.2,0.5565795161232744,0.46666666666666673
758,1.0,2024-01-02,signup,8,True,WYRHXLWMAY,0.5333333333333333,0.43627752007313203,0.22222222222222224
759,1.0,2024-01-15,signup,9,True,WQCXHPIDID,0.13333333333333333,0.40176120896877865,0.33333333333333337
762,0.0,2024-01-03,signup,4,False,AORSCBDFWI,0.26666666666666666,0.4081070672930881,0.06666666666666667
771,1.0,2024-01-01,signup,3,True,GQAPHMNXBK,0.26666666666666666,0.5385813029871217,0.6222222222222222
774,1.0,2024-01-17,signup,5,False,BZJCNBMXML,0.26666666666666666,0.6977072934456087,0.4444444444444445
776,0.0,2024-01-10,signup,7,True,RDPYIQZBMC,0.4,0.32884810754930494,0.15555555555555556
779,1.0,2024-01-08,signup,6,False,MFQNWOZXMS,0.4,0.5387096606852474,0.2888888888888889
781,1.0,2024-01-07,signup,1,True,OYYQXPXEKZ,0.4,0.5347202726208161,0.2666666666666667
786,1.0,2024-01-31,signup,6,False,HSJVHVITCA,0.3333333333333333,0.5999487038737094,0.2666666666666667
789,1.0,2024-01-01,signup,8,True,JXWKANDJCR,0.4666666666666667,0.613273776797011,0.2666666666666667
791,1.0,2024-01-03,signup,4,False,RCHBBHXNVX,0.26666666666666666,0.5227513336569306,0.4222222222222223
794,0.0,2024-01-05,signup,5,False,CMNXJCHIIP,0.3333333333333333,0.631687589957321,0.46666666666666673
797,1.0,2024-01-21,signup,9,True,GDMEBGLZFE,0.2,0.503066171038559,0.6
802,1.0,2024-01-08,signup,7,False,LBIFWPYBWF,0.4666666666666667,0.687699910498759,0.4444444444444445
807,1.0,2024-01-04,signup,5,False,UJKCVSBKNM,0.3333333333333333,0.5032502773826438,0.3777777777777778
813,1.0,2024-01-28,signup,5,False,IYNCYSMWUV,0.26666666666666666,0.5539601573260876,0.5111111111111111
816,1.0,2024-01-19,signup,9,True,YLCEHNZABA,0.26666666666666666,0.4844402621950611,0.22222222222222224
821,0.0,2024-01-17,signup,2,False,SSZDSRLDJP,0.4666666666666667,0.42892236285612795,0.04444444444444444
831,0.0,2024-01-06,signup,1,True,HIGFFFZBXL,0.2,0.44455321921879454,0.04444444444444444
835,0.0,2024-01-18,signup,5,False,XOKTNESPEO,0.26666666666666666,0.5552129857442482,0.04444444444444444
836,1.0,2024-01-18,signup,6,True,EJFQSWZBJA,0.13333333333333333,0.5100571100296328,0.15555555555555556
838,1.0,2024-01-10,signup,7,False,VPYDBZVHTE,0.3333333333333333,0.5997199217319048,0.33333333333333337
839,1.0,2024-01-05,signup,5,False,SAAFCDSWCC,0.4666666666666667,0.4270805941618684,0.46666666666666673
842,0.0,2024-01-23,signup,9,True,MHZLKADZAW,0.13333333333333333,0.6257393478642409,0.08888888888888889
850,0.0,2024-01-23,signup,2,False,LYWGSLNBTH,0.2,0.5128803246639996,0.08888888888888889
860,1.0,2024-01-27,signup,2,False,FOUNMYYFHQ,0.6666666666666666,0.7974294411127766,0.31111111111111117
865,1.0,2024-01-06,signup,2,False,YTNTDRSNDE,0.2,0.40855246618889207,0.1111111111111111
866,0.0,2024-01-13,signup,2,True,JMTGMQDPTP,0.06666666666666667,0.4518910748016284,0.022222222222222223
870,0.0,2024-01-22,signup,6,False,MHCYGCCQFU,0.06666666666666667,0.547046087433447,0.04444444444444444
880,0.0,2024-01-27,signup,1,True,TUICNOJJRT,0.4,0.7421585978863036,0.04444444444444444
883,0.0,2024-01-03,signup,7,False,ACJHDYBUCE,0.5333333333333333,0.6033961467962267,0.06666666666666667
888,0.0,2024-01-17,signup,3,True,YOBNHOXFYF,0.3333333333333333,0.23880974720232417,0.22222222222222224
890,1.0,2024-01-14,signup,5,False,QBKPIJNJYF,0.7333333333333333,0.7778164916979481,0.2888888888888889
892,1.0,2024-01-26,signup,2,True,DFSUMGNCSD,0.5333333333333333,0.5630908530393143,0.24444444444444444
893,0.0,2024-01-24,signup,4,True,GWNOZVRSRB,0.3333333333333333,0.559063427705703,0.08888888888888889
895,0.0,2024-01-23,signup,8,True,VWTTZIOENI,0.13333333333333333,0.38002249342940286,0.04444444444444444
900,0.0,2024-01-27,signup,3,True,XNYHBTBNDJ,0.13333333333333333,0.4303055947988711,0.0
915,0.0,2024-01-04,signup,1,True,YMFDNPQKIM,0.3333333333333333,0.7878406596587338,0.15555555555555556
919,0.0,2024-01-15,signup,4,True,HJLDOUDXLN,0.4,0.644735586715801,0.33333333333333337
921,0.0,2024-01-17,signup,5,True,HHZAADKBJV,0.3333333333333333,0.565087670352591,0.2666666666666667
923,1.0,2024-01-27,signup,4,True,VFVYNUSVFY,0.4666666666666667,0.3742240506400697,0.13333333333333333
926,0.0,2024-01-23,signup,1,False,ENRJFZMQNM,0.2,0.5985319815112825,0.22222222222222224
927,1.0,2024-01-16,signup,5,False,PIKNMLKDKF,0.26666666666666666,0.4664119793646556,0.33333333333333337
928,1.0,2024-01-17,signup,1,True,UXDNPTPECX,0.3333333333333333,0.4161016360094981,0.8
929,0.0,2024-01-14,signup,3,False,RRHIJXCZOY,0.26666666666666666,0.4726731933485703,0.0
934,0.0,2024-01-12,signup,5,True,JHLUZDSKYM,0.13333333333333333,0.38965317585451176,0.0
940,0.0,2024-01-06,signup,7,True,JMOOHGXTWM,0.3333333333333333,0.4142954481832387,0.0
941,1.0,2024-01-04,signup,9,False,CNGHVSGEHT,0.4666666666666667,0.6284119077089619,0.24444444444444444
943,1.0,2024-01-26,signup,4,False,SJGRDZTJOQ,0.26666666666666666,0.4680260658756078,0.5111111111111111
944,0.0,2024-01-23,signup,4,True,AKRULLBMLT,0.26666666666666666,0.29447814671979866,0.24444444444444444
945,0.0,2024-01-12,signup,5,True,VRSTCDGDOY,0.5333333333333333,0.37023553682511634,0.08888888888888889
946,0.0,2024-01-13,signup,1,True,ZXOFCYLMSV,0.5333333333333333,0.4571033276446482,0.3777777777777778
949,1.0,2024-01-13,signup,5,False,COGAXYVMUI,0.13333333333333333,0.5554016042693032,0.13333333333333333
952,0.0,2024-01-20,signup,5,False,WWYOUYKKUS,0.4,0.5701452942867266,0.0
957,0.0,2024-01-18,signup,2,True,TTVFUYMIVE,0.3333333333333333,0.3426601253962064,0.022222222222222223
958,0.0,2024-01-27,signup,5,False,QESSCBULEN,0.26666666666666666,0.6247556710869845,0.04444444444444444
960,0.0,2024-01-29,signup,9,True,KSKDFVQOHW,0.4,0.49753494740061066,0.04444444444444444
969,0.0,2024-01-15,signup,5,False,XFRFGSVNMA,0.2,0.5255740107417871,0.022222222222222223
970,1.0,2024-01-19,signup,2,True,FIRKVYKSOI,0.26666666666666666,0.47061402676273756,0.46666666666666673
973,0.0,2024-01-17,signup,7,True,REBSMLGTTT,0.3333333333333333,0.4645070183207268,0.022222222222222223
974,0.0,2024-01-21,signup,6,True,LJMVWKYUUM,0.13333333333333333,0.41952660562662347,0.04444444444444444
983,0.0,2024-01-01,signup,1,False,TDQIHBITTJ,0.26666666666666666,0.6480939905761859,0.04444444444444444
988,0.0,2024-01-17,signup,7,False,AJNLYNBTPO,0.3333333333333333,0.369610600459226,0.022222222222222223
993,1.0,2024-01-31,signup,1,False,FLXCREYSVB,0.4,0.6320407167273415,0.2888888888888889
995,0.0,2024-01-15,signup,8,True,DUNFDNCKWM,0.3333333333333333,0.5182842690641228,0.0
997,0.0,2024-01-11,signup,4,False,DBMQVILOCG,0.13333333333333333,0.3482594738353709,0.15555555555555556
999,0.0,2024-01-27,signup,6,False,KCOFGBIBCI,0.6,0.5217201042025236,0.24444444444444444
1004,1.0,2024-01-29,signup,5,False,LORDOPYUBO,0.3333333333333333,0.58672003052319,0.5111111111111111
1008,0.0,2024-01-26,signup,9,True,LDOHETXYAD,0.6666666666666666,0.5852335288385772,0.08888888888888889
1009,0.0,2024-01-19,signup,8,True,DTYRGVFMCK,0.4666666666666667,0.6692755488025416,0.08888888888888889
1028,0.0,2024-01-01,signup,6,False,UZLJPVTCXM,0.26666666666666666,0.7036636405856221,0.022222222222222223
1036,0.0,2024-01-20,signup,5,True,JGGJJTHPRU,0.5333333333333333,0.6724837129897093,0.04444444444444444
1038,0.0,2024-01-17,signup,7,True,VEHKOTILTM,0.4,0.578143816971095,0.022222222222222223
1052,1.0,2024-01-17,signup,3,True,UBGECTWTRF,0.26666666666666666,0.2798282420707795,0.22222222222222224
1057,0.0,2024-01-31,signup,6,True,KYGDUCUWYM,0.5333333333333333,0.6536454884338675,0.022222222222222223
1058,0.0,2024-01-02,signup,1,True,KCYMGBDYSC,0.3333333333333333,0.38927164529465663,0.15555555555555556
1062,1.0,2024-01-17,signup,5,False,QCJVAWYIMF,0.4,0.47162021593957293,0.2666666666666667
1063,0.0,2024-01-11,signup,2,False,KMFNNCZVER,0.5333333333333333,0.5684602013158165,0.06666666666666667
1065,1.0,2024-01-10,signup,4,False,RANIYZSKFA,0.0,0.6058760676493539,0.31111111111111117
1068,0.0,2024-01-28,signup,3,True,FGZUGTGZPZ,0.6666666666666666,0.4898910903158903,0.04444444444444444
1070,0.0,2024-01-16,signup,3,False,ACYPUVHSOW,0.2,0.5316991068985805,0.022222222222222223
1082,0.0,2024-01-21,signup,4,False,SRCGDDJHBN,0.26666666666666666,0.5011329479275474,0.022222222222222223
1087,0.0,2024-01-15,signup,1,True,NXRPDJYFAM,0.6666666666666666,0.48127822940271947,0.06666666666666667
1091,1.0,2024-01-12,signup,8,True,XDFBBSBHKN,0.26666666666666666,0.3265266170553679,0.22222222222222224
1092,1.0,2024-01-07,signup,4,True,ASEHVFRQUJ,0.13333333333333333,0.4444194730045009,0.06666666666666667
1093,1.0,2024-01-05,signup,9,False,IIYVSQVHBP,0.6,0.43990378973691413,0.2
1095,0.0,2024-01-24,signup,9,True,SHKBQTZWSS,0.13333333333333333,0.26950220898110355,0.022222222222222223
1115,1.0,2024-01-31,signup,7,True,MUOQTYXPPH,0.4,0.6777919745243256,0.15555555555555556
1117,1.0,2024-01-11,signup,7,True,VCDZUIQOPB,0.06666666666666667,0.442938911862219,0.35555555555555557
1122,1.0,2024-01-15,signup,3,False,QBSPUXTXAY,0.26666666666666666,0.5310392937918226,0.2888888888888889
1123,1.0,2024-01-13,signup,2,True,VKAYUAPTNB,0.26666666666666666,0.4299405494784948,0.2666666666666667
1126,0.0,2024-01-14,signup,2,False,BAVWGRIWSQ,0.06666666666666667,0.4790535191451225,0.0
1127,0.0,2024-01-21,signup,3,True,ACGNMOMNLJ,0.3333333333333333,0.4661194122999709,0.13333333333333333
1134,1.0,2024-01-19,signup,2,False,SUZAZWTDMK,0.0,0.12465390556834133,0.24444444444444444
1135,0.0,2024-01-24,signup,7,False,FCVWAEPSKW,0.26666666666666666,0.6580454162183725,0.04444444444444444
1142,1.0,2024-01-25,signup,7,True,NNKEZNVAAB,0.3333333333333333,0.2673505294880355,0.2
1143,1.0,2024-01-14,signup,5,True,INETGXZCBY,0.3333333333333333,0.6515806360984427,0.24444444444444444
1151,1.0,2024-01-24,signup,6,False,SVYESOOFWR,0.5333333333333333,0.5052484184901721,0.2888888888888889
1157,1.0,2024-01-08,signup,9,True,IISCHQFBIE,0.2,0.6466647377934024,0.15555555555555556
1169,0.0,2024-01-12,signup,9,True,DABOAFDXJR,0.4,0.6276136184659068,0.0
1174,1.0,2024-01-28,signup,3,True,WUMFFJAHAF,0.2,0.49426314308999875,0.1111111111111111
1176,1.0,2024-01-13,signup,4,False,MVSYMXKJUA,0.4,0.11286580059324736,0.4
1194,0.0,2024-01-23,signup,1,False,ITXSZDVKSX,0.3333333333333333,0.49473508968181934,0.0
1199,0.0,2024-01-16,signup,7,False,DKEZPQOXOA,0.2,0.45758064387653075,0.08888888888888889
1200,1.0,2024-01-21,signup,2,True,YPZHPYRBVI,0.4,0.551610011459147,0.31111111111111117
1201,0.0,2024-01-08,signup,6,True,KSSUHTGZUS,0.2,0.38441953164847187,0.22222222222222224
1202,0.0,2024-01-16,signup,4,True,VAUSUPUYIY,0.4,0.5462236466593323,0.04444444444444444
1217,1.0,2024-01-17,signup,5,False,INDGXRKGGO,0.2,0.48981859358093127,0.2888888888888889
1233,0.0,2024-01-03,signup,7,True,WVMKZTSFEG,0.2,0.6233814286462237,0.022222222222222223
1237,0.0,2024-01-02,signup,4,False,SGSVVPUTKS,0.26666666666666666,0.506408502954628,0.0
1241,1.0,2024-01-22,signup,7,False,KUBWYHOHAV,0.4,0.5261343258759513,0.1111111111111111
1248,1.0,2024-01-23,signup,3,False,PGKBCBGCPG,0.26666666666666666,0.4598071023570155,0.31111111111111117
1258,0.0,2024-01-14,signup,5,False,ZANROXSCOM,0.13333333333333333,0.6341290894272252,0.06666666666666667
1261,1.0,2024-01-30,signup,9,False,PYINSEVNMD,0.26666666666666666,0.5312280175299972,0.2888888888888889
1266,0.0,2024-01-01,signup,1,False,EQRVZDGWUM,0.4,0.42669838571860474,0.0
1269,0.0,2024-01-24,signup,1,True,WKUVKBVOSO,0.4666666666666667,0.7376482460254682,0.4444444444444445
1270,1.0,2024-01-10,signup,1,False,SOFZTOQUHE,0.13333333333333333,0.448923507016305,0.33333333333333337
1281,1.0,2024-01-20,signup,7,True,RCIZKXBUZU,0.4666666666666667,0.5053192196602888,0.08888888888888889
1285,1.0,2024-01-30,signup,7,True,ALBWFMQLGR,0.6,0.5127446922316742,0.2888888888888889
1289,0.0,2024-01-03,signup,5,True,IAIVQNXLUW,0.4,0.5399632101931938,0.06666666666666667
1290,0.0,2024-01-11,signup,3,True,DTTDQXBCPA,0.4666666666666667,0.44451866010173113,0.0
1291,0.0,2024-01-25,signup,6,False,OYBLICUQXU,0.5333333333333333,0.6622558508674526,0.08888888888888889
1292,1.0,2024-01-10,signup,2,True,BOHKVNEGOJ,0.2,0.5910548718967407,0.24444444444444444
1297,0.0,2024-01-21,signup,2,False,EVTHGZMFAZ,0.13333333333333333,0.43325810893475125,0.08888888888888889
1300,0.0,2024-01-30,signup,4,False,CHQHMZZKDQ,0.06666666666666667,0.4027893162199797,0.15555555555555556
1302,0.0,2024-01-12,signup,6,True,YOLODVDAVI,0.3333333333333333,0.6223985551756485,0.13333333333333333
1304,1.0,2024-01-09,signup,3,True,PUWIJTDZSG,0.2,0.7412951717003696,0.22222222222222224
1305,1.0,2024-01-25,signup,2,False,VDEQNVNZEU,0.7333333333333333,0.5173258588860777,0.17777777777777778
1306,1.0,2024-01-14,signup,3,False,CTQRHKUXCW,0.5333333333333333,0.5996307887684277,0.35555555555555557
1311,1.0,2024-01-31,signup,4,False,QUFLAXZPQD,0.13333333333333333,0.666747830035452,0.33333333333333337
1313,1.0,2024-01-05,signup,2,True,QINUVSMRGV,0.3333333333333333,0.4889598300649475,0.31111111111111117
1315,1.0,2024-01-31,signup,5,False,SZYZIOBWSP,0.3333333333333333,0.5394240188435796,0.15555555555555556
1317,1.0,2024-01-18,signup,2,True,CFYSGXNLBM,0.6,0.4865567345411105,0.46666666666666673
1322,1.0,2024-01-18,signup,4,True,RSIFJSLTFF,0.26666666666666666,0.6151511799365373,0.2888888888888889
1325,0.0,2024-01-27,signup,9,False,EBAGMAMOTW,0.4,0.5689011484524574,0.022222222222222223
1331,1.0,2024-01-01,signup,4,False,ZHKJDKEPON,0.26666666666666666,0.5052400337672759,0.2888888888888889
1336,0.0,2024-01-06,signup,4,True,ZCSGTZPNDP,0.26666666666666666,0.41096023679600957,0.0
1340,0.0,2024-01-31,signup,9,False,ETLTEZOQWY,0.3333333333333333,0.6571707384730227,0.022222222222222223
1344,1.0,2024-01-16,signup,7,False,ESNGKFMALU,0.3333333333333333,0.5256338160748572,0.22222222222222224
1345,0.0,2024-01-05,signup,4,False,XMAQJUOCAK,0.6,0.7464085692247656,0.2888888888888889
1360,1.0,2024-01-31,signup,3,False,DVSBBUVEEX,0.5333333333333333,0.533914816662724,0.17777777777777778
1363,1.0,2024-01-25,signup,6,True,WQGDNPLCNO,0.13333333333333333,0.540792670842705,0.2666666666666667
1368,0.0,2024-01-21,signup,3,False,SKQKCUPFYQ,0.26666666666666666,0.5338958674226976,0.4
1383,0.0,2024-01-07,signup,5,True,QMHHXJANXT,0.4666666666666667,0.5404770173876962,0.06666666666666667
1385,0.0,2024-01-04,signup,4,False,NLIGDSPZTV,0.4,0.6670939498774643,0.1111111111111111
1386,1.0,2024-01-21,signup,9,True,LHJZICTNCM,0.2,0.40951012416160715,0.08888888888888889
1395,1.0,2024-01-09,signup,2,True,PKPIMJZVJJ,0.4666666666666667,0.6969716295040153,0.15555555555555556
1397,0.0,2024-01-21,signup,5,False,MWNFQXMJPB,0.4,0.39281755282191433,0.08888888888888889
1398,1.0,2024-01-18,signup,2,False,MMKBBVBXCB,0.26666666666666666,0.6135661391023647,0.06666666666666667
1399,1.0,2024-01-15,signup,8,False,OQFXYVYAUW,0.13333333333333333,0.6442436816887828,0.4222222222222223
1400,0.0,2024-01-15,signup,7,True,EIUQUSIAUQ,0.4666666666666667,0.538669333858672,0.0
1401,0.0,2024-01-06,signup,8,False,XKVXTLPTCR,0.26666666666666666,0.541202108206151,0.2
1411,0.0,2024-01-17,signup,1,True,YDXMYVNMDR,0.4,0.40280281895811487,0.0
1414,1.0,2024-01-28,signup,6,False,JOUFDIXAWH,0.2,0.769426765704239,0.24444444444444444
1416,0.0,2024-01-04,signup,5,False,VBIVRLQJLG,0.26666666666666666,0.4122149446990119,0.06666666666666667
1417,0.0,2024-01-29,signup,5,True,ONMQDPSNHK,0.6,0.5271460323144354,0.15555555555555556
1419,1.0,2024-01-15,signup,1,False,NJTOBJPQRR,0.26666666666666666,0.4967847473941037,0.35555555555555557
1429,1.0,2024-01-26,signup,2,False,RSNOQDEAFR,0.13333333333333333,0.4170224655815361,0.5111111111111111
1430,0.0,2024-01-19,signup,4,False,WQNARHEDIF,0.4,0.5325415651062056,0.08888888888888889
1436,0.0,2024-01-16,signup,1,True,MHRMRCHOJZ,0.3333333333333333,0.39249482672688385,0.2
1443,0.0,2024-01-28,signup,6,True,BBVQLLAFLU,0.3333333333333333,0.48599662657159104,0.06666666666666667
1444,1.0,2024-01-22,signup,3,False,FJPJGMJRGE,0.26666666666666666,0.17975638719956433,0.4222222222222223
1453,1.0,2024-01-27,signup,8,False,HYAKHILAAG,0.6666666666666666,0.22300784867193968,0.31111111111111117
1458,0.0,2024-01-24,signup,2,False,CPOMUHDNVW,0.26666666666666666,0.5505381699919928,0.04444444444444444
1468,1.0,2024-01-04,signup,1,True,UOPIHAFHRC,0.3333333333333333,0.6531302956417778,0.31111111111111117
1474,0.0,2024-01-15,signup,4,False,YETRUHPMJA,0.4666666666666667,0.41109342099725976,0.06666666666666667
1480,1.0,2024-01-06,signup,6,False,IFFABNDVAR,0.26666666666666666,0.5545113478665326,0.17777777777777778
1489,0.0,2024-01-29,signup,4,False,YDOGOCUAPP,0.13333333333333333,0.44267675011140095,0.04444444444444444
1492,0.0,2024-01-14,signup,1,False,ECSQVRZSXB,0.2,0.871467324832213,0.2
1493,0.0,2024-01-24,signup,2,True,CZZOSZWVNK,0.4,0.433694323091219,0.0
1496,1.0,2024-01-10,signup,2,True,OYFJYAGYQU,0.3333333333333333,0.49357735207879816,0.1111111111111111
1500,1.0,2024-01-14,signup,8,False,WPAJQHLSUR,0.3333333333333333,0.5478863480066166,0.5111111111111111
1501,0.0,2024-01-04,signup,8,True,PTLMVEZHEY,0.4666666666666667,0.4448443845369937,0.22222222222222224
1502,0.0,2024-01-10,signup,3,True,DECGSJHVOT,0.06666666666666667,0.7943485774242695,0.022222222222222223
1506,1.0,2024-01-23,signup,5,False,MWRMPBDBFY,0.4666666666666667,0.4816210135125877,0.4222222222222223
1513,0.0,2024-01-09,signup,6,False,VPNYVMTMDF,0.5333333333333333,0.30810663357275636,0.06666666666666667
1514,0.0,2024-01-15,signup,5,True,DESIMKOMNP,0.3333333333333333,0.2427945569899136,0.022222222222222223
1516,1.0,2024-01-30,signup,1,True,RUYGZYNESD,0.4,0.4324663206123801,0.4
1518,0.0,2024-01-20,signup,8,True,YXZBNNGYQV,0.06666666666666667,0.2452602930313662,0.2888888888888889
1521,1.0,2024-01-18,signup,7,True,BOEUIUJQED,0.2,0.6624593762026242,0.4
1523,0.0,2024-01-23,signup,9,True,GQXXGOMICE,0.3333333333333333,0.3716087362242081,0.15555555555555556
1524,0.0,2024-01-12,signup,2,False,GRJODJJLAI,0.4,0.6247970484466395,0.15555555555555556
1526,0.0,2024-01-21,signup,1,True,ZRAEEGVMQR,0.5333333333333333,0.390880189643921,0.04444444444444444
1528,1.0,2024-01-26,signup,3,True,ABVBRHFQEU,0.13333333333333333,0.597135708167991,0.15555555555555556
1529,1.0,2024-01-08,signup,3,False,GMWEVUCQOA,0.13333333333333333,0.46425684502098374,0.6222222222222222
1532,1.0,2024-01-02,signup,8,True,RUBEYQCJBJ,0.4666666666666667,0.45824468165152166,0.5111111111111111
1537,1.0,2024-01-04,signup,5,True,YACPQUXEWT,0.4,0.48837001279641334,0.1111111111111111
1539,1.0,2024-01-23,signup,8,False,RQFFFUVVSE,0.26666666666666666,0.5952406143992731,0.22222222222222224
1543,0.0,2024-01-13,signup,1,False,ZCYZOTHJAE,0.2,0.6499298958874166,0.06666666666666667
1546,1.0,2024-01-13,signup,2,False,TGZHTOOPYP,0.06666666666666667,0.473891992067237,0.2666666666666667
1547,1.0,2024-01-01,signup,9,False,WDRORMPQQM,0.3333333333333333,0.6755118211050336,0.46666666666666673
1549,1.0,2024-01-07,signup,5,True,VGRTXESVAH,0.2,0.6066929741084243,0.4222222222222223
1553,1.0,2024-01-15,signup,3,False,VXIOAQCPBJ,0.5333333333333333,0.5746464699044626,0.46666666666666673
1560,0.0,2024-01-16,signup,6,True,YIRZRYJTJX,0.5333333333333333,0.22336888883576977,0.08888888888888889
1561,0.0,2024-01-17,signup,9,False,LYBRITTTHJ,0.26666666666666666,0.3557856068586104,0.04444444444444444
1562,1.0,2024-01-24,signup,9,False,XCESINRFTX,0.2,0.813809326783728,0.2666666666666667
1564,1.0,2024-01-03,signup,5,False,RKVZVERVXV,0.26666666666666666,0.3203848048997572,0.33333333333333337
1579,1.0,2024-01-20,signup,5,True,FKJLVDJFBH,0.4,0.5048697523066977,0.1111111111111111
1580,0.0,2024-01-15,signup,3,True,HFKGKUVHCG,0.3333333333333333,0.5152772568833662,0.06666666666666667
1583,0.0,2024-01-16,signup,2,False,MPIVSIEJIZ,0.4666666666666667,0.5086954878843607,0.022222222222222223
1588,0.0,2024-01-19,signup,9,False,XPQUCNXGBX,0.4666666666666667,0.480847202328022,0.022222222222222223
1596,0.0,2024-01-31,signup,5,True,UPELAESVFE,0.26666666666666666,0.5574356392306518,0.04444444444444444
1598,0.0,2024-01-28,signup,3,True,KIZJFMPBXR,0.2,0.5262743085550968,0.0
1615,1.0,2024-01-03,signup,9,True,DBNPTKRCHC,0.13333333333333333,0.5220270723070993,0.6888888888888889
1618,1.0,2024-01-13,signup,1,False,LYQTAAZWDC,0.4,0.6129965577086597,0.4222222222222223
1622,1.0,2024-01-06,signup,3,False,HXRSEUHHLY,0.26666666666666666,0.4398519578173957,0.2
1627,1.0,2024-01-08,signup,4,False,IVBBJUMUZH,0.26666666666666666,0.6087953104096139,0.4
1629,0.0,2024-01-13,signup,8,True,MEMJQUGZLG,0.26666666666666666,0.6317358313644842,0.1111111111111111
1631,0.0,2024-01-05,signup,5,False,BZPNZECNBF,0.4666666666666667,0.4203943804767122,0.08888888888888889
1632,1.0,2024-01-29,signup,4,False,NXZQXXWHZM,0.4,0.31713700522870003,0.22222222222222224
1636,0.0,2024-01-03,signup,6,False,XFPOXGFHQY,0.06666666666666667,0.6143186172680745,0.1111111111111111
1642,1.0,2024-01-11,signup,5,False,BMTIJIHXDF,0.26666666666666666,0.6263219290894787,0.2666666666666667
1647,1.0,2024-01-12,signup,8,True,JXBHOLPLQA,0.4666666666666667,0.2712653644343045,0.3777777777777778
1653,0.0,2024-01-20,signup,9,True,BCSMSZZGRV,0.26666666666666666,0.4957656247741745,0.022222222222222223
1656,1.0,2024-01-17,signup,6,False,XACONSTNWH,0.26666666666666666,0.4493843641148344,0.4444444444444445
1657,0.0,2024-01-03,signup,2,True,IDXEYODXHJ,0.26666666666666666,0.5357041964233381,0.33333333333333337
1661,1.0,2024-01-23,signup,4,False,JGMBJYOGLP,0.4,0.510532547296784,0.08888888888888889
1663,0.0,2024-01-17,signup,7,True,OHQQCGFJLY,0.06666666666666667,0.5421609610629069,0.2888888888888889
1672,1.0,2024-01-19,signup,1,False,UKOCNMXYTV,0.3333333333333333,0.3232261498706194,0.35555555555555557
1675,0.0,2024-01-30,signup,3,False,LUDOOIRVBJ,0.26666666666666666,0.4257401678670204,0.0
1677,0.0,2024-01-23,signup,9,True,YDQSDEDFYL,0.4,0.6784896776529067,0.2888888888888889
1678,0.0,2024-01-14,signup,8,False,CQOGTSRHCK,0.5333333333333333,0.3842216033735121,0.06666666666666667
1682,1.0,2024-01-27,signup,4,True,MRFCPRUMCU,0.2,0.46490473246990327,0.33333333333333337
1685,1.0,2024-01-09,signup,4,True,ELHBMLSTMV,0.13333333333333333,0.5132637606520024,0.3777777777777778
1688,1.0,2024-01-10,signup,6,True,OJPRHVFYBS,0.6,0.4916992811524271,0.17777777777777778
1704,0.0,2024-01-10,signup,6,False,QLSPILCLFM,0.4,0.7935109775251384,0.0
1706,1.0,2024-01-18,signup,1,False,ZTDOOARFJJ,0.3333333333333333,0.40197683202115175,0.08888888888888889
1709,1.0,2024-01-28,signup,8,False,RGKVJTEFWA,0.2,0.7076267423801818,0.24444444444444444
1713,0.0,2024-01-04,signup,6,False,CMKJNOOXVB,0.4666666666666667,0.42024431285036556,0.022222222222222223
1722,0.0,2024-01-21,signup,7,False,None,0.26666666666666666,0.684405356492554,0.022222222222222223
1723,0.0,2024-01-02,signup,5,True,YMLKEECUNC,0.4666666666666667,0.5762972503357765,0.022222222222222223
1731,1.0,2024-01-08,signup,7,True,EEFPHWMQCP,0.26666666666666666,0.6661250568695233,0.22222222222222224
1735,1.0,2024-01-29,signup,3,True,LRRNQZHZPW,0.06666666666666667,0.35477422410563675,0.3777777777777778
1739,0.0,2024-01-31,signup,4,True,XSWOEMOKDC,0.26666666666666666,0.20421872377639982,0.0
1740,1.0,2024-01-17,signup,4,True,RRVZREBVEO,0.2,0.5034171854430317,0.46666666666666673
1741,1.0,2024-01-09,signup,4,True,CGRPMCTXGI,0.4666666666666667,0.5391024032132768,0.2666666666666667
1744,0.0,2024-01-14,signup,3,True,BHKTGWTMNB,0.6,0.5201550579488147,0.15555555555555556
1747,0.0,2024-01-17,signup,2,False,FHJSPNAAPM,0.4,0.6027482963539382,0.0
1750,1.0,2024-01-05,signup,7,True,WIFFOMLILV,0.26666666666666666,0.44376922694969834,0.35555555555555557
1758,0.0,2024-01-22,signup,9,False,ZYMJVDMGZY,0.26666666666666666,0.4037995357795393,0.31111111111111117
1761,1.0,2024-01-20,signup,2,False,QADSYOWCAL,0.5333333333333333,0.5651980868541359,0.15555555555555556
1764,0.0,2024-01-23,signup,4,True,QAEZJOBRYA,0.2,0.4536955412543525,0.0
1768,0.0,2024-01-06,signup,5,False,HWDDRWHCTP,0.7333333333333333,0.7329653326025686,0.04444444444444444
1772,1.0,2024-01-28,signup,9,False,RMJJJGRXKK,0.6,0.5580274504643826,0.33333333333333337
1776,1.0,2024-01-24,signup,7,True,SNJWFDZFVA,0.26666666666666666,0.5536009849656373,0.5111111111111111
1777,0.0,2024-01-31,signup,2,True,CXPYJCJUWP,0.26666666666666666,0.4297338592253087,0.04444444444444444
1778,0.0,2024-01-20,signup,4,False,XLLBMYRTKT,0.2,0.6615623578950552,0.08888888888888889
1782,0.0,2024-01-19,signup,6,True,JHKZGNYHBY,0.13333333333333333,0.7087182753404103,0.022222222222222223
1784,1.0,2024-01-08,signup,9,False,VYCFXBNCAN,0.26666666666666666,0.7462605027978707,0.2888888888888889
1787,1.0,2024-01-04,signup,7,False,RFDEWSCEGC,0.4666666666666667,0.2835573580365537,0.3777777777777778
1805,1.0,2024-01-24,signup,2,True,FSNNRUBSRQ,0.3333333333333333,0.5485648922301282,0.31111111111111117
1809,0.0,2024-01-23,signup,8,False,VGFGAEHIDL,0.5333333333333333,0.6795290414872649,0.06666666666666667
1811,1.0,2024-01-10,signup,6,True,YMCVHZEBPP,0.4666666666666667,0.4115639209087353,0.17777777777777778
1812,0.0,2024-01-18,signup,9,True,VRTMBXAOOI,0.6,0.3384953639477063,0.2666666666666667
1818,1.0,2024-01-06,signup,3,False,KRQIVZIHFU,0.26666666666666666,0.6878597389779758,0.2666666666666667
1819,0.0,2024-01-27,signup,8,False,QRYEBMBBKK,0.26666666666666666,0.6604131793993672,0.1111111111111111
1823,1.0,2024-01-26,signup,6,False,OKWWIRZAYV,0.26666666666666666,0.6077214555876643,0.2
1825,1.0,2024-01-05,signup,2,False,EXBZLLJMUR,0.5333333333333333,0.6705783293271285,0.2666666666666667
1828,1.0,2024-01-13,signup,5,True,ZIAVCDMTEQ,0.4,0.2826251675840118,0.33333333333333337
1829,0.0,2024-01-14,signup,4,False,DOKJWLIUTG,0.4666666666666667,0.3533212547136143,0.08888888888888889
1831,1.0,2024-01-16,signup,8,False,YLDXHPXGGK,0.26666666666666666,0.3382038910336932,0.46666666666666673
1837,0.0,2024-01-22,signup,5,False,WPIBIYUVPB,0.4,0.6528972723403691,0.0
1838,1.0,2024-01-02,signup,4,False,OKXYVHEARF,0.3333333333333333,0.8702614542704231,0.31111111111111117
1842,0.0,2024-01-03,signup,1,True,KNTGMSZSYJ,0.4,0.6659488237091608,0.04444444444444444
1856,1.0,2024-01-21,signup,3,False,YTJRIQLIZD,0.3333333333333333,0.4849625932248599,0.22222222222222224
1858,1.0,2024-01-25,signup,6,False,GSXSVCJTHZ,0.4,0.7533284487878765,0.2666666666666667
1859,1.0,2024-01-25,signup,5,True,RAVORCNJIV,0.26666666666666666,0.4704608155199558,0.33333333333333337
1867,0.0,2024-01-22,signup,5,True,FEPJKOOKKW,0.0,0.5742004990150559,0.022222222222222223
1869,1.0,2024-01-04,signup,1,True,WZVVXMRKYV,0.6,0.3030436874495027,0.22222222222222224
1877,1.0,2024-01-21,signup,7,True,XCUTDIQPIM,0.26666666666666666,0.5070447998988045,0.22222222222222224
1891,0.0,2024-01-23,signup,4,False,WHFJUTFIDR,0.5333333333333333,0.6080917803271394,0.0
1893,0.0,2024-01-13,signup,6,True,XBXYJJZTAH,0.4,0.4826635064871424,0.08888888888888889
1896,1.0,2024-01-16,signup,1,False,ETGKGETTMD,0.26666666666666666,0.5944410913448631,0.2888888888888889
1899,1.0,2024-01-09,signup,5,True,LSNPONBOHB,0.26666666666666666,0.5969761474301926,0.35555555555555557
1900,1.0,2024-01-11,signup,7,True,FDHWOIHKSQ,0.3333333333333333,0.28064540719864695,0.2888888888888889
1901,0.0,2024-01-25,signup,3,True,YSWIFQYNKI,0.6666666666666666,0.6643037665205321,0.04444444444444444
1902,1.0,2024-01-26,signup,6,False,YNPZDUBQMI,0.26666666666666666,0.36411868664246694,0.22222222222222224
1913,0.0,2024-01-18,signup,2,False,FPCEEDREUA,0.3333333333333333,0.4910481333263367,0.1111111111111111
1918,0.0,2024-01-13,signup,4,True,RMLYHTQODI,0.2,0.44643028519249717,0.17777777777777778
1919,0.0,2024-01-07,signup,9,False,MELNYFJEGF,0.06666666666666667,0.5879924731551253,0.0
1920,1.0,2024-01-19,signup,6,True,BSPVRFJUIZ,0.5333333333333333,0.4857251018069625,0.46666666666666673
1931,1.0,2024-01-29,signup,8,False,XTTSRPLQSZ,0.3333333333333333,0.6078048785711984,0.2666666666666667
1933,1.0,2024-01-10,signup,1,True,AOHSFVONKA,0.26666666666666666,0.396326849623602,0.35555555555555557
1938,0.0,2024-01-09,signup,2,True,AVEFHMGARP,0.3333333333333333,0.5944381200142851,0.15555555555555556
1939,0.0,2024-01-06,signup,9,False,SEHJHNPOPG,0.4,0.30065492125808413,0.2
1940,0.0,2024-01-08,signup,6,False,SXWSLWONYZ,0.6,0.35110278589189303,0.1111111111111111
1943,1.0,2024-01-08,signup,3,True,UDJWAFZMTV,0.5333333333333333,0.4414171564971773,0.17777777777777778
1944,1.0,2024-01-12,signup,6,True,BVVFJGRFTI,0.4,0.810727767142679,0.08888888888888889
1949,0.0,2024-01-19,signup,3,True,YZOZRBDXGB,0.2,0.3359168302361536,0.06666666666666667
1962,1.0,2024-01-20,signup,1,True,IFNGRTLECD,0.4666666666666667,0.31902506641497685,0.2888888888888889
1964,1.0,2024-01-31,signup,9,True,KLVZJJMJQX,0.5333333333333333,0.4742095990658458,0.2
1966,0.0,2024-01-25,signup,7,False,BHMDIOJTFQ,0.6666666666666666,0.6492301719123063,0.15555555555555556
1987,0.0,2024-01-16,signup,6,False,TXJIXBWONY,0.4,0.4494208810248971,0.0
1989,1.0,2024-01-26,signup,1,True,KBERHWKHPX,0.26666666666666666,0.2838840474307299,0.24444444444444444
2013,0.0,2024-01-17,signup,4,False,YDLEBDPLGS,0.3333333333333333,0.680688622855825,0.0
2015,0.0,2024-01-18,signup,1,False,FESGXOUUKL,0.4666666666666667,0.5659181302504322,0.022222222222222223
2019,1.0,2024-01-27,signup,1,True,PUNAPSGUSS,0.26666666666666666,0.6043404175015591,0.2888888888888889
2024,0.0,2024-01-20,signup,7,False,JGKHZBJVGN,0.13333333333333333,0.4747776741863542,0.1111111111111111
2026,1.0,2024-01-16,signup,3,False,FKIVNZSVAU,0.3333333333333333,0.6628379273601891,0.35555555555555557
2043,0.0,2024-01-17,signup,2,False,KSFBYVAFBQ,0.26666666666666666,0.49960865586558534,0.1111111111111111
2046,0.0,2024-01-07,signup,9,False,PWDVEYRCEJ,0.4666666666666667,0.7660920127257861,0.022222222222222223
2054,1.0,2024-01-04,signup,6,False,OROXPZZUVZ,0.26666666666666666,0.5922431878207134,0.24444444444444444
2059,1.0,2024-01-12,signup,5,False,FBXSBQDBDE,0.26666666666666666,0.47907540819941985,0.22222222222222224
2062,1.0,2024-01-15,signup,1,True,LFLZOXAMJE,0.4,0.5250639787781187,0.22222222222222224
2064,0.0,2024-01-07,signup,4,True,GXPZDDWDVT,0.26666666666666666,0.638494672725164,0.06666666666666667
2070,1.0,2024-01-21,signup,1,False,SJAPYDZGDV,0.13333333333333333,0.5778352820110643,0.1111111111111111
2072,0.0,2024-01-14,signup,8,False,FMSHKPMNUT,0.13333333333333333,0.31681592406530423,0.022222222222222223
2073,1.0,2024-01-04,signup,8,True,VFOKVUEWNV,0.2,0.4471786786053048,0.13333333333333333
2074,1.0,2024-01-05,signup,3,False,HOJWGSWIGX,0.4,0.5027112585627672,0.3777777777777778
2089,0.0,2024-01-21,signup,1,True,WZKHEMBXFN,0.13333333333333333,0.626801513035253,0.3777777777777778
2104,1.0,2024-01-02,signup,4,False,BOWBRMAGUR,0.13333333333333333,0.5035173168469879,0.15555555555555556
2107,1.0,2024-01-14,signup,2,True,XOVJNQKNMH,0.3333333333333333,0.5002561214356723,0.4222222222222223
2108,0.0,2024-01-25,signup,1,False,CIDTDILZFD,0.3333333333333333,0.39302453565200646,0.022222222222222223
2110,0.0,2024-01-22,signup,6,True,JQBLPRAMCL,0.06666666666666667,0.5717779316094794,0.04444444444444444
2111,0.0,2024-01-08,signup,8,True,BNSNYCLELS,0.2,0.5018778019889975,0.24444444444444444
2112,0.0,2024-01-25,signup,2,True,PZZGLQJFPD,0.2,0.37571582318049324,0.0
2114,1.0,2024-01-13,signup,2,False,SUJXJJNHSY,0.4666666666666667,0.395033274892577,0.2666666666666667
2115,0.0,2024-01-08,signup,5,True,YHQRIVNDFA,0.4,0.5263331143891562,0.17777777777777778
2121,1.0,2024-01-13,signup,3,False,DQYNCFTLGX,0.3333333333333333,0.6098067538396593,0.6666666666666666
2123,0.0,2024-01-08,signup,1,True,TIHKOAMSAF,0.06666666666666667,0.5872258291000018,0.17777777777777778
2134,1.0,2024-01-27,signup,9,True,VABPPLPKBI,0.3333333333333333,0.6744009192914545,0.22222222222222224
2138,0.0,2024-01-08,signup,2,True,UUQLDYXWJR,0.13333333333333333,0.5503070608787194,0.022222222222222223
2141,1.0,2024-01-21,signup,4,False,KXQXBESOUT,0.4,0.38952567078273403,0.4222222222222223
2149,1.0,2024-01-07,signup,8,False,PGFYUQAZDS,0.3333333333333333,0.6134545253626115,0.15555555555555556
2150,0.0,2024-01-28,signup,8,True,OIFJMJRBRM,0.26666666666666666,0.43720775512342336,0.0
2153,1.0,2024-01-11,signup,9,False,OZKIVDLZSN,0.3333333333333333,0.18961126389487093,0.31111111111111117
2156,0.0,2024-01-18,signup,5,False,WEGVRIRPQK,0.4666666666666667,0.3404588521723674,0.04444444444444444
2159,1.0,2024-01-23,signup,2,False,IMWPZUHTKZ,0.26666666666666666,0.5024035937815433,0.31111111111111117
2171,0.0,2024-01-15,signup,5,True,CYLYITSAQY,0.26666666666666666,0.6202443433918904,0.04444444444444444
2172,0.0,2024-01-14,signup,5,True,COOSDUFZWH,0.2,0.566207248245237,0.06666666666666667
2175,1.0,2024-01-24,signup,8,True,TPRJOSVDOY,0.3333333333333333,0.6588273173439206,0.15555555555555556
2181,0.0,2024-01-04,signup,7,False,VHIAQAURPA,0.2,0.5472043881802154,0.022222222222222223
2186,1.0,2024-01-11,signup,4,False,CBIBPLRFWO,0.6666666666666666,0.5560728120914248,0.35555555555555557
2191,1.0,2024-01-07,signup,1,True,YIOTJVIGUL,0.5333333333333333,0.38556097074749285,0.22222222222222224
2192,1.0,2024-01-10,signup,2,False,ABYRDNVMHG,0.2,0.6772337706819432,0.1111111111111111
2194,0.0,2024-01-01,signup,7,True,WLOPUUZXTP,0.4,0.6753685469138319,0.022222222222222223
2199,0.0,2024-01-04,signup,3,True,SJSCXVUKHH,0.4666666666666667,0.44025476065191527,0.24444444444444444
2206,0.0,2024-01-31,signup,5,False,TXANXRSAOU,0.3333333333333333,0.3672344058024236,0.06666666666666667
2215,0.0,2024-01-12,signup,6,False,MJAGJCZATH,0.4,0.6156033098737924,0.06666666666666667
2217,0.0,2024-01-31,signup,4,False,YHTRFQBWHB,0.2,0.4342950246027847,0.04444444444444444
2235,1.0,2024-01-17,signup,7,True,IWEFHWEQOD,0.5333333333333333,0.5280215930823481,0.31111111111111117
2237,0.0,2024-01-06,signup,2,True,KKVQPUBEJX,0.4,0.49777117308285346,0.08888888888888889
2250,0.0,2024-01-02,signup,7,False,ZJXCKBOQME,0.7333333333333333,0.43977857613536286,0.04444444444444444
2256,1.0,2024-01-27,signup,7,True,ZBCTHMSRLX,0.26666666666666666,0.5155104568371313,0.17777777777777778
2257,0.0,2024-01-28,signup,2,False,IUSXUOUNSQ,0.5333333333333333,0.5706824474367514,0.22222222222222224
2268,0.0,2024-01-21,signup,9,True,JSZCGIXSYF,0.5333333333333333,0.5053865242680154,0.022222222222222223
2276,1.0,2024-01-19,signup,2,False,QRUPRXHLHK,0.6666666666666666,0.2804833423000582,0.24444444444444444
2279,0.0,2024-01-28,signup,3,False,FFECHHDHAI,0.2,0.6498017807277948,0.1111111111111111
2289,0.0,2024-01-09,signup,4,True,KEXPNQWDAB,0.3333333333333333,0.4125236488688765,0.24444444444444444
2290,1.0,2024-01-07,signup,1,False,IRXMJUFMIP,0.4666666666666667,0.6394910252990932,0.15555555555555556
2295,0.0,2024-01-19,signup,9,False,DMIUYWKJSQ,0.5333333333333333,0.31603482680552986,0.06666666666666667
2296,0.0,2024-01-28,signup,7,True,KFIJDCYVMI,0.2,0.48309620487040517,0.08888888888888889
2297,0.0,2024-01-19,signup,4,False,KKTVUSXMAB,0.5333333333333333,0.5435815303463779,0.04444444444444444
2310,1.0,2024-01-05,signup,9,True,KFCZUDFTTK,0.5333333333333333,0.6400642286501642,0.31111111111111117
2316,0.0,2024-01-22,signup,4,False,BJJTTCCJHA,0.26666666666666666,0.7078968094901222,0.022222222222222223
2317,0.0,2024-01-07,signup,9,True,NLEYGGVYUT,0.5333333333333333,0.4848770007235196,0.17777777777777778
2321,1.0,2024-01-06,signup,9,False,MUJOQYREGH,0.5333333333333333,0.6811293314061392,0.2
2329,0.0,2024-01-26,signup,5,True,NIVAQCRVZZ,0.26666666666666666,0.4740064150989801,0.0
2330,0.0,2024-01-11,signup,2,False,ANZGRDYZMK,0.4,0.6439856711266,0.06666666666666667
2334,0.0,2024-01-23,signup,7,True,KMMXGMSKAL,0.13333333333333333,0.2647117837926821,0.022222222222222223
2335,0.0,2024-01-01,signup,6,False,SHSQGQFVRJ,0.2,0.7425461718502883,0.2
2338,0.0,2024-01-03,signup,8,True,IMHFUSWNTE,0.3333333333333333,0.5937567414719106,0.0
2339,0.0,2024-01-02,signup,5,False,EHDFVKXMVO,0.4,0.6254794736770265,0.3777777777777778
2343,0.0,2024-01-28,signup,1,True,NJWXEUAJBW,0.26666666666666666,0.7235835242650349,0.022222222222222223
2365,0.0,2024-01-26,signup,4,True,TLRDJMXFGT,0.06666666666666667,0.6946312835396983,0.24444444444444444
2366,0.0,2024-01-12,signup,6,True,LDNMEKIJIU,0.3333333333333333,0.4761430004631234,0.022222222222222223
2369,1.0,2024-01-07,signup,6,True,SJIQQLAZKV,0.26666666666666666,0.4239220443807049,0.24444444444444444
2374,1.0,2024-01-20,signup,5,False,DAZVFCVSIP,0.2,0.6739504124367238,0.2888888888888889
2376,0.0,2024-01-11,signup,1,True,PHIMAVFTBG,0.2,0.6258963813392727,0.0
2378,0.0,2024-01-26,signup,1,False,BKLTCXBPQT,0.3333333333333333,0.5168094097826373,0.022222222222222223
2380,1.0,2024-01-19,signup,4,False,MSIAYQOZGV,0.2,0.4786569137341742,0.2888888888888889
2382,1.0,2024-01-27,signup,6,False,NIQXOUSFEL,0.4,0.5552165165716499,0.13333333333333333
2384,0.0,2024-01-11,signup,1,False,OQNHUHPMSE,0.26666666666666666,0.6050654228877183,0.0
2392,0.0,2024-01-03,signup,6,False,FZHYAADJQE,0.26666666666666666,0.30397391515566874,0.0
2402,0.0,2024-01-02,signup,1,False,CSNOODQHKV,0.4,0.6335458873504246,0.1111111111111111
2405,1.0,2024-01-14,signup,3,False,CGSKURLYFH,0.3333333333333333,0.6600883076557235,0.1111111111111111
2416,0.0,2024-01-23,signup,5,False,YOLOCFCJGX,0.26666666666666666,0.8175615308886538,0.0
2422,1.0,2024-01-30,signup,4,True,JRDHFBNDVQ,0.7333333333333333,0.6782190715629185,0.1111111111111111
2424,0.0,2024-01-23,signup,8,True,VNWWPEYHCM,0.2,0.36194663468125865,0.0
2426,0.0,2024-01-09,signup,3,False,PHEKHLKXUA,0.26666666666666666,0.4599359859157205,0.2666666666666667
2433,0.0,2024-01-29,signup,4,False,FBKLBLYQAZ,0.3333333333333333,0.7432403633763808,0.08888888888888889
2436,0.0,2024-01-19,signup,4,False,DSJTTHBCTL,0.5333333333333333,0.6462332919338946,0.08888888888888889
2438,1.0,2024-01-06,signup,3,False,XPHUHKFMCW,0.4,0.4031214896232852,0.33333333333333337
2443,1.0,2024-01-06,signup,7,False,DZDBBPIBKR,0.3333333333333333,0.4969903225029463,0.2888888888888889
2444,0.0,2024-01-17,signup,5,False,HXSSEVHONE,0.06666666666666667,0.7194852736820404,0.022222222222222223
2446,0.0,2024-01-31,signup,8,False,ZNWLFQFUZH,0.3333333333333333,0.5251636769025528,0.2888888888888889
2447,0.0,2024-01-01,signup,3,False,OLJLVIUFOH,0.4666666666666667,0.45628930617926755,0.15555555555555556
2449,0.0,2024-01-13,signup,1,False,YYKBCOPSON,0.4,0.6446928669275124,0.022222222222222223
2452,1.0,2024-01-03,signup,7,True,CQCMUDXNEP,0.4666666666666667,0.7153912821317251,0.15555555555555556
2455,0.0,2024-01-03,signup,5,True,KJMEYVSTBY,0.3333333333333333,0.43238726304759745,0.0
2459,0.0,2024-01-24,signup,1,False,CRTWSFCJJR,0.4666666666666667,0.6005788520483651,0.022222222222222223
2464,1.0,2024-01-21,signup,8,False,IIMNLYHAOF,0.3333333333333333,0.4248752259531673,0.46666666666666673
2469,1.0,2024-01-01,signup,8,False,LUYEFWDJXD,0.6666666666666666,0.5420225510422575,0.2
2474,1.0,2024-01-28,signup,2,True,HUOSHWZLON,0.4,0.591251772718551,0.13333333333333333
2478,0.0,2024-01-09,signup,6,True,RVTKYPJXNN,0.4,0.4877157086599916,0.022222222222222223
2482,1.0,2024-01-04,signup,8,False,XNQPVPMEUU,0.4,0.48454340437110377,0.2888888888888889
2489,0.0,2024-01-26,signup,9,False,TZDBSEXUYY,0.4,0.5379521378114521,0.06666666666666667
2504,0.0,2024-01-15,signup,7,False,PCBEDFQAJH,0.3333333333333333,0.39269366101286807,0.0
2508,1.0,2024-01-29,signup,5,True,ZUBLRJSFXT,0.6,0.4799844431088566,0.5777777777777777
2509,1.0,2024-01-31,signup,4,False,UZKIBZVDHF,0.13333333333333333,0.8347957908016065,0.2888888888888889
2514,1.0,2024-01-29,signup,2,True,BEJHIHWRCW,0.4666666666666667,0.32670458516575984,0.2666666666666667
2516,0.0,2024-01-11,signup,2,False,WBHXBGCPZU,0.13333333333333333,0.46089316685110837,0.06666666666666667
2518,1.0,2024-01-13,signup,8,True,ZOHOAPIFNM,0.3333333333333333,0.4641040946233842,0.17777777777777778
2520,1.0,2024-01-06,signup,5,True,KDASUODDGC,0.4666666666666667,0.14037916101757808,0.17777777777777778
2532,0.0,2024-01-19,signup,1,True,RBRWZROFUK,0.3333333333333333,0.5807575525672325,0.1111111111111111
2535,1.0,2024-01-14,signup,9,False,OUJCJCIGEN,0.4,0.4318765173336384,0.2666666666666667
2545,0.0,2024-01-24,signup,6,False,TKWFOYOILT,0.4,0.60785390653177,0.0
2546,0.0,2024-01-04,signup,5,True,KYDNOHKAHW,0.26666666666666666,0.39633564626402606,0.022222222222222223
2553,1.0,2024-01-23,signup,4,False,YNADKXKUGZ,0.8666666666666667,0.36127648168830684,0.31111111111111117
2554,0.0,2024-01-27,signup,2,True,JGXIDQJITC,0.4,0.5756097700654318,0.06666666666666667
2558,0.0,2024-01-17,signup,7,True,KYSQAFHTZV,0.26666666666666666,0.4515503352088187,0.33333333333333337
2560,1.0,2024-01-13,signup,9,True,RMKBGYUNLU,0.4666666666666667,0.4617354770620873,0.24444444444444444
2566,0.0,2024-01-27,signup,8,True,IQPDRMGKJJ,0.5333333333333333,0.3937647790954558,0.06666666666666667
2567,0.0,2024-01-12,signup,6,True,MTWQAORZVQ,0.5333333333333333,0.5808255915597212,0.0
2575,1.0,2024-01-21,signup,4,False,IIZPCDFOVT,0.4666666666666667,0.5600501378407522,0.31111111111111117
2581,1.0,2024-01-14,signup,5,False,GXUPMVDSZQ,0.3333333333333333,0.5761195673100238,0.35555555555555557
2582,1.0,2024-01-17,signup,4,False,ZURDQBBFEY,0.3333333333333333,0.6971447847528655,0.24444444444444444
2584,1.0,2024-01-12,signup,5,False,CCDDIXBQGA,0.3333333333333333,0.6549704207117252,0.22222222222222224
2587,1.0,2024-01-26,signup,4,True,WAPEOCCPJL,0.4,0.4832142625492729,0.13333333333333333
2590,1.0,2024-01-13,signup,3,False,DEFCDZVBZE,0.4,0.4830645693933363,1.0000000000000002
2591,1.0,2024-01-14,signup,4,False,TADAHZBGFS,0.3333333333333333,0.665401488158366,0.5555555555555556
2594,0.0,2024-01-26,signup,7,False,CNFMTURVSJ,0.4,0.4363970425836562,0.022222222222222223
2596,0.0,2024-01-11,signup,1,False,ZVRSISFRUI,0.3333333333333333,0.6589345905591962,0.0
2598,0.0,2024-01-02,signup,9,False,HFXYUQNTLQ,0.2,0.6210107631017275,0.0
2601,0.0,2024-01-18,signup,1,False,THQLDCDOYN,0.3333333333333333,0.5487455898248056,0.08888888888888889
2608,1.0,2024-01-24,signup,1,False,NYXKVXPFGQ,0.5333333333333333,0.49327106778324337,0.2666666666666667
2610,1.0,2024-01-16,signup,4,True,ITILLUTWLQ,0.26666666666666666,0.41223832924535386,0.2666666666666667
2616,0.0,2024-01-01,signup,9,True,ZSMCILPIZB,0.13333333333333333,0.7732567874859807,0.04444444444444444
2617,0.0,2024-01-28,signup,1,True,FQQOKOQQXL,0.3333333333333333,0.48274387561147447,0.17777777777777778
2623,1.0,2024-01-10,signup,1,True,OQLPHQVGAL,0.6666666666666666,0.4319917218518209,0.3777777777777778
2627,1.0,2024-01-06,signup,3,True,ESEIFXIOPR,0.26666666666666666,0.3395302477131651,0.46666666666666673
2628,0.0,2024-01-30,signup,2,False,NKVSFPUMAW,0.13333333333333333,0.6351347625335505,0.17777777777777778
2629,0.0,2024-01-17,signup,6,False,DAKDGKNZUT,0.3333333333333333,0.7698351929880277,0.08888888888888889
2630,1.0,2024-01-05,signup,6,True,SXWABXPLOD,0.3333333333333333,0.6981975364106,0.2888888888888889
2637,1.0,2024-01-05,signup,6,False,NZSZCIKOEJ,0.4,0.36566216748418257,0.08888888888888889
2640,0.0,2024-01-11,signup,8,False,KQJYZLHSZY,0.5333333333333333,0.4547155014007548,0.2888888888888889
2641,0.0,2024-01-11,signup,9,False,SVBIVGRYQT,0.4,0.5888716914230389,0.2888888888888889
2644,0.0,2024-01-08,signup,3,False,VBMYIHESMS,0.6,0.4064815872438431,0.2
2662,0.0,2024-01-09,signup,5,True,RLZJITABBI,0.3333333333333333,0.5368109831797422,0.13333333333333333
2667,1.0,2024-01-27,signup,8,False,VNSLPNXZIC,0.3333333333333333,0.5892972666385651,0.2888888888888889
2668,1.0,2024-01-27,signup,3,False,XWPFZBHOHQ,0.4,0.4050701503626414,0.31111111111111117
2669,0.0,2024-01-20,signup,2,True,HWAUMSYTNP,0.4,0.3866650044491412,0.04444444444444444
2673,0.0,2024-01-26,signup,5,True,QKSEUMUXAZ,0.5333333333333333,0.572131494647225,0.0
2674,1.0,2024-01-17,signup,9,False,DLGWZPMZYG,0.13333333333333333,0.5382708689167234,0.08888888888888889
2678,0.0,2024-01-22,signup,4,False,IGBRAEXVGD,0.26666666666666666,0.592918649078472,0.4
2679,1.0,2024-01-04,signup,1,False,NQDCKDPFQX,0.3333333333333333,0.774492335325374,0.4
2688,0.0,2024-01-14,signup,2,True,HRNRQWROFT,0.26666666666666666,0.23836377447870627,0.022222222222222223
2692,0.0,2024-01-25,signup,5,True,IVAVSZAISB,0.06666666666666667,0.6663364859501079,0.1111111111111111
2693,0.0,2024-01-29,signup,8,True,BSMKYLHCBL,0.2,0.6046294073668451,0.4
2698,1.0,2024-01-17,signup,2,False,EGHPUZPFSD,0.13333333333333333,0.546392554523455,0.22222222222222224
2704,1.0,2024-01-11,signup,2,False,CVXWXWYATY,0.3333333333333333,0.7817135312270406,0.2
2707,0.0,2024-01-30,signup,3,True,RQIKBVPREN,0.3333333333333333,0.5494104641658094,0.1111111111111111
2714,0.0,2024-01-31,signup,5,True,OKPISHLZCY,0.3333333333333333,0.513381677236522,0.0
2720,1.0,2024-01-10,signup,9,True,ZVQUHIHGMV,0.3333333333333333,0.6689599078482104,0.2
2721,1.0,2024-01-06,signup,2,True,HDEGVLLLJR,0.4,0.4120159155531481,0.24444444444444444
2723,0.0,2024-01-12,signup,8,True,JGVFNTNHBN,0.4,0.530069154962212,0.1111111111111111
2728,0.0,2024-01-18,signup,8,True,RTGBEMFZNO,0.26666666666666666,0.3804208167421187,0.08888888888888889
2729,0.0,2024-01-02,signup,9,True,IPQMFUFNXZ,0.3333333333333333,0.552002142945656,0.022222222222222223
2730,1.0,2024-01-16,signup,8,False,BPFAREWMBX,0.4,0.42650549890991785,0.2888888888888889
2734,1.0,2024-01-01,signup,5,False,JWWHQFSIOQ,0.4666666666666667,0.37215206203390017,0.24444444444444444
2735,1.0,2024-01-11,signup,2,True,QXURHZYNNR,0.5333333333333333,0.5486714643210023,0.2666666666666667
2739,0.0,2024-01-18,signup,2,True,AXKEWVWUZT,0.4666666666666667,0.732449472162601,0.0
2740,0.0,2024-01-30,signup,7,False,FXNMMBBZEK,0.3333333333333333,0.48939948196688265,0.17777777777777778
2745,1.0,2024-01-26,signup,4,True,EPBNHAVGYI,0.3333333333333333,0.5227125696804408,0.4222222222222223
2747,0.0,2024-01-15,signup,2,True,CXXQLRLVKZ,0.3333333333333333,0.2672332544656907,0.04444444444444444
2751,1.0,2024-01-21,signup,3,True,EMZMTQXQMY,0.06666666666666667,0.4692573694155725,0.24444444444444444
2753,0.0,2024-01-02,signup,7,True,LDDQHGQDXK,0.3333333333333333,0.42199138692382865,0.0
2758,1.0,2024-01-06,signup,5,True,EKIIBQYDWR,0.4,0.4066249922118673,0.35555555555555557
2763,0.0,2024-01-30,signup,1,False,SGHPHRPZRR,0.3333333333333333,0.4864891940120072,0.17777777777777778
2771,0.0,2024-01-18,signup,7,False,QHYPKQEXOI,0.3333333333333333,0.4321648922404676,0.022222222222222223
2784,1.0,2024-01-17,signup,4,True,EAGKRTIJYN,0.5333333333333333,0.5626077471624394,0.4222222222222223
2787,0.0,2024-01-03,signup,9,True,SYFYYORJXC,0.3333333333333333,0.6609776541024429,0.2888888888888889
2804,1.0,2024-01-21,signup,3,False,VARKGSYEIV,0.4666666666666667,0.33767510668928413,0.15555555555555556
2807,0.0,2024-01-10,signup,7,False,UWLCCXVHKH,0.3333333333333333,0.695829268237994,0.022222222222222223
2817,0.0,2024-01-28,signup,8,True,CEEADFHMTM,0.2,0.5311158075158885,0.08888888888888889
2818,0.0,2024-01-13,signup,8,False,IPCMKAZHQO,0.13333333333333333,0.3554758384757014,0.1111111111111111
2824,0.0,2024-01-18,signup,4,False,TOSQZZOGEP,0.26666666666666666,0.36155268632708426,0.022222222222222223
2829,0.0,2024-01-25,signup,9,False,ULJKQWIGKR,0.26666666666666666,0.5158008698669295,0.022222222222222223
2831,1.0,2024-01-22,signup,5,False,VDTSJQOFMT,0.2,0.7260853503350092,0.06666666666666667
2832,0.0,2024-01-31,signup,7,False,BVHHYVZTZJ,0.13333333333333333,0.3918452890935332,0.15555555555555556
2833,0.0,2024-01-15,signup,3,True,WIMPZBVRJC,0.26666666666666666,0.6482201227780605,0.04444444444444444
2850,1.0,2024-01-02,signup,7,False,XKBFTSCXBX,0.5333333333333333,0.5007111921148774,0.4222222222222223
2857,0.0,2024-01-22,signup,6,True,TKXEPUZMSX,0.13333333333333333,0.32602774009315605,0.022222222222222223
2859,0.0,2024-01-28,signup,4,False,YVEOZFKCYR,0.26666666666666666,0.2220078053781117,0.1111111111111111
2867,1.0,2024-01-04,signup,9,True,ODOUQKUGNG,0.13333333333333333,0.27898906819986535,0.31111111111111117
2870,1.0,2024-01-29,signup,5,True,JVIHQMSTQG,0.2,0.7413899243768621,0.2888888888888889
2871,1.0,2024-01-16,signup,4,True,TFWLENSXYX,0.2,0.510817440599611,0.2888888888888889
2872,1.0,2024-01-28,signup,4,True,FSSBPGPGSY,0.13333333333333333,0.5328593795217705,0.08888888888888889
2875,0.0,2024-01-24,signup,3,False,BTZVDYPLSV,0.3333333333333333,0.8003756099789497,0.0
2876,0.0,2024-01-02,signup,1,True,FJERSAZJID,0.06666666666666667,0.15314610597457523,0.04444444444444444
2877,0.0,2024-01-28,signup,8,False,BSUAPJSXPG,0.3333333333333333,0.7270928479250619,0.06666666666666667
2879,0.0,2024-01-14,signup,1,True,GALYZDOXKT,0.4,0.5411425150640269,0.2
2880,0.0,2024-01-03,signup,3,True,QHLPTTFQSQ,0.2,0.7917292867812863,0.06666666666666667
2882,0.0,2024-01-28,signup,6,True,NPCZCIICRR,0.3333333333333333,0.37338509067810743,0.04444444444444444
2883,0.0,2024-01-23,signup,6,True,OXJINXAQDT,0.4,0.5571735635789684,0.13333333333333333
2886,1.0,2024-01-31,signup,8,False,SOECBZQBCV,0.2,0.3432253768075578,0.2888888888888889
2887,0.0,2024-01-01,signup,6,True,CGZYPVGZLK,0.4,0.5141302470862673,0.04444444444444444
2890,0.0,2024-01-09,signup,5,False,ZMZLRWNECU,0.26666666666666666,0.5247246861484259,0.3777777777777778
2892,1.0,2024-01-14,signup,3,True,LFTQPAOKJR,0.4,0.39993556266596963,0.2666666666666667
2896,1.0,2024-01-23,signup,2,True,ILWTLFFGTI,0.2,0.45417581016318465,0.2666666666666667
2898,0.0,2024-01-27,signup,2,False,ZGGYEKIYWW,0.6,0.5414105680949707,0.24444444444444444
2903,0.0,2024-01-03,signup,9,True,ABTSQBEZQR,0.13333333333333333,0.5129614672039761,0.04444444444444444
2911,0.0,2024-01-19,signup,7,False,HBHQOERLHE,0.13333333333333333,0.6131328469138503,0.15555555555555556
2914,0.0,2024-01-26,signup,3,False,UGTGZOCELN,0.2,0.6018912562056066,0.0
2916,1.0,2024-01-21,signup,7,True,ZXPGXOJPPY,0.4,0.4603180991961725,0.2888888888888889
2918,0.0,2024-01-16,signup,7,True,PPMSMLRXLF,0.4,0.625011383687689,0.04444444444444444
2919,0.0,2024-01-19,signup,3,False,RBKADVAFUZ,0.6,0.4090945552474775,0.0
2920,0.0,2024-01-25,signup,5,True,QRPYYNENMY,0.13333333333333333,0.5333685469404167,0.0
2922,1.0,2024-01-07,signup,2,True,KYMVGSKAEN,0.4,0.5310002427289343,0.488888888888889
2923,0.0,2024-01-05,signup,8,True,VWPTBVEGYT,0.26666666666666666,0.5587291611500801,0.35555555555555557
2924,0.0,2024-01-23,signup,8,False,WSTDBZCCQO,0.4,0.4251755254759161,0.2888888888888889
2925,1.0,2024-01-11,signup,8,False,ZLMQOCTINW,0.5333333333333333,0.6429079600077422,0.08888888888888889
2934,1.0,2024-01-01,signup,5,True,FBXLHSNMCU,0.06666666666666667,0.5819974716064408,0.35555555555555557
2940,0.0,2024-01-27,signup,8,False,AVOZVAAWCN,0.4,0.3957405702655189,0.04444444444444444
2953,0.0,2024-01-29,signup,5,True,URVRLHCXGT,0.3333333333333333,0.5256291145022268,0.08888888888888889
2956,1.0,2024-01-26,signup,7,False,OHQWTZWVRW,0.3333333333333333,0.6475506743408849,0.06666666666666667
2958,0.0,2024-01-12,signup,1,True,SQVWDWVAXV,0.2,0.5638071148244158,0.0
2971,0.0,2024-01-21,signup,1,False,JAZUUCNIJT,0.2,0.5037544927310545,0.2
2973,1.0,2024-01-01,signup,9,False,PUWUWIIWJT,0.7333333333333333,0.40078655555286147,0.31111111111111117
2977,0.0,2024-01-08,signup,3,False,MWVQZIZJTI,0.13333333333333333,0.325946614644976,0.0
2983,1.0,2024-01-06,signup,8,False,GSXAXVUFOM,0.13333333333333333,0.4764324771598297,0.4
2986,0.0,2024-01-23,signup,5,True,JRAIOGTSDO,0.3333333333333333,0.6641487908153102,0.1111111111111111
2987,1.0,2024-01-08,signup,9,True,AFDIUPZXKT,0.3333333333333333,0.5813384712502688,0.33333333333333337
2990,0.0,2024-01-22,signup,8,True,IBQSDBFJZE,0.5333333333333333,0.33287993736671206,0.022222222222222223
2997,0.0,2024-01-20,signup,8,True,EBWZYCKBBB,0.5333333333333333,0.651969719501691,0.08888888888888889
2998,0.0,2024-01-14,signup,2,False,RFTSZVCCAS,0.4666666666666667,0.6471900605519004,0.17777777777777778
3000,1.0,2024-01-26,signup,3,False,HXREICAIYJ,0.26666666666666666,0.4788240890172065,0.17777777777777778
3003,1.0,2024-01-30,signup,2,False,CSSGPUDVIM,0.13333333333333333,0.4122639370177822,0.31111111111111117
3008,1.0,2024-01-02,signup,8,True,GLBNJIRCHJ,0.2,0.6833235601694548,0.13333333333333333
3009,0.0,2024-01-16,signup,5,True,SKPAAAULAC,0.4,0.31766182319230063,0.0
3012,0.0,2024-01-23,signup,3,False,FYJKKYYAPR,0.3333333333333333,0.589045180299618,0.13333333333333333
3014,1.0,2024-01-16,signup,4,False,QUJXZSIFRN,0.26666666666666666,0.4689411447312962,0.1111111111111111
3017,0.0,2024-01-15,signup,1,True,KVVQFAEPLW,0.06666666666666667,0.6777578875289331,0.17777777777777778
3020,0.0,2024-01-29,signup,8,False,PTERBBHFXL,0.4,0.5734299876011965,0.0
3023,0.0,2024-01-05,signup,7,True,WUFPIDMRKY,0.06666666666666667,0.5897879825913689,0.1111111111111111
3024,0.0,2024-01-24,signup,1,False,FAGHXBDLTV,0.26666666666666666,0.5273932317924227,0.0
3028,1.0,2024-01-26,signup,5,False,YWAFEAPTQI,0.4,0.5252700422328057,0.31111111111111117
3031,0.0,2024-01-02,signup,9,False,XPMFZVVPXN,0.3333333333333333,0.4623277329250389,0.06666666666666667
3032,1.0,2024-01-25,signup,9,True,QCQNHNMDPA,0.4666666666666667,0.48558542831440377,0.46666666666666673
3034,0.0,2024-01-08,signup,5,False,VLZPJZILVL,0.3333333333333333,0.5499367684398228,0.04444444444444444
3036,0.0,2024-01-19,signup,2,True,HLCCNLSQMQ,0.13333333333333333,0.6017754718880771,0.2
3038,0.0,2024-01-30,signup,6,False,ZLPMBFEXTX,0.2,0.3396755027369195,0.06666666666666667
3040,0.0,2024-01-22,signup,8,True,KLHQXTEKPP,0.3333333333333333,0.6231227518003893,0.022222222222222223
3042,0.0,2024-01-23,signup,8,False,SBBBEDYHCI,0.4,0.6092414681070345,0.04444444444444444
3044,1.0,2024-01-17,signup,7,True,AOVNSAMSSC,0.3333333333333333,0.4730629859148975,0.2
3045,1.0,2024-01-03,signup,4,True,GLWOXGBVRO,0.2,0.4957012313562811,0.35555555555555557
3049,0.0,2024-01-04,signup,2,False,URCHJWNPVK,0.3333333333333333,0.5324225123667444,0.022222222222222223
3050,0.0,2024-01-17,signup,7,True,WYVXJIWYFC,0.26666666666666666,0.5864131834823226,0.24444444444444444
3053,0.0,2024-01-21,signup,3,True,XJSTKQNVOV,0.5333333333333333,0.6290009845039358,0.0
3060,0.0,2024-01-02,signup,9,True,AGVKVNBNXN,0.26666666666666666,0.4784387833220679,0.13333333333333333
3064,1.0,2024-01-29,signup,9,True,LCIDNGXIPX,0.3333333333333333,0.5274459667842587,0.488888888888889
3065,0.0,2024-01-10,signup,8,False,WVEJRCAFIK,0.4,0.4270442032407987,0.0
3069,1.0,2024-01-31,signup,1,True,HRVENXNVQF,0.4666666666666667,0.660126193623812,0.17777777777777778
3078,0.0,2024-01-16,signup,8,True,WUUEOSAGWD,0.4,0.5310160779247889,0.08888888888888889
3083,1.0,2024-01-09,signup,7,False,EKMJOCJXOU,0.5333333333333333,0.36959009036693213,0.2666666666666667
3092,0.0,2024-01-25,signup,1,False,IODVZQOYDV,0.4666666666666667,0.5854737530296196,0.04444444444444444
3094,0.0,2024-01-13,signup,7,False,LAOEQTDSSG,0.4,0.6001367112748027,0.0
3097,0.0,2024-01-27,signup,4,True,OQIMDNCSYS,0.3333333333333333,0.3776521899911126,0.13333333333333333
3103,0.0,2024-01-05,signup,2,True,CXXPPNMNPH,0.4,0.5612473225344742,0.08888888888888889
3106,1.0,2024-01-13,signup,3,True,ANOEFYIWKP,0.5333333333333333,0.6489009571535304,0.5555555555555556
3114,0.0,2024-01-11,signup,2,False,BLPBCNIBEU,0.4666666666666667,0.6131300972384653,0.06666666666666667
3117,0.0,2024-01-27,signup,7,True,QJSGCYMHTY,0.5333333333333333,0.3982226624939674,0.0
3118,0.0,2024-01-28,signup,5,True,JIVFWLYYKT,0.4666666666666667,0.5562806753182338,0.4222222222222223
3119,0.0,2024-01-01,signup,4,False,XRYYIPMYJL,0.4,0.38817444591605244,0.2666666666666667
3120,0.0,2024-01-21,signup,3,False,YWZYSMFYQC,0.3333333333333333,0.25795751035662284,0.08888888888888889
3124,1.0,2024-01-01,signup,8,False,MCZWEFUHJV,0.4,0.5344869016539587,0.4444444444444445
3129,1.0,2024-01-09,signup,7,True,RXCRLMTNUZ,0.4666666666666667,0.3856867803455629,0.17777777777777778
3133,1.0,2024-01-24,signup,5,True,VLYTSSYJUK,0.2,0.6038771289848187,0.31111111111111117
3135,1.0,2024-01-11,signup,7,True,TCGQXEIWNJ,0.2,0.45031753494818616,0.31111111111111117
3136,1.0,2024-01-01,signup,9,False,VFOTWYAXYQ,0.2,0.49187920668415186,0.33333333333333337
3137,1.0,2024-01-20,signup,2,True,BIOPNRCSEL,0.3333333333333333,0.5864006727334184,0.13333333333333333
3138,1.0,2024-01-25,signup,2,True,ITTSVDBGAQ,0.4666666666666667,0.4392799470421621,0.13333333333333333
3144,0.0,2024-01-10,signup,7,True,TBOHVHBVHZ,0.3333333333333333,0.5575619459073843,0.0
3146,1.0,2024-01-15,signup,8,False,KITDWIZCHC,0.5333333333333333,0.46298433555302865,0.22222222222222224
3147,1.0,2024-01-19,signup,9,False,DZRUVRWOYK,0.3333333333333333,0.813364323711281,0.24444444444444444
3158,1.0,2024-01-31,signup,2,True,DJRJKEBERP,0.3333333333333333,0.5656259081755856,0.33333333333333337
3171,0.0,2024-01-31,signup,2,True,WMBULRRBFC,0.3333333333333333,0.651181983968444,0.022222222222222223
3173,0.0,2024-01-10,signup,4,True,BBPYZBLGJF,0.26666666666666666,0.6283291859801682,0.04444444444444444
3177,1.0,2024-01-16,signup,6,True,BYALBNXSUG,0.3333333333333333,0.22195483359610269,0.5333333333333333
3188,1.0,2024-01-14,signup,6,False,UVOOKLHPPX,0.2,0.6125870845303892,0.46666666666666673
3191,1.0,2024-01-13,signup,3,False,VLDOXNOAHL,0.13333333333333333,0.6869040928750375,0.22222222222222224
3195,1.0,2024-01-06,signup,7,False,SMQAFHAXDA,0.4666666666666667,0.44375741758173637,0.24444444444444444
3198,0.0,2024-01-04,signup,8,False,None,0.13333333333333333,0.2773751539880621,0.022222222222222223
3200,1.0,2024-01-31,signup,4,False,BVNPQZEVLA,0.4,0.39120613188727693,0.4
3209,1.0,2024-01-12,signup,8,False,QSRUSYPHID,0.4666666666666667,0.41109033784207194,0.31111111111111117
3214,0.0,2024-01-27,signup,2,True,HIYCCDTRVC,0.3333333333333333,0.66884658652125,0.06666666666666667
3215,0.0,2024-01-18,signup,4,False,USMNUCWHSH,0.4,0.684462779831383,0.0
3216,0.0,2024-01-23,signup,4,True,VYQEGSTUJU,0.3333333333333333,0.7209748134316244,0.0
3221,0.0,2024-01-31,signup,8,True,PGXFDSOMVK,0.26666666666666666,0.4976392397967938,0.0
3224,0.0,2024-01-31,signup,2,True,OBCLJNYPMQ,0.13333333333333333,0.4923091448593758,0.1111111111111111
3231,1.0,2024-01-13,signup,5,False,OZDUYCSGQQ,0.4,0.4838302329154126,0.22222222222222224
3234,0.0,2024-01-01,signup,4,False,TGCRFBYXAV,0.26666666666666666,0.9985093581926706,0.24444444444444444
3258,0.0,2024-01-28,signup,6,False,LISVPCGTBE,0.3333333333333333,0.43395564330186354,0.13333333333333333
3260,0.0,2024-01-29,signup,9,True,ALLOPYHURT,0.6,0.7002691466693572,0.0
3262,0.0,2024-01-23,signup,9,True,XCJETCTITO,0.4,0.5066763076016648,0.17777777777777778
3266,0.0,2024-01-03,signup,7,False,RPUXZPTFEA,0.26666666666666666,0.367018760872064,0.1111111111111111
3267,1.0,2024-01-28,signup,5,True,STXPGPIRVM,0.4,0.6419182888356493,0.31111111111111117
3268,1.0,2024-01-01,signup,2,True,BKPPEAYDFC,0.3333333333333333,0.7553448328628659,0.7111111111111111
3270,0.0,2024-01-03,signup,4,False,KYCOUTOJNW,0.26666666666666666,0.4418818891302797,0.04444444444444444
3271,0.0,2024-01-05,signup,5,False,UZCBTDSYBG,0.4666666666666667,0.5286768141170871,0.15555555555555556
3272,1.0,2024-01-25,signup,3,True,IEGWQOTQLP,0.5333333333333333,0.6939285381365287,0.2666666666666667
3277,0.0,2024-01-25,signup,7,True,FSKYRENSPU,0.3333333333333333,0.2435349178913112,0.35555555555555557
3278,0.0,2024-01-16,signup,9,True,RXDXXBXPRD,0.3333333333333333,0.6346854646542165,0.06666666666666667
3282,1.0,2024-01-28,signup,6,True,LNPJIORHRL,0.4,0.6697327749947485,0.488888888888889
3284,0.0,2024-01-27,signup,8,False,CIZVFVPDDC,0.06666666666666667,0.5189313958627754,0.08888888888888889
3285,0.0,2024-01-14,signup,3,False,NVROWWDEBX,0.3333333333333333,0.35753866129749745,0.0
3286,0.0,2024-01-10,signup,7,True,VUTPHFUBUJ,0.2,0.3594821241497351,0.0
3296,1.0,2024-01-27,signup,8,True,TBZQLVKYBF,0.3333333333333333,0.520951088690132,0.13333333333333333
3305,0.0,2024-01-17,signup,4,True,LBAUOECLYS,0.3333333333333333,0.6116982374852037,0.488888888888889
3321,0.0,2024-01-14,signup,9,True,QANXPOJXMW,0.3333333333333333,0.5165564314360277,0.1111111111111111
3323,1.0,2024-01-21,signup,9,False,LRZASXUMKT,0.3333333333333333,0.9556580032935201,0.24444444444444444
3325,1.0,2024-01-25,signup,8,True,OJDTLFZSRZ,0.2,0.39971153461509557,0.35555555555555557
3326,1.0,2024-01-17,signup,6,False,RYKPGVCXBA,0.4666666666666667,0.6501110238782614,0.5555555555555556
3331,1.0,2024-01-26,signup,6,True,HTGSXPQULO,0.3333333333333333,0.8078096459842631,0.24444444444444444
3334,1.0,2024-01-29,signup,8,False,VQXJSTIGGA,0.3333333333333333,0.5303830320912607,0.31111111111111117
3350,0.0,2024-01-12,signup,3,False,OEJXQWSOJN,0.26666666666666666,0.7521612807585186,0.08888888888888889
3356,1.0,2024-01-18,signup,7,True,BLIOFLRGFP,0.6,0.3315462257756777,0.2888888888888889
3363,0.0,2024-01-20,signup,7,False,OMOGDOFUDQ,0.2,0.49551051580336336,0.04444444444444444
3369,1.0,2024-01-01,signup,2,True,KUFBVMQIRE,0.4,0.45300097370405046,0.2666666666666667
3373,1.0,2024-01-19,signup,6,True,XVIYJBRRJE,0.26666666666666666,0.4526493505305561,0.17777777777777778
3374,1.0,2024-01-30,signup,5,False,VKTDAARAJW,0.4666666666666667,0.31543676718177516,0.4222222222222223
3382,0.0,2024-01-04,signup,2,True,IHGRLMKEYX,0.2,0.5446801342473965,0.08888888888888889
3384,0.0,2024-01-17,signup,6,True,EBXDUNOSNI,0.3333333333333333,0.38569886083172433,0.15555555555555556
3385,1.0,2024-01-30,signup,6,False,ZTCCCBRXLY,0.6666666666666666,0.44943633740812905,0.2
3389,1.0,2024-01-24,signup,7,True,YAEVFPSRXX,0.3333333333333333,0.4813890513536264,0.15555555555555556
3392,1.0,2024-01-07,signup,9,False,TZFXDEZAIO,0.0,0.48160065873316305,0.15555555555555556
3393,0.0,2024-01-16,signup,1,False,FVMEFVCIYN,0.26666666666666666,0.5237328867331951,0.13333333333333333
3398,0.0,2024-01-11,signup,5,True,OJYRJJXYJD,0.3333333333333333,0.5825684394712184,0.2
3409,0.0,2024-01-02,signup,5,False,UGJNOFWVVX,0.4,0.7920150359430339,0.2888888888888889
3410,0.0,2024-01-04,signup,7,True,VUHSWNMGHH,0.26666666666666666,0.618592632241277,0.1111111111111111
3414,1.0,2024-01-03,signup,1,False,GDHKLCOAZU,0.2,0.37788692295334825,0.13333333333333333
3415,1.0,2024-01-04,signup,4,True,TOWYEVPYHY,0.26666666666666666,0.5003884141799627,0.33333333333333337
3422,1.0,2024-01-11,signup,7,False,CFVVVSWJEO,0.4,0.6497874733288452,0.22222222222222224
3424,1.0,2024-01-14,signup,5,True,MLOSPEFBIA,0.3333333333333333,0.38929284899046734,0.2
3425,1.0,2024-01-21,signup,1,True,HQMHSACEPR,0.4666666666666667,0.49016919696812356,0.4444444444444445
3429,1.0,2024-01-21,signup,4,True,CIGRZGAIZE,0.26666666666666666,0.4087105295858223,0.15555555555555556
3439,1.0,2024-01-10,signup,2,False,YJBGPEDKZH,0.13333333333333333,0.3742676364110874,0.2666666666666667
3440,0.0,2024-01-29,signup,5,False,ZQFLBOXLGI,0.26666666666666666,0.5803756933327721,0.04444444444444444
3448,1.0,2024-01-16,signup,2,True,AKJLYQPNXV,0.4,0.41761696547272764,0.17777777777777778
3453,0.0,2024-01-04,signup,8,False,CCQBOPRSCA,0.0,0.4642219611721293,0.04444444444444444
3461,0.0,2024-01-15,signup,7,True,LWPKLICTCR,0.3333333333333333,0.5843074055163303,0.0
3462,1.0,2024-01-05,signup,7,False,ATZJUIKWHH,0.3333333333333333,0.5832919901427133,0.4
3463,1.0,2024-01-13,signup,9,False,GBKUHJVHUS,0.4,0.444167678703843,0.46666666666666673
3470,0.0,2024-01-14,signup,1,True,TNGXBLJHQZ,0.4,0.5074019671695412,0.022222222222222223
3478,0.0,2024-01-16,signup,1,False,WZRNPUPQIO,0.26666666666666666,0.646067910263297,0.022222222222222223
3479,0.0,2024-01-30,signup,3,False,KPJFKYPJXI,0.2,0.764015438073674,0.022222222222222223
3483,1.0,2024-01-24,signup,9,False,KRZDOUFYVV,0.5333333333333333,0.5317807504022011,0.2666666666666667
3485,1.0,2024-01-03,signup,4,True,FWEZGMZAIE,0.3333333333333333,0.2762673863669255,0.22222222222222224
3491,1.0,2024-01-05,signup,4,False,QPAYSXVIMF,0.3333333333333333,0.5207627523804889,0.3777777777777778
3495,0.0,2024-01-06,signup,2,True,HPUNZBRNVF,0.6,0.5074471383153895,0.2666666666666667
3496,1.0,2024-01-30,signup,9,True,CDJQTAQOWJ,0.06666666666666667,0.5507542063994179,0.1111111111111111
3499,1.0,2024-01-11,signup,1,False,KKVIMRXGKV,0.13333333333333333,0.526221033227746,0.24444444444444444
3504,1.0,2024-01-09,signup,2,True,QPWQRDXMTU,0.4666666666666667,0.34100609180441943,0.06666666666666667
3515,1.0,2024-01-10,signup,8,False,YXUNPEIVKR,0.4,0.6274115724289683,0.4222222222222223
3518,0.0,2024-01-19,signup,7,False,CNZYDETMTH,0.5333333333333333,0.4928527357331215,0.0
3523,0.0,2024-01-31,signup,4,False,RVENOBWFUR,0.4,0.6867223319354944,0.0
3532,0.0,2024-01-17,signup,9,True,PPYTVAGSTV,0.13333333333333333,0.5343208963068576,0.1111111111111111
3538,1.0,2024-01-11,signup,7,True,GKYCYOPUND,0.5333333333333333,0.5502068877352811,0.15555555555555556
3542,0.0,2024-01-16,signup,6,False,VTTOIIOXSX,0.6,0.15902382562472261,0.04444444444444444
3544,1.0,2024-01-05,signup,6,False,RNPSUXOQQS,0.06666666666666667,0.46414072335996537,0.31111111111111117
3546,0.0,2024-01-23,signup,7,True,ZQKSVRDHFS,0.3333333333333333,0.5802154542980734,0.022222222222222223
3548,0.0,2024-01-04,signup,8,True,EJQXKRGXCK,0.6,0.551597819253839,0.022222222222222223
3554,0.0,2024-01-12,signup,2,True,YRVBVHQFCF,0.4,0.6574805785982213,0.04444444444444444
3564,0.0,2024-01-25,signup,8,False,VBZKNCFPBU,1.0,0.46351404764049653,0.0
3570,0.0,2024-01-06,signup,9,True,IHGBKFZDVF,0.26666666666666666,0.689425461080429,0.04444444444444444
3571,1.0,2024-01-25,signup,7,True,IQSELTGQOP,0.2,0.5242858698279854,0.13333333333333333
3572,1.0,2024-01-30,signup,4,False,PEYTMIAACZ,0.4666666666666667,0.5794189845836993,0.4444444444444445
3575,0.0,2024-01-07,signup,4,False,HILSPTSIYF,0.4666666666666667,0.45685440466212646,0.022222222222222223
3579,0.0,2024-01-24,signup,4,False,YKSZGXGEHF,0.5333333333333333,0.7850182593878486,0.06666666666666667
3584,0.0,2024-01-17,signup,7,True,KJGJQLCEQL,0.2,0.3691060630240116,0.022222222222222223
3596,0.0,2024-01-12,signup,6,False,HYENOYJEZK,0.5333333333333333,0.29860668192395934,0.13333333333333333
3603,0.0,2024-01-13,signup,8,True,VQDJFCGZCG,0.3333333333333333,0.7527818066796276,0.0
3611,0.0,2024-01-23,signup,5,True,ZCKJHCTUBT,0.4,0.5935804909131056,0.08888888888888889
3613,1.0,2024-01-26,signup,2,False,ZNTAATCTJF,0.4,0.4464312910406164,0.2888888888888889
3615,0.0,2024-01-12,signup,8,False,NMZITKJSLL,0.4666666666666667,0.4349392462071927,0.04444444444444444
3621,0.0,2024-01-29,signup,7,False,GWVOMKMNVV,0.26666666666666666,0.3167875524535869,0.04444444444444444
3622,0.0,2024-01-13,signup,9,False,WBLJCWRVNA,0.4666666666666667,0.5495782043491003,0.1111111111111111
3624,0.0,2024-01-30,signup,6,False,DDUUCIWXSX,0.06666666666666667,0.31292152032989684,0.2
3625,0.0,2024-01-23,signup,2,True,JFSDTHYUTZ,0.5333333333333333,0.5381665021674836,0.022222222222222223
3628,1.0,2024-01-28,signup,4,True,VBLGHLMEVE,0.4,0.43074190451373673,0.17777777777777778
3631,0.0,2024-01-12,signup,6,True,LMCSWAJNEV,0.6,0.49813428521528913,0.15555555555555556
3638,0.0,2024-01-03,signup,5,True,CKBWQKSODK,0.26666666666666666,0.5887723354085052,0.022222222222222223
3641,1.0,2024-01-25,signup,5,True,LXDOIEJMIM,0.2,0.3668936948326865,0.4444444444444445
3647,0.0,2024-01-28,signup,8,True,LLHHSYSBZZ,0.4,0.6558953999676155,0.0
3651,0.0,2024-01-03,signup,6,True,ODTTYNSMBK,0.5333333333333333,0.40473056350724257,0.08888888888888889
3652,1.0,2024-01-14,signup,4,False,FZWEUIYHNH,0.2,0.867056385547664,0.2
3655,0.0,2024-01-25,signup,2,False,EJCNCXBOPW,0.3333333333333333,0.5239285828449524,0.022222222222222223
3661,1.0,2024-01-09,signup,6,True,XOHIXWNCPL,0.3333333333333333,0.5013457503646078,0.31111111111111117
3672,1.0,2024-01-22,signup,6,False,ZIKWQWOVRZ,0.3333333333333333,0.3177228248222025,0.24444444444444444
3675,0.0,2024-01-19,signup,8,False,CELUJDWQTL,0.13333333333333333,0.44385681309278724,0.06666666666666667
3677,0.0,2024-01-04,signup,7,True,FOEOLZOFZT,0.5333333333333333,0.533746546070967,0.13333333333333333
3678,1.0,2024-01-10,signup,7,False,HNCSCUVACM,0.4,0.4459110546482442,0.17777777777777778
3679,0.0,2024-01-27,signup,6,True,VMENIJZZYY,0.3333333333333333,0.5136581431748996,0.0
3682,1.0,2024-01-13,signup,7,True,KGQIZKUYSQ,0.06666666666666667,0.4979538034627552,0.15555555555555556
3692,1.0,2024-01-03,signup,6,True,NHFILXCBHZ,0.2,0.44956434045891946,0.33333333333333337
3693,0.0,2024-01-08,signup,4,True,YHAIDNMWLX,0.4,0.5744757536747424,0.2888888888888889
3695,0.0,2024-01-04,signup,7,True,VUNWIDSOJT,0.2,0.7731650386631087,0.04444444444444444
3702,0.0,2024-01-25,signup,3,True,ZLRFTHZWTP,0.26666666666666666,0.8076330796290042,0.0
3703,1.0,2024-01-12,signup,8,False,SLLWYATCAI,0.3333333333333333,0.334658033348724,0.13333333333333333
3705,1.0,2024-01-03,signup,2,True,QYSDSNGYBS,0.4,0.717685865498562,0.31111111111111117
3707,0.0,2024-01-26,signup,3,True,XPKYEUTLCU,0.06666666666666667,0.6195743773763788,0.17777777777777778
3711,1.0,2024-01-12,signup,4,True,GWAFNZUXER,0.26666666666666666,0.6804329658507445,0.31111111111111117
3713,1.0,2024-01-15,signup,7,True,BJBCDMUDAU,0.06666666666666667,0.6020046064023034,0.31111111111111117
3717,0.0,2024-01-06,signup,3,True,UZNPIVTKAE,0.4,0.5334560385583161,0.0
3721,1.0,2024-01-24,signup,6,True,EMBHQMSGGF,0.3333333333333333,0.5525797379824068,0.3777777777777778
3722,1.0,2024-01-13,signup,7,False,ZGBEOYTVOQ,0.26666666666666666,0.3571537370773513,0.35555555555555557
3724,0.0,2024-01-07,signup,1,False,EMMIOPZNWO,0.4666666666666667,0.4552851295185717,0.2
3726,0.0,2024-01-23,signup,2,True,OLYCSRHMYR,0.3333333333333333,0.7635489554129015,0.2
3729,1.0,2024-01-26,signup,5,False,DGTXJMGFUU,0.26666666666666666,0.4651095541060889,0.2
3730,0.0,2024-01-04,signup,3,False,PYCJHXCSHI,0.3333333333333333,0.6699120348172566,0.022222222222222223
3734,0.0,2024-01-23,signup,3,True,QUDZNUWIGL,0.06666666666666667,0.4857274205766776,0.022222222222222223
3735,0.0,2024-01-27,signup,6,True,TCXYHIZXND,0.06666666666666667,0.5142696571127355,0.0
3736,1.0,2024-01-11,signup,8,True,XMLOSUAWEN,0.4,0.46890652866145366,0.2
3743,0.0,2024-01-25,signup,4,False,FBGNHJCVCB,0.2,0.3371109725512159,0.022222222222222223
3747,0.0,2024-01-29,signup,1,True,MQAVKEKNGF,0.4666666666666667,0.562053249178912,0.13333333333333333
3749,1.0,2024-01-07,signup,6,False,ISAVQQSOWP,0.6,0.8018549526551221,0.2888888888888889
3765,0.0,2024-01-07,signup,9,False,XEJQVAJUEY,0.5333333333333333,0.48447065901244624,0.022222222222222223
3768,0.0,2024-01-13,signup,7,False,QGJPGEOMMY,0.26666666666666666,0.43204447850061534,0.022222222222222223
3770,1.0,2024-01-02,signup,8,True,LBVOYBXDPV,0.4,0.44287902933695944,0.2
3791,0.0,2024-01-19,signup,5,True,DWQGOSXCCE,0.5333333333333333,0.34183792655475653,0.06666666666666667
3792,1.0,2024-01-16,signup,2,False,QTCOWPJDOZ,0.2,0.7054235373200265,0.4
3794,0.0,2024-01-01,signup,8,True,TFSGVRKGOZ,0.26666666666666666,0.4822241474877075,0.022222222222222223
3795,1.0,2024-01-05,signup,3,False,WMZVZJRLDV,0.4,0.5785772503470598,0.1111111111111111
3809,0.0,2024-01-15,signup,5,True,HXGOWEJBDG,0.26666666666666666,0.5555872217547805,0.0
3815,1.0,2024-01-08,signup,1,True,DSMDIAUJLE,0.13333333333333333,0.4560040405533886,0.24444444444444444
3817,1.0,2024-01-10,signup,8,False,WTCRSSFHHW,0.4666666666666667,0.52921714218124,0.31111111111111117
3822,1.0,2024-01-09,signup,8,False,BDSHYGTJZZ,0.2,0.4828517421492985,0.488888888888889
3827,0.0,2024-01-30,signup,1,False,WMYSOCTNLN,0.3333333333333333,0.6397636239521262,0.17777777777777778
3828,1.0,2024-01-08,signup,5,False,GXWCPZVDHC,0.3333333333333333,0.4970679990969259,0.2888888888888889
3831,1.0,2024-01-30,signup,6,True,UEFLVYDCSU,0.6,0.570984081988534,0.06666666666666667
3836,1.0,2024-01-26,signup,3,False,LVNGRTKBEU,0.26666666666666666,0.619329092387174,0.35555555555555557
3839,1.0,2024-01-13,signup,2,True,IANHMSKHXJ,0.8,0.7496695207369185,0.17777777777777778
3841,0.0,2024-01-20,signup,8,True,GRUOPWQOYV,0.26666666666666666,0.2990449596974646,0.1111111111111111
3842,0.0,2024-01-14,signup,5,True,HSOLKWCTHI,0.3333333333333333,0.4753845268147926,0.0
3851,0.0,2024-01-17,signup,3,True,GDDXICGHEH,0.4,0.41672268620592,0.4222222222222223
3853,1.0,2024-01-13,signup,4,False,RVMVGHFUCU,0.3333333333333333,0.4829301775410334,0.33333333333333337
3854,1.0,2024-01-24,signup,2,False,ZDUWKBAHTW,0.4666666666666667,0.4521044798686863,0.31111111111111117
3855,0.0,2024-01-24,signup,6,False,JQJJBJRGPP,0.26666666666666666,0.6458786437737706,0.04444444444444444
3857,1.0,2024-01-23,signup,5,False,HOIBWAKOLD,0.3333333333333333,0.5992214624976268,0.22222222222222224
3862,0.0,2024-01-21,signup,5,True,BJABGDADPB,0.4,0.5525785790343355,0.13333333333333333
3863,0.0,2024-01-12,signup,6,True,GXEFOLHTPO,0.13333333333333333,0.4233256625611367,0.0
3864,0.0,2024-01-23,signup,6,True,VOSPJOFGNR,0.4,0.40579371659734964,0.2666666666666667
3866,0.0,2024-01-25,signup,4,True,GWEMHRLVWN,0.26666666666666666,0.4436172421753529,0.0
3876,0.0,2024-01-06,signup,6,True,CYBJFLAPBI,0.3333333333333333,0.4734039838363099,0.04444444444444444
3877,1.0,2024-01-08,signup,9,True,VCNKGSMDCS,0.5333333333333333,0.2819445087309128,0.2888888888888889
3885,1.0,2024-01-27,signup,8,True,GQKGIDELOD,0.26666666666666666,0.3944049228922274,0.15555555555555556
3887,1.0,2024-01-24,signup,8,True,NJATAEIJUD,0.3333333333333333,0.5594762633593343,0.1111111111111111
3890,1.0,2024-01-24,signup,9,True,OEMDTFORCZ,0.4,0.5114358642042628,0.31111111111111117
3899,1.0,2024-01-16,signup,8,True,ZUYVBMHCBS,0.26666666666666666,0.508799560849735,0.17777777777777778
3900,0.0,2024-01-15,signup,1,False,UKTNYHZETE,0.3333333333333333,0.3733817759689947,0.0
3906,1.0,2024-01-19,signup,2,True,RDYHYXSXXN,0.6,0.44425665087765565,0.2666666666666667
3907,0.0,2024-01-08,signup,5,True,RLTRZMENQZ,0.4,0.6501436881455634,0.022222222222222223
3908,1.0,2024-01-24,signup,5,True,BAEFLAWBAC,0.13333333333333333,0.44855916185868716,0.33333333333333337
3911,0.0,2024-01-05,signup,1,False,OQRFLSESKS,0.4,0.7110331337609296,0.08888888888888889
3912,0.0,2024-01-18,signup,9,False,JDFCCVVXIH,0.13333333333333333,0.5791299871092527,0.0
3919,1.0,2024-01-31,signup,1,False,VZEWEVCVSO,0.2,0.4808181951953717,0.33333333333333337
3921,0.0,2024-01-11,signup,3,False,LFOFQGPAZR,0.6,0.8239428483699548,0.04444444444444444
3927,1.0,2024-01-15,signup,6,False,UBPLNTHUZX,0.2,0.39663024582897777,0.17777777777777778
3928,1.0,2024-01-25,signup,7,False,YZKWCMVGVO,0.3333333333333333,0.3411122427302026,0.22222222222222224
3938,0.0,2024-01-11,signup,4,True,COCWCZCONN,0.4666666666666667,0.563111192766148,0.08888888888888889
3948,0.0,2024-01-11,signup,5,False,BMQGCCZBEB,0.26666666666666666,0.5460683970043182,0.0
3954,0.0,2024-01-17,signup,3,True,BZSPGCIHEB,0.4,0.4570552858831095,0.022222222222222223
3958,0.0,2024-01-07,signup,9,False,XFZRAHQYZT,0.13333333333333333,0.6494270843433424,0.0
3964,0.0,2024-01-09,signup,3,True,CWDPPGXZCV,0.26666666666666666,0.6851496468353387,0.1111111111111111
3967,0.0,2024-01-09,signup,8,False,MQLWZAUPFM,0.06666666666666667,0.753290053444534,0.1111111111111111
3971,1.0,2024-01-03,signup,5,False,LCPVQHWXGP,0.06666666666666667,0.27499378682534836,0.15555555555555556
3974,0.0,2024-01-19,signup,6,False,LHTJMPCUTS,0.2,0.4896130964044735,0.04444444444444444
3977,1.0,2024-01-07,signup,2,False,IENDWPLOWC,0.3333333333333333,0.6415699468871624,0.13333333333333333
3979,0.0,2024-01-07,signup,3,True,WDCVWVFQAL,0.3333333333333333,0.3616937706257827,0.022222222222222223
3982,0.0,2024-01-13,signup,7,True,PNELBTOBOV,0.26666666666666666,0.5760394613588343,0.0
3983,0.0,2024-01-03,signup,5,False,GRFLLGXKFI,0.4666666666666667,0.369460671484536,0.0
3989,1.0,2024-01-16,signup,1,False,IWFLKDLAPJ,0.3333333333333333,0.23608502977027002,0.2
3995,0.0,2024-01-01,signup,7,True,BSCHNVVTQI,0.2,0.432863786576417,0.0
4000,1.0,2024-01-12,signup,5,False,TUYGXSKAKG,0.2,0.6813150235810327,0.1111111111111111
4005,0.0,2024-01-18,signup,8,False,DICEOFHERD,0.26666666666666666,0.5344062333170628,0.0
4010,0.0,2024-01-14,signup,4,False,NHFOZRJPHH,0.26666666666666666,0.4946372575060768,0.04444444444444444
4015,0.0,2024-01-09,signup,8,False,SFHIUFVTDB,0.13333333333333333,0.34001387355292134,0.04444444444444444
4016,1.0,2024-01-20,signup,3,True,FKSGHUUQQW,0.26666666666666666,0.6308818957178276,0.13333333333333333
4022,1.0,2024-01-19,signup,3,False,JOMHBVOZBU,0.3333333333333333,0.5070258346097506,0.31111111111111117
4024,1.0,2024-01-09,signup,3,True,MEPQIJCKNY,0.2,0.7483311582784701,0.2666666666666667
4030,1.0,2024-01-10,signup,4,False,UVUGCCQAPY,0.26666666666666666,0.4203187965167571,0.6444444444444445
4037,1.0,2024-01-10,signup,1,False,NDLGEQAYOY,0.6,0.6064535005050339,0.17777777777777778
4038,1.0,2024-01-14,signup,2,False,MQMFGWOUED,0.5333333333333333,0.5081756838050812,0.3777777777777778
4042,0.0,2024-01-29,signup,9,False,UDVAEYYGKV,0.3333333333333333,0.7160632331210152,0.0
4047,1.0,2024-01-06,signup,6,False,BOKAWMIRXF,0.3333333333333333,0.4895612081421198,0.31111111111111117
4048,1.0,2024-01-12,signup,4,False,NBXLXBSLMZ,0.4666666666666667,0.6560360276458014,0.6666666666666666
4071,1.0,2024-01-04,signup,6,True,HQBUKMOFEG,0.3333333333333333,0.4035445777636496,0.33333333333333337
4075,1.0,2024-01-04,signup,5,True,RZUOTNOVKF,0.4,0.6847789440151354,0.46666666666666673
4076,0.0,2024-01-31,signup,5,False,KEXKYLQNPR,0.4666666666666667,0.5103934949581775,0.35555555555555557
4077,0.0,2024-01-30,signup,2,False,GBOQQZTFHB,0.3333333333333333,0.45933577591939223,0.0
4079,0.0,2024-01-29,signup,8,True,VJERIFVDJQ,0.4666666666666667,0.5703112948683747,0.0
4088,1.0,2024-01-19,signup,6,True,ZEVIDAWEUO,0.26666666666666666,0.587730071596081,0.2
4096,0.0,2024-01-23,signup,9,True,VCXQRWUNDL,0.6,0.501289160993628,0.06666666666666667
4098,0.0,2024-01-31,signup,5,True,LEYQVNCRUV,0.4,0.5220648745807438,0.0
4103,0.0,2024-01-05,signup,3,True,DWJNPCVIRB,0.26666666666666666,0.41368503781355714,0.04444444444444444
4104,0.0,2024-01-09,signup,2,False,GQUNZKDSBV,0.06666666666666667,0.7555857045563162,0.08888888888888889
4109,1.0,2024-01-31,signup,8,True,HXPASTZDXZ,0.4,0.5364881539119625,0.4222222222222223
4115,0.0,2024-01-30,signup,4,True,CJVHKBASLT,0.2,0.5225911020180415,0.022222222222222223
4117,0.0,2024-01-18,signup,3,True,GELHLRACUF,0.4,0.6889193257219036,0.24444444444444444
4121,1.0,2024-01-05,signup,2,True,HVQIUSLAKH,0.2,0.4505550980115519,0.22222222222222224
4122,1.0,2024-01-23,signup,2,True,TRHILNUMZI,0.7333333333333333,0.38165545483563224,0.2
4126,1.0,2024-01-11,signup,5,False,EQBWITRHIZ,0.3333333333333333,0.4141116746770358,0.22222222222222224
4136,1.0,2024-01-06,signup,6,True,VGOIEBGGHT,0.26666666666666666,0.49346195040156127,0.1111111111111111
4142,0.0,2024-01-18,signup,5,True,QCJSGCOKGT,0.26666666666666666,0.5190029365329806,0.24444444444444444
4146,0.0,2024-01-15,signup,2,True,PGYLZDVAYV,0.06666666666666667,0.6467425251349453,0.06666666666666667
4151,0.0,2024-01-18,signup,3,True,RPCBUHERIS,0.26666666666666666,0.5938496143131525,0.04444444444444444
4154,0.0,2024-01-23,signup,4,True,KOBMKCQQFU,0.2,0.5397258606942373,0.24444444444444444
4157,1.0,2024-01-11,signup,8,True,AIEGGEZJQZ,0.7333333333333333,0.2697785541730605,0.35555555555555557
4160,1.0,2024-01-25,signup,6,True,KPIEBHQEZO,0.4,0.585423661446341,0.4222222222222223
4162,1.0,2024-01-25,signup,2,True,KCJFHPOGNS,0.5333333333333333,0.6272931020218865,0.13333333333333333
4165,0.0,2024-01-08,signup,1,True,BTCIBDXITO,0.13333333333333333,0.6328720173232122,0.15555555555555556
4166,0.0,2024-01-21,signup,1,False,DGZOLTZPYY,0.3333333333333333,0.68072971925723,0.06666666666666667
4167,0.0,2024-01-14,signup,2,False,KGALJSISUB,0.5333333333333333,0.5198117085606248,0.06666666666666667
4169,0.0,2024-01-16,signup,8,False,AFRHWOMSUN,0.4666666666666667,0.43528770467392397,0.04444444444444444
4170,0.0,2024-01-06,signup,4,True,EGLPETTXMS,0.5333333333333333,0.4815215474337907,0.022222222222222223
4176,1.0,2024-01-05,signup,5,True,CDPRIHODCC,0.3333333333333333,0.7072417324941732,0.2888888888888889
4177,1.0,2024-01-05,signup,2,False,FDRSCXIBBX,0.4666666666666667,0.2904385261351551,0.31111111111111117
4185,1.0,2024-01-16,signup,5,True,ANMRFMEGKW,0.4,0.5768896981518062,0.2
4190,1.0,2024-01-31,signup,9,True,IZCLJSFDQN,0.5333333333333333,0.5691999041097734,0.4222222222222223
4196,0.0,2024-01-08,signup,7,False,BKNMMLKNGV,0.2,0.6234558483521909,0.022222222222222223
4199,1.0,2024-01-07,signup,2,False,BIAZHJUHGM,0.06666666666666667,0.5384997817466243,0.17777777777777778
4200,1.0,2024-01-07,signup,5,True,EHOPLGYDIS,0.2,0.4683820353710414,0.15555555555555556
4204,0.0,2024-01-11,signup,6,True,FHFZVKQTFQ,0.3333333333333333,0.3405652889492511,0.22222222222222224
4205,0.0,2024-01-15,signup,1,True,PFZRWWMCVP,0.4,0.4596733369419844,0.08888888888888889
4206,1.0,2024-01-09,signup,7,True,QXMLVBJSTM,0.2,0.568418850987861,0.31111111111111117
4208,0.0,2024-01-11,signup,4,True,BATUWIYLQE,0.4666666666666667,0.6184927807852268,0.022222222222222223
4209,0.0,2024-01-06,signup,8,False,LMNRFBAMSB,0.4,0.618278808961697,0.1111111111111111
4213,0.0,2024-01-20,signup,5,False,QIBQBDUORX,0.13333333333333333,0.7918270294332269,0.15555555555555556
4216,0.0,2024-01-18,signup,1,False,KELUEVBBSM,0.5333333333333333,0.5442580581808941,0.022222222222222223
4225,1.0,2024-01-22,signup,2,False,JBXZNTYONW,0.13333333333333333,0.7505468460536143,0.2666666666666667
4240,1.0,2024-01-28,signup,7,True,SIOXCOJDPW,0.26666666666666666,0.7141713267403166,0.31111111111111117
4244,0.0,2024-01-21,signup,8,False,QESPPTVRPO,0.4666666666666667,0.5212603346862442,0.0
4247,0.0,2024-01-07,signup,5,False,MPTVDVPJEP,0.3333333333333333,0.619530123674067,0.06666666666666667
4252,0.0,2024-01-01,signup,8,True,YMVHSEWMYW,0.4,0.6768600375124302,0.33333333333333337
4253,1.0,2024-01-11,signup,7,False,QNCQDDFNVW,0.4,0.5637349348820598,0.17777777777777778
4268,1.0,2024-01-30,signup,3,False,CACUQOBFTN,0.26666666666666666,0.7780829987654877,0.6666666666666666
4270,1.0,2024-01-31,signup,9,False,SVZOCGLGJQ,0.4,0.6273683380758833,0.17777777777777778
4282,0.0,2024-01-03,signup,2,False,NFOTGMBOHM,0.7333333333333333,0.472038423304585,0.022222222222222223
4286,1.0,2024-01-13,signup,6,True,EIJXFNUKAB,0.26666666666666666,0.7440464140099358,0.33333333333333337
4288,0.0,2024-01-31,signup,7,False,AQWDAKSOVU,0.3333333333333333,0.2699946427605032,0.15555555555555556
4297,0.0,2024-01-23,signup,4,True,KNTLJEPMSV,0.5333333333333333,0.5283109765104322,0.04444444444444444
4299,1.0,2024-01-24,signup,8,True,MEOQYCBNEH,0.6,0.7343424787620557,0.24444444444444444
4305,0.0,2024-01-31,signup,8,True,VZFEYUGVWT,0.3333333333333333,0.3575518556887619,0.04444444444444444
4306,0.0,2024-01-15,signup,9,False,IWXFXKVIIE,0.2,0.6406656844668913,0.06666666666666667
4308,1.0,2024-01-09,signup,2,True,GJTQDARNQY,0.26666666666666666,0.49551433544626977,0.31111111111111117
4316,1.0,2024-01-09,signup,1,False,ASFMLLWFAX,0.3333333333333333,0.5507303751360285,0.4444444444444445
4321,1.0,2024-01-14,signup,4,False,JPFHRDTNBT,0.3333333333333333,0.7089249232683598,0.31111111111111117
4322,1.0,2024-01-16,signup,6,True,RQVXVESISM,0.3333333333333333,0.1710490007175688,0.4444444444444445
4326,0.0,2024-01-29,signup,8,False,IKTJZLFZBL,0.13333333333333333,0.4666424122653595,0.22222222222222224
4328,0.0,2024-01-15,signup,4,False,TIMEKZZXDN,0.4666666666666667,0.7249255523639669,0.15555555555555556
4329,1.0,2024-01-28,signup,7,True,JETKYIUQUT,0.3333333333333333,0.7398531889129881,0.24444444444444444
4338,0.0,2024-01-18,signup,6,True,MFDUAODPLQ,0.2,0.5119344938034495,0.0
4339,0.0,2024-01-13,signup,3,True,POJGFWFGMP,0.4666666666666667,0.7347332791860074,0.1111111111111111
4340,0.0,2024-01-22,signup,7,True,KNOVNLEFXE,0.26666666666666666,0.5828313501043428,0.04444444444444444
4342,1.0,2024-01-14,signup,2,True,UNOUZZVWBD,0.3333333333333333,0.27399070194187425,0.4222222222222223
4346,1.0,2024-01-21,signup,1,True,XGRXEJYMAW,0.3333333333333333,0.7890803742647329,0.33333333333333337
4348,1.0,2024-01-04,signup,3,False,GPZQGUPFJL,0.4666666666666667,0.6641367717080563,0.5111111111111111
4356,0.0,2024-01-18,signup,5,True,DSQIAWGTPE,0.4,0.36214895689551174,0.2
4358,1.0,2024-01-04,signup,3,True,GQSYXAOGVB,0.4666666666666667,0.39464274715529124,0.2666666666666667
4362,1.0,2024-01-10,signup,3,False,NVVRXUKPMR,0.3333333333333333,0.6900377351054175,0.488888888888889
4363,1.0,2024-01-23,signup,2,False,DEGZJMUPSD,0.4666666666666667,0.4372081639793298,0.2666666666666667
4364,0.0,2024-01-28,signup,2,True,VLILDSMGRB,0.5333333333333333,0.6565440893554818,0.04444444444444444
4370,0.0,2024-01-18,signup,8,True,RJWJAHXEVP,0.3333333333333333,0.5358106064645499,0.13333333333333333
4371,0.0,2024-01-27,signup,6,False,QXHHHZPIQV,0.2,0.5556599382264603,0.0
4375,0.0,2024-01-24,signup,6,True,MWRKRZGTPS,0.2,0.585155540117431,0.08888888888888889
4382,1.0,2024-01-16,signup,9,True,NJYZFFKUGS,0.3333333333333333,0.641159738358359,0.17777777777777778
4383,1.0,2024-01-09,signup,4,True,KXFGKWWOBU,0.3333333333333333,0.6180177342435279,0.17777777777777778
4388,0.0,2024-01-16,signup,6,False,ZBOKUFMDKQ,0.06666666666666667,0.47122014227794307,0.022222222222222223
4389,0.0,2024-01-23,signup,7,True,CBXMLAOIOT,0.3333333333333333,0.6588335898341545,0.022222222222222223
4390,0.0,2024-01-06,signup,6,True,IMSTNKMAYE,0.26666666666666666,0.3376068121872223,0.022222222222222223
4392,1.0,2024-01-23,signup,5,False,FJIBTNGVFQ,0.26666666666666666,0.5212394555118743,0.15555555555555556
4401,1.0,2024-01-12,signup,7,False,HRMYUNYBSF,0.26666666666666666,0.5935418324246707,0.5111111111111111
4403,0.0,2024-01-28,signup,1,True,VLWURMMMEP,0.26666666666666666,0.5559450310596917,0.04444444444444444
4409,1.0,2024-01-26,signup,6,True,UJZRSXHKRH,0.26666666666666666,0.4269953811436672,0.2888888888888889
4410,0.0,2024-01-12,signup,4,True,HSULWPWXUQ,0.26666666666666666,0.43209716404323284,0.022222222222222223
4414,0.0,2024-01-30,signup,7,False,YEDKKQPOOE,0.5333333333333333,0.4707228957838595,0.17777777777777778
4415,0.0,2024-01-29,signup,9,False,CEHMACKJTM,0.2,0.4600787068722637,0.08888888888888889
4418,0.0,2024-01-28,signup,7,False,LPPRLFLFIS,0.4,0.5260132879362055,0.022222222222222223
4420,0.0,2024-01-31,signup,8,False,DFQJENGJJL,0.4,0.6579630367723847,0.08888888888888889
4423,1.0,2024-01-19,signup,2,True,EQRKYOSSEM,0.26666666666666666,0.5903767349341337,0.15555555555555556
4429,1.0,2024-01-09,signup,4,False,UVSZGNITOF,0.4,0.3423214130356461,0.08888888888888889
4431,1.0,2024-01-27,signup,1,False,JZCHAPKENI,0.26666666666666666,0.5928684606010356,0.3777777777777778
4433,1.0,2024-01-21,signup,5,True,HCREGJQJFB,0.2,0.5047373252951387,0.15555555555555556
4439,0.0,2024-01-23,signup,6,False,AVJPLTKLOI,0.5333333333333333,0.6328864948255718,0.0
4442,0.0,2024-01-21,signup,8,False,PYHUXIRHZR,0.2,0.4188711095092613,0.04444444444444444
4444,0.0,2024-01-12,signup,6,False,DVOJNYDAEA,0.13333333333333333,0.4207977407257143,0.1111111111111111
4448,0.0,2024-01-18,signup,5,False,OYMMSPYYXE,0.4666666666666667,0.3807974150457639,0.0
4449,1.0,2024-01-14,signup,1,True,OYGKIINUAW,0.3333333333333333,0.4591868487777834,0.24444444444444444
4451,1.0,2024-01-28,signup,8,True,WPMLBZYYTW,0.3333333333333333,0.6799806895035957,0.2888888888888889
4457,0.0,2024-01-31,signup,2,True,CBSTKJVEMD,0.4666666666666667,0.6657447236895705,0.06666666666666667
4458,0.0,2024-01-02,signup,4,False,VKGWFOFWLM,0.7333333333333333,0.5281137307127338,0.04444444444444444
4459,1.0,2024-01-19,signup,1,False,QKMWPKJNTX,0.3333333333333333,0.5547178154496263,0.1111111111111111
4465,0.0,2024-01-21,signup,8,True,HDFHPVKFSU,0.3333333333333333,0.6753303257940796,0.15555555555555556
4472,0.0,2024-01-31,signup,9,False,DUHGAKGTMI,0.6666666666666666,0.46745715222618134,0.17777777777777778
4474,1.0,2024-01-16,signup,3,True,MBICZRJSZF,0.3333333333333333,0.5399503248826124,0.4444444444444445
4475,0.0,2024-01-15,signup,3,False,PCEKGPOVCA,0.26666666666666666,0.7216067923193182,0.04444444444444444
4478,1.0,2024-01-23,signup,9,False,HESHWYIAVV,0.8,0.6064860047958681,0.46666666666666673
4481,0.0,2024-01-13,signup,1,False,SAKUUURMJB,0.3333333333333333,0.6902667098117313,0.022222222222222223
4482,1.0,2024-01-05,signup,2,True,XLEMVIZGQX,0.2,0.8403973995364179,0.2
4484,0.0,2024-01-16,signup,6,False,ZNXTPMBBCF,0.4,0.13981122901447163,0.04444444444444444
4489,1.0,2024-01-15,signup,9,True,BHGFXSMMSW,0.3333333333333333,0.5921704067023702,0.31111111111111117
4490,0.0,2024-01-24,signup,9,False,ASVDFOXQWI,0.5333333333333333,0.5012130839304355,0.04444444444444444
4493,1.0,2024-01-09,signup,6,False,YBHCUBLZYK,0.26666666666666666,0.5187361005559475,0.2
4497,0.0,2024-01-20,signup,2,False,ZDEXQKJRXG,0.2,0.5685377575603888,0.2
4499,0.0,2024-01-23,signup,5,False,EGRXHBBJAW,0.6666666666666666,0.4648479184696005,0.06666666666666667
4502,0.0,2024-01-10,signup,6,True,AEGDZBQHKR,0.26666666666666666,0.6467242744786342,0.0
4505,0.0,2024-01-01,signup,1,False,LUTOZVEDMC,0.26666666666666666,0.520152688420905,0.0
4508,1.0,2024-01-06,signup,1,True,PFDHLWODLA,0.4666666666666667,0.5897826102076446,0.31111111111111117
4509,1.0,2024-01-19,signup,1,False,XGEMDIGZSE,0.2,0.2351357403882296,0.17777777777777778
4511,0.0,2024-01-02,signup,9,True,QRARSJAADR,0.13333333333333333,0.584208817945184,0.06666666666666667
4516,1.0,2024-01-04,signup,3,False,BDMHEGMOLF,0.2,0.30809557717694325,0.13333333333333333
4518,0.0,2024-01-01,signup,1,True,QGYNDWIBRZ,0.3333333333333333,0.44238668314090057,0.1111111111111111
4521,1.0,2024-01-18,signup,4,True,HBETTGEYHR,0.2,0.5656772257323727,0.33333333333333337
4522,1.0,2024-01-16,signup,1,True,JOBXAGMXRO,0.4,0.6192451307253696,0.2
4526,1.0,2024-01-02,signup,6,False,URQKOWQDRJ,0.2,0.47625235727475734,0.2666666666666667
4535,1.0,2024-01-10,signup,4,True,BLCQHUCGJI,0.5333333333333333,0.4576738067224312,0.24444444444444444
4545,1.0,2024-01-22,signup,8,True,TLBVFTMBPN,0.4666666666666667,0.3257197308888723,0.2888888888888889
4553,1.0,2024-01-14,signup,9,False,XGJLIYOJTW,0.2,0.6361887769882425,0.1111111111111111
4558,1.0,2024-01-03,signup,3,False,XQAGOWBZJU,0.26666666666666666,0.5830731595106838,0.17777777777777778
4562,1.0,2024-01-08,signup,2,True,KKUOYYYMXM,0.3333333333333333,0.313353512454866,0.2888888888888889
4567,0.0,2024-01-07,signup,9,True,GWORPODTYF,0.26666666666666666,0.42481553332939537,0.1111111111111111
4569,1.0,2024-01-14,signup,7,False,IVTHIZQWYS,0.4666666666666667,0.47980966239612355,0.1111111111111111
4571,1.0,2024-01-26,signup,3,True,XUHJJUYYSG,0.2,0.6073430373251189,0.488888888888889
4577,0.0,2024-01-06,signup,6,True,RTKXUYGATG,0.13333333333333333,0.2577038341487309,0.022222222222222223
4579,1.0,2024-01-05,signup,8,True,URFJCBHCVR,0.3333333333333333,0.3557646520238552,0.35555555555555557
4586,0.0,2024-01-11,signup,8,True,ALFDMXVQXB,0.5333333333333333,0.4776975143626524,0.08888888888888889
4589,1.0,2024-01-03,signup,5,False,RVGNCLYCFL,0.3333333333333333,0.46909680304147094,0.24444444444444444
4605,1.0,2024-01-11,signup,9,True,VRXWOIKQNB,0.2,0.3669214065400018,0.4444444444444445
4610,0.0,2024-01-31,signup,3,True,SREGHYSIQZ,0.26666666666666666,0.4579874934886351,0.06666666666666667
4611,0.0,2024-01-29,signup,3,False,WTBXOREYRJ,0.3333333333333333,0.5652303272112486,0.0
4614,0.0,2024-01-26,signup,5,False,DUCXIBGBHD,0.2,0.5596191770987949,0.15555555555555556
4615,0.0,2024-01-02,signup,3,True,NVWFHSQAJU,0.06666666666666667,0.4906146238425487,0.022222222222222223
4624,1.0,2024-01-10,signup,1,True,JNQQPOSROK,0.4,0.3253804963235424,0.31111111111111117
4640,1.0,2024-01-05,signup,5,False,ZZENJKIQTY,0.26666666666666666,0.5133803827536677,0.3777777777777778
4641,0.0,2024-01-08,signup,8,True,SJHLDZXIIV,0.13333333333333333,0.3582888345462819,0.0
4642,1.0,2024-01-23,signup,6,True,QQWNIGXFKP,0.2,0.35044735842766894,0.35555555555555557
4650,0.0,2024-01-13,signup,5,True,MCFWIOWYZZ,0.13333333333333333,0.3371058692427432,0.13333333333333333
4653,1.0,2024-01-10,signup,7,False,NGXJHYQSSD,0.5333333333333333,0.3156362040175925,0.46666666666666673
4661,1.0,2024-01-30,signup,4,True,FGDHDPBTNU,0.5333333333333333,0.7077611113642889,0.2
4663,1.0,2024-01-19,signup,6,False,UJWHIBMDAD,0.6666666666666666,0.3821774362452982,0.2888888888888889
4666,0.0,2024-01-08,signup,9,False,GMXEAQAOAY,0.5333333333333333,0.5619305741972135,0.3777777777777778
4672,1.0,2024-01-08,signup,4,True,TRRFHUEWTD,0.26666666666666666,0.6111279711302972,0.33333333333333337
4674,0.0,2024-01-27,signup,4,False,None,0.26666666666666666,0.6078899397519534,0.1111111111111111
4676,0.0,2024-01-04,signup,3,True,YWYNMSWZMC,0.3333333333333333,0.41505524359821655,0.022222222222222223
4679,1.0,2024-01-29,signup,7,True,EOHPOGBRVK,0.5333333333333333,0.4659169470179302,0.17777777777777778
4680,0.0,2024-01-16,signup,7,False,JPXOFLDFBY,0.13333333333333333,0.4332308919058546,0.04444444444444444
4681,0.0,2024-01-26,signup,7,True,LQJXISEDOF,0.5333333333333333,0.7461407932120968,0.1111111111111111
4683,0.0,2024-01-05,signup,3,False,YLNMDXFHRD,0.26666666666666666,0.715562992516377,0.0
4704,0.0,2024-01-14,signup,1,True,DEXIQJBGBQ,0.2,0.4616625522703285,0.04444444444444444
4707,0.0,2024-01-05,signup,7,False,SHXLGEIWRT,0.26666666666666666,0.6524480289870555,0.08888888888888889
4710,0.0,2024-01-10,signup,5,False,KEUBNAMPVY,0.2,0.6910874357660556,0.0
4716,1.0,2024-01-14,signup,1,True,HUGEGAFJMC,0.4,0.41463705944160656,0.17777777777777778
4718,0.0,2024-01-28,signup,8,False,KLKHGUSGBG,0.2,0.5794936714549138,0.08888888888888889
4721,0.0,2024-01-17,signup,6,False,CPJESSEHWT,0.6,0.5565118845224447,0.06666666666666667
4722,0.0,2024-01-27,signup,3,True,GNJDENWRYK,0.26666666666666666,0.6688411253330463,0.17777777777777778
4726,1.0,2024-01-18,signup,6,True,PTABUBMLDE,0.26666666666666666,0.555156171409967,0.17777777777777778
4730,0.0,2024-01-01,signup,1,True,WOOEJRSGNW,0.2,0.49673074166422915,0.2666666666666667
4734,0.0,2024-01-03,signup,7,False,NNERVZISQU,0.4666666666666667,0.6991384473181671,0.022222222222222223
4744,0.0,2024-01-05,signup,4,True,YEWTFMGSMN,0.2,0.581558703772242,0.2666666666666667
4745,0.0,2024-01-25,signup,4,False,BUCJOWBXEF,0.4666666666666667,0.7023733688437414,0.0
4748,0.0,2024-01-13,signup,5,True,PIUXVGAENR,0.26666666666666666,0.2768458598682334,0.022222222222222223
4753,1.0,2024-01-30,signup,4,True,LXJQJDBLOC,0.26666666666666666,0.5778948218022956,0.13333333333333333
4758,0.0,2024-01-11,signup,5,True,NEISPEWQSX,0.2,0.3830456487672328,0.0
4762,1.0,2024-01-23,signup,1,False,QTDLLGHVKB,0.3333333333333333,0.5170424940784161,0.2
4763,0.0,2024-01-26,signup,8,False,HMFVZCVRFY,0.6666666666666666,0.607174146309076,0.022222222222222223
4772,0.0,2024-01-16,signup,2,False,ZSUEEXLUDD,0.3333333333333333,0.46641143089303927,0.13333333333333333
4779,0.0,2024-01-07,signup,7,True,FYUWNVBNKH,0.4,0.5565698996156724,0.24444444444444444
4786,1.0,2024-01-22,signup,3,False,AYFZBCRVKX,0.06666666666666667,0.5921049495536249,0.4444444444444445
4787,1.0,2024-01-14,signup,9,False,XVQZAIRUWU,0.13333333333333333,0.5050699928356964,0.2666666666666667
4788,0.0,2024-01-11,signup,4,False,LVOUIOVNZB,0.26666666666666666,0.49178129753727007,0.022222222222222223
4792,0.0,2024-01-28,signup,3,False,LHDDDWNKPF,0.26666666666666666,0.40600794770921367,0.022222222222222223
4799,1.0,2024-01-16,signup,8,True,FIQMFJMXFQ,0.26666666666666666,0.6982718019585029,0.22222222222222224
4803,0.0,2024-01-04,signup,1,False,OSETZJLPEQ,0.2,0.4724963474177758,0.06666666666666667
4805,1.0,2024-01-25,signup,1,False,GHWGFOBAFC,0.3333333333333333,0.6342624101980551,0.2666666666666667
4808,0.0,2024-01-16,signup,1,True,MFZTCBDXMA,0.5333333333333333,0.6131601920532542,0.22222222222222224
4810,0.0,2024-01-22,signup,1,False,MGRGVHVFZA,0.3333333333333333,0.5027473939207775,0.0
4812,0.0,2024-01-04,signup,7,True,ACXCBUSBJL,0.2,0.5438815789332171,0.06666666666666667
4814,1.0,2024-01-20,signup,1,True,CBRIAYNGFL,0.6666666666666666,0.510424350054084,0.3777777777777778
4815,1.0,2024-01-26,signup,8,True,ZJUGXVVUWO,0.4,0.6024428095232283,0.35555555555555557
4817,1.0,2024-01-24,signup,7,True,ZILCLVQPLG,0.4666666666666667,0.5527741312863376,0.1111111111111111
4818,1.0,2024-01-26,signup,3,True,QYWVCWTIJX,0.5333333333333333,0.47088146047490553,0.33333333333333337
4820,0.0,2024-01-24,signup,9,True,JLTAHGPYCD,0.3333333333333333,0.5443159678552753,0.0
4821,0.0,2024-01-09,signup,9,True,LPESJXIBLB,0.3333333333333333,0.26988081870447467,0.15555555555555556
4824,1.0,2024-01-17,signup,4,False,DPPVGLIHPY,0.4666666666666667,0.5262453142868532,0.5555555555555556
4830,1.0,2024-01-31,signup,5,False,RKEGOKJKFH,0.26666666666666666,0.4049420077469078,0.15555555555555556
4833,0.0,2024-01-20,signup,1,False,JGSJSMDCQM,0.4,0.7391233389899615,0.0
4836,0.0,2024-01-11,signup,6,True,GWJPJOXKXH,0.26666666666666666,0.5413429419978212,0.1111111111111111
4842,0.0,2024-01-16,signup,3,True,CVKVGJEZHP,0.5333333333333333,0.5549715641802063,0.0
4843,0.0,2024-01-03,signup,4,True,AWIIFECOAC,0.6,0.4956027849107868,0.04444444444444444
4847,0.0,2024-01-16,signup,9,False,FXUMCHXGDR,0.2,0.5569563867113375,0.06666666666666667
4855,0.0,2024-01-29,signup,2,False,SGXWRRJRKU,0.26666666666666666,0.5650960007378062,0.08888888888888889
4856,0.0,2024-01-13,signup,6,True,XDFCAGMMHJ,0.2,0.45912085787237455,0.35555555555555557
4857,1.0,2024-01-16,signup,6,False,SKHJAYCLJR,0.13333333333333333,0.23050181200184972,0.22222222222222224
4860,1.0,2024-01-27,signup,8,True,LZWPUGKLON,0.26666666666666666,0.3914308292625511,0.5111111111111111
4862,0.0,2024-01-15,signup,2,False,OOUKVNTQKI,0.13333333333333333,0.7489360735542615,0.04444444444444444
4869,1.0,2024-01-09,signup,6,False,YPPFACAGRP,0.5333333333333333,0.4955548072867523,0.488888888888889
4875,1.0,2024-01-17,signup,7,True,CVDLNKPPCO,0.4666666666666667,0.4666598926886486,0.13333333333333333
4876,1.0,2024-01-05,signup,6,False,YUXIGLBVCB,0.26666666666666666,0.36265512323224647,0.5333333333333333
4880,0.0,2024-01-28,signup,6,True,WTUYXMJCLQ,0.6,0.35076606441664226,0.022222222222222223
4883,0.0,2024-01-03,signup,4,False,CXCLACMHPP,0.3333333333333333,0.4375466760474208,0.0
4884,0.0,2024-01-08,signup,2,True,AWVISZDZIR,0.6666666666666666,0.5501698613276652,0.13333333333333333
4885,1.0,2024-01-22,signup,8,False,ZHKZXJINRF,0.6,0.35211302913484255,0.4
4905,0.0,2024-01-21,signup,6,True,RVMYWKXHJP,0.4666666666666667,0.4767654120364443,0.022222222222222223
4908,1.0,2024-01-28,signup,2,False,BVPJZVTACD,0.8,0.5209035795373965,0.13333333333333333
4909,1.0,2024-01-27,signup,4,True,MMLZNJPOHM,0.3333333333333333,0.7558278685973524,0.08888888888888889
4919,0.0,2024-01-30,signup,9,True,XSUHPGZSAB,0.4,0.6281686943051493,0.13333333333333333
4922,1.0,2024-01-01,signup,8,False,HNHWICUNVD,0.4666666666666667,0.2661583699797204,0.1111111111111111
4925,0.0,2024-01-25,signup,2,True,GGLAOITADT,0.06666666666666667,0.5974631140504046,0.06666666666666667
4940,0.0,2024-01-31,signup,3,True,OEBEURDFWX,0.3333333333333333,0.2240959186925925,0.06666666666666667
4942,1.0,2024-01-14,signup,1,True,EZEXKIELWX,0.13333333333333333,0.4732867562748836,0.35555555555555557
4945,1.0,2024-01-28,signup,2,True,LNUWZZACWN,0.4,0.6199357680753391,0.5777777777777777
4949,1.0,2024-01-30,signup,1,True,RIOYZGCQSC,0.06666666666666667,0.4165963043048021,0.13333333333333333
4951,0.0,2024-01-12,signup,7,True,BEPVNVXCTM,0.3333333333333333,0.5300657204891172,0.2888888888888889
4961,0.0,2024-01-28,signup,3,True,ZJBSBTOVYX,0.2,0.5957282074813747,0.0
4962,0.0,2024-01-29,signup,6,False,NJDRLDVZGL,0.26666666666666666,0.4961966622150905,0.24444444444444444
4963,1.0,2024-01-22,signup,5,True,LHNEZASYZM,0.5333333333333333,0.4749203622693402,0.3777777777777778
4964,0.0,2024-01-04,signup,3,False,UTLWLEORYD,0.4,0.29361390933138576,0.04444444444444444
4967,1.0,2024-01-23,signup,5,False,JLBUPGBEFP,0.3333333333333333,0.4649967646842462,0.08888888888888889
4969,0.0,2024-01-02,signup,6,True,DOWLVYREJN,0.06666666666666667,0.3371847250944392,0.08888888888888889
4970,0.0,2024-01-02,signup,4,False,ONPPZPCXXU,0.3333333333333333,0.5880322573368796,0.022222222222222223
4973,1.0,2024-01-04,signup,6,True,DPPFRZWOON,0.4,0.7374260753801228,0.4222222222222223
4982,1.0,2024-01-07,signup,9,True,KIJAMTPQTO,0.26666666666666666,0.3193068281634218,0.31111111111111117
4983,1.0,2024-01-07,signup,5,True,RJPQIQLBMQ,0.2,0.6568647271587326,0.35555555555555557
4987,1.0,2024-01-02,signup,6,True,TUTMSFSEGN,0.13333333333333333,0.5589380553296123,0.15555555555555556
4989,1.0,2024-01-15,signup,9,True,QKLMTDCBRY,0.4,0.41860033179424183,0.2
4995,1.0,2024-01-25,signup,3,True,USYNEBBACD,0.2,0.45028668007031303,0.35555555555555557
4998,1.0,2024-01-24,signup,1,False,AMZNKKRAIL,0.4,0.5745378357465235,0.35555555555555557
5000,0.0,2024-01-15,signup,6,True,WXPSYNPDOA,0.6666666666666666,0.5794069663340412,0.022222222222222223
5005,0.0,2024-01-23,signup,7,True,XWCTFCFFVJ,0.5333333333333333,0.3643444551620768,0.0
5008,0.0,2024-01-21,signup,6,False,JNDGBFIWYA,0.2,0.7418175877549243,0.1111111111111111
5009,0.0,2024-01-29,signup,1,True,XTRZSDPVVV,0.3333333333333333,0.4472233938860918,0.3777777777777778
5013,1.0,2024-01-30,signup,4,True,QNHKRJKLCW,0.4,0.44913434824909915,0.35555555555555557
5014,0.0,2024-01-30,signup,7,True,YLYOMGNIEN,0.26666666666666666,0.34272041063151126,0.0
5020,1.0,2024-01-25,signup,1,False,GRNYTMWKFV,0.4,0.5358839214871659,0.31111111111111117
5023,1.0,2024-01-14,signup,7,False,NKGHTIHDSE,0.4666666666666667,0.4064376315899182,0.31111111111111117
5024,1.0,2024-01-02,signup,7,True,XWLWOQJLSZ,0.2,0.5278082129764899,0.2
5026,0.0,2024-01-13,signup,1,False,MEYVSUAKKF,0.26666666666666666,0.5611401909173505,0.2
5035,0.0,2024-01-16,signup,4,False,TPRTMRDJJD,0.4,0.5941095986344079,0.04444444444444444
5039,1.0,2024-01-23,signup,7,False,EDPLGSBUNX,0.26666666666666666,0.6001286407719469,0.31111111111111117
5040,1.0,2024-01-15,signup,4,False,GCEQIFBWMC,0.4,0.46987401904764325,0.2666666666666667
5041,1.0,2024-01-01,signup,7,False,OOBWIHDGET,0.5333333333333333,0.3880021996636326,0.17777777777777778
5043,1.0,2024-01-15,signup,9,False,VPRXZMKDJI,0.4666666666666667,0.6685896254385254,0.22222222222222224
5047,1.0,2024-01-01,signup,8,True,BVXFSVTUQH,0.4666666666666667,0.4222519517261275,0.33333333333333337
5048,0.0,2024-01-17,signup,4,True,WMIVPJOMHB,0.4666666666666667,0.6825911978150284,0.06666666666666667
5049,1.0,2024-01-05,signup,5,True,ATDYCZHSUY,0.5333333333333333,0.47273224038271955,0.15555555555555556
5051,1.0,2024-01-05,signup,7,False,PPZPQZOIBE,0.6,0.5817125500962314,0.2666666666666667
5054,0.0,2024-01-13,signup,4,False,TPLAPGPIHE,0.4,0.5381783747667902,0.1111111111111111
5065,0.0,2024-01-24,signup,7,True,XQBMHXYVBZ,0.3333333333333333,0.2070609020851989,0.3777777777777778
5081,0.0,2024-01-28,signup,8,False,YGQFYQIJUM,0.3333333333333333,0.12695445533186822,0.0
5083,0.0,2024-01-09,signup,4,True,FBNHTELHWK,0.13333333333333333,0.8543900016109548,0.04444444444444444
5089,0.0,2024-01-05,signup,7,False,BMMAQTPZTE,0.06666666666666667,0.6223504443565194,0.022222222222222223
5093,0.0,2024-01-21,signup,1,False,RPBXEZQAXD,0.26666666666666666,0.16038436377720167,0.022222222222222223
5099,0.0,2024-01-29,signup,4,False,UGUSDOPQXQ,0.2,0.33331921297238376,0.1111111111111111
5102,1.0,2024-01-26,signup,6,False,QTKQIIZFMH,0.6,0.7816527452297309,0.4
5105,0.0,2024-01-26,signup,4,True,DGKKRFRFWB,0.5333333333333333,0.5942450280302868,0.08888888888888889
5106,0.0,2024-01-13,signup,2,True,OWJHDPLGQG,0.4,0.6489262346964842,0.0
5113,1.0,2024-01-30,signup,8,False,TIUKJBDQNC,0.4,0.38590215864083854,0.2666666666666667
5120,0.0,2024-01-11,signup,9,True,QTAZKXSVZV,0.4,0.47680929829849894,0.06666666666666667
5121,1.0,2024-01-04,signup,6,True,NIJOQAAGSO,0.8,0.5024463604156896,0.2
5122,0.0,2024-01-01,signup,1,False,ESKJYWIXDL,0.4,0.26950083875062825,0.08888888888888889
5125,1.0,2024-01-09,signup,2,True,XSLKJIFMPZ,0.5333333333333333,0.5343978241736197,0.33333333333333337
5135,0.0,2024-01-08,signup,5,False,RUENBQWBTY,0.4666666666666667,0.5840994306246731,0.22222222222222224
5137,0.0,2024-01-11,signup,5,True,KVROOAMJMC,0.26666666666666666,0.5116817565429638,0.33333333333333337
5139,1.0,2024-01-14,signup,9,False,AZNCEGLPMQ,0.13333333333333333,0.6010938602604669,0.1111111111111111
5141,0.0,2024-01-06,signup,3,True,IQMLCFDTPR,0.13333333333333333,0.26588782490502527,0.04444444444444444
5145,1.0,2024-01-03,signup,6,False,DSUZSKVONE,0.3333333333333333,0.343770446151053,0.3777777777777778
5149,0.0,2024-01-22,signup,4,False,FXVLGDZPLQ,0.3333333333333333,0.6351523253717727,0.2
5151,0.0,2024-01-24,signup,5,True,RTWIUWYGKP,0.06666666666666667,0.6337564546061102,0.04444444444444444
5163,0.0,2024-01-14,signup,6,False,LYXMLYDSER,0.3333333333333333,0.6193806406749495,0.13333333333333333
5166,0.0,2024-01-19,signup,7,True,None,0.26666666666666666,0.9999999999999999,0.22222222222222224
5172,0.0,2024-01-01,signup,6,True,ESXNZUANNX,0.26666666666666666,0.4173053369420753,0.1111111111111111
5174,0.0,2024-01-19,signup,4,False,WLZAXXKFGX,0.3333333333333333,0.6756414236553819,0.1111111111111111
5175,1.0,2024-01-04,signup,8,False,KXXIFZDSBG,0.26666666666666666,0.5906772982861072,0.2
5178,1.0,2024-01-28,signup,1,True,RMUMWAZBVV,0.26666666666666666,0.5190655693929319,0.15555555555555556
5183,1.0,2024-01-24,signup,2,False,XTOIAZWGRX,0.4666666666666667,0.36845811167025044,0.6444444444444445
5184,1.0,2024-01-27,signup,7,True,KZMRDWZYDJ,0.4666666666666667,0.7406439947337181,0.31111111111111117
5187,0.0,2024-01-17,signup,8,False,WEDCCDIOBH,0.4666666666666667,0.3867071429754655,0.08888888888888889
5189,0.0,2024-01-01,signup,8,True,UVPDZJTCCY,0.3333333333333333,0.6550716667056177,0.0
5190,0.0,2024-01-09,signup,7,False,ASQRIGQLZF,0.26666666666666666,0.6943395232288702,0.022222222222222223
5193,1.0,2024-01-24,signup,8,False,JMHUQKZOPW,0.4,0.461705616784572,0.4222222222222223
5199,0.0,2024-01-18,signup,3,True,RDSCXNRSCF,0.2,0.47153455100673114,0.13333333333333333
5202,1.0,2024-01-08,signup,7,True,EDYHSFZGDF,0.4666666666666667,0.669519200879905,0.15555555555555556
5208,1.0,2024-01-10,signup,1,True,XOTTQVKLOI,0.3333333333333333,0.34900775375448456,0.2888888888888889
5211,0.0,2024-01-09,signup,8,True,ZXKTFPKRES,0.5333333333333333,0.5420375129484555,0.1111111111111111
5214,0.0,2024-01-11,signup,7,False,CZWHKTCMPH,0.4666666666666667,0.358584613542167,0.2888888888888889
5217,1.0,2024-01-04,signup,4,True,ETDTDQIARU,0.5333333333333333,0.33968315812561334,0.08888888888888889
5222,0.0,2024-01-06,signup,5,False,ORGXCOBOXV,0.5333333333333333,0.5236655518335197,0.17777777777777778
5223,0.0,2024-01-08,signup,7,True,LBBKBHEMOC,0.06666666666666667,0.7922089160859273,0.022222222222222223
5225,0.0,2024-01-24,signup,7,True,HGXFZJELII,0.2,0.7220822384826461,0.1111111111111111
5237,1.0,2024-01-29,signup,1,False,HTVOYCAQNA,0.4,0.4206469317058209,0.22222222222222224
5242,1.0,2024-01-25,signup,4,False,IMSDFJHRPJ,0.26666666666666666,0.5194976827635182,0.2
5247,1.0,2024-01-20,signup,6,True,PHJAQQQODB,0.6666666666666666,0.678647993389197,0.2
5253,0.0,2024-01-19,signup,4,False,ZXUVXRNSID,0.4666666666666667,0.6960399741199413,0.04444444444444444
5262,1.0,2024-01-04,signup,4,True,KPGLVAKXJE,0.2,0.3420561367694822,0.17777777777777778
5267,0.0,2024-01-02,signup,2,True,FFKZJQKJPF,0.4,0.45891231439335145,0.022222222222222223
5276,0.0,2024-01-21,signup,4,True,HWTYUNFTTZ,0.3333333333333333,0.5301894943323283,0.08888888888888889
5283,1.0,2024-01-10,signup,8,False,LXBLRPVNRF,0.2,0.6949242484147874,0.3777777777777778
5289,1.0,2024-01-04,signup,8,True,TJSCNNOLPC,0.2,0.5953478570792533,0.35555555555555557
5290,0.0,2024-01-28,signup,8,True,SDNQBCHWEX,0.13333333333333333,0.674284312486534,0.04444444444444444
5291,0.0,2024-01-23,signup,3,True,WBAKOJOYNQ,0.26666666666666666,0.4754213031153117,0.06666666666666667
5296,0.0,2024-01-23,signup,5,False,NAAAKDTFVS,0.2,0.39893658826439904,0.022222222222222223
5302,1.0,2024-01-24,signup,7,False,ANWRDPGYOA,0.3333333333333333,0.466932739243724,0.7111111111111111
5305,1.0,2024-01-09,signup,6,True,ZAZPQOMTIO,0.2,0.3972494338607263,0.2888888888888889
5306,0.0,2024-01-05,signup,4,False,EXPWINXUAJ,0.3333333333333333,0.4757459142677326,0.06666666666666667
5309,1.0,2024-01-25,signup,2,True,UJPPDPFFGB,0.13333333333333333,0.09507402235440832,0.2666666666666667
5310,0.0,2024-01-30,signup,8,False,HNKEFGEYSU,0.4,0.5986196736723174,0.0
5314,1.0,2024-01-16,signup,9,True,JHKXKKHJHS,0.26666666666666666,0.49648038915718995,0.33333333333333337
5315,0.0,2024-01-30,signup,1,False,OBYMUIICAH,0.2,0.46721203716443893,0.022222222222222223
5319,1.0,2024-01-04,signup,6,True,PACRLVEZKZ,0.3333333333333333,0.4643092176620006,0.4
5327,0.0,2024-01-18,signup,4,True,PFAHHYMBZP,0.4,0.3694176236951202,0.0
5328,0.0,2024-01-24,signup,6,False,APEPRZYWCZ,0.13333333333333333,0.2999202124012953,0.15555555555555556
5335,1.0,2024-01-21,signup,9,True,ZTZJNOCBQQ,0.13333333333333333,0.6503838986725615,0.33333333333333337
5337,1.0,2024-01-24,signup,4,True,OOIRJWPRYY,0.2,0.8025921553017082,0.06666666666666667
5342,0.0,2024-01-07,signup,9,False,OQTCCMQDCL,0.3333333333333333,0.6158421829794339,0.15555555555555556
5347,0.0,2024-01-13,signup,7,True,VRCETIUTBT,0.2,0.6898935288200317,0.2666666666666667
5349,1.0,2024-01-03,signup,8,False,XNOJWXMYXO,0.2,0.59720504405579,0.2888888888888889
5352,0.0,2024-01-13,signup,9,False,ZGERWMHTRW,0.13333333333333333,0.6854232643364185,0.15555555555555556
5363,1.0,2024-01-06,signup,5,False,JEAQXMIIUD,0.3333333333333333,0.26091528000396635,0.24444444444444444
5370,0.0,2024-01-02,signup,7,True,MDMTEYEJQZ,0.13333333333333333,0.6476230790120859,0.33333333333333337
5372,0.0,2024-01-29,signup,2,True,YSXLFUOUDZ,0.2,0.3985922234316778,0.022222222222222223
5385,1.0,2024-01-06,signup,3,True,KKSQLICZSV,0.2,0.5061615787439694,0.2666666666666667
5392,1.0,2024-01-17,signup,7,True,QMZKLYWOPZ,0.3333333333333333,0.49644130330742475,0.22222222222222224
5396,0.0,2024-01-03,signup,8,False,RWNAOXGDLV,0.4666666666666667,0.29892517373978833,0.31111111111111117
5400,0.0,2024-01-08,signup,4,True,IVHHPIMLJI,0.26666666666666666,0.7126553603629114,0.022222222222222223
5403,0.0,2024-01-08,signup,1,True,OSMKZGFEQA,0.4666666666666667,0.3787624538115969,0.0
5404,0.0,2024-01-14,signup,9,True,QVOLASFSHV,0.5333333333333333,0.6386103174011001,0.2888888888888889
5420,0.0,2024-01-02,signup,8,False,UOIFWLFBND,0.4,0.6071525138084578,0.0
5424,0.0,2024-01-17,signup,5,False,OZKNXFWJVK,0.4,0.3162585729277311,0.0
5428,1.0,2024-01-27,signup,7,True,TOLLJXXMVY,0.26666666666666666,0.6283248588736939,0.33333333333333337
5430,1.0,2024-01-24,signup,3,True,IQODHXIDPC,0.13333333333333333,0.8325652225907091,0.2666666666666667
5434,1.0,2024-01-06,signup,4,False,LKDJPQDHOK,0.6,0.7262991664408261,0.2888888888888889
5437,1.0,2024-01-26,signup,4,False,HSQYRPGTMN,0.26666666666666666,0.7408422824588173,0.22222222222222224
5438,0.0,2024-01-31,signup,2,False,ASWCJXLGPN,0.4,0.41140835158253897,0.17777777777777778
5449,0.0,2024-01-09,signup,9,False,TNCSUPEEVY,0.3333333333333333,0.3663266648714937,0.04444444444444444
5457,0.0,2024-01-21,signup,6,False,WBKEOBLTHS,0.2,0.6232615943240832,0.15555555555555556
5466,1.0,2024-01-02,signup,9,True,QHSHEOOGWR,0.6,0.37517710977946284,0.2
5472,0.0,2024-01-13,signup,2,False,JJWFTFGCPF,0.26666666666666666,0.6279456797331685,0.08888888888888889
5478,1.0,2024-01-06,signup,6,True,QXPESSNDBB,0.13333333333333333,0.5855825041867574,0.13333333333333333
5480,1.0,2024-01-25,signup,5,True,CAMTALIHGK,0.26666666666666666,0.5345316350078336,0.22222222222222224
5488,1.0,2024-01-26,signup,9,True,MIZMIJBAIN,0.5333333333333333,0.5959593945203857,0.2
5497,1.0,2024-01-04,signup,3,False,FGRMFXSBOU,0.26666666666666666,0.39646145613503603,0.17777777777777778
5500,1.0,2024-01-13,signup,6,True,DUCIULRGXP,0.0,0.6760688903692137,0.5111111111111111
5502,0.0,2024-01-19,signup,3,True,KYHRIEOCUI,0.3333333333333333,0.5550814602448778,0.15555555555555556
5505,0.0,2024-01-26,signup,6,False,UERFQZPFRA,0.3333333333333333,0.4536770372184561,0.08888888888888889
5511,1.0,2024-01-31,signup,3,True,VOOMUXMMFN,0.4666666666666667,0.773054142900485,0.35555555555555557
5521,1.0,2024-01-28,signup,7,False,SYJOYIZCAW,0.06666666666666667,0.6001758431975946,0.22222222222222224
5526,1.0,2024-01-29,signup,2,False,XPEASYVAOS,0.5333333333333333,0.644056100701116,0.3777777777777778
5528,0.0,2024-01-25,signup,3,False,GALLJIUYAO,0.3333333333333333,0.5809348109307765,0.08888888888888889
5529,0.0,2024-01-03,signup,4,True,NQJUNETRMZ,0.2,0.6490118458713271,0.022222222222222223
5530,1.0,2024-01-30,signup,2,False,YVECHFQZFW,0.26666666666666666,0.3193440605499679,0.13333333333333333
5531,0.0,2024-01-24,signup,8,False,TSOTRISAEY,0.26666666666666666,0.3787516971929369,0.0
5534,0.0,2024-01-23,signup,2,False,MBJDHVKTCB,0.13333333333333333,0.6745076022402429,0.1111111111111111
5539,0.0,2024-01-18,signup,1,False,CNMXFDKUGP,0.4,0.6324752465743241,0.022222222222222223
5550,0.0,2024-01-21,signup,4,False,NQIUEMBYDI,0.26666666666666666,0.42065495332002356,0.0
5555,1.0,2024-01-12,signup,7,False,MKCTDFDCNR,0.6666666666666666,0.3728131938318101,0.31111111111111117
5558,0.0,2024-01-20,signup,1,True,YHAFDIRCLQ,0.4,0.43392422287362964,0.2
5559,1.0,2024-01-11,signup,4,True,JKWWDZQSAI,0.2,0.441038662009836,0.5111111111111111
5560,0.0,2024-01-17,signup,9,True,NJDCOGOAMC,0.3333333333333333,0.4048000321143549,0.022222222222222223
5568,1.0,2024-01-31,signup,3,True,AEMGNGUOJT,0.26666666666666666,0.5612834965260157,0.3777777777777778
5576,1.0,2024-01-30,signup,5,False,OEZDUFORBA,0.5333333333333333,0.5070674707105928,0.5333333333333333
5582,1.0,2024-01-24,signup,2,True,LKRXEDHBRA,0.3333333333333333,0.5753654314351321,0.22222222222222224
5585,0.0,2024-01-20,signup,9,True,SZKJJXOXFW,0.13333333333333333,0.5120686908876043,0.17777777777777778
5597,1.0,2024-01-20,signup,3,True,QPKTLLXDIY,0.3333333333333333,0.44923163983221703,0.4222222222222223
5599,1.0,2024-01-08,signup,5,False,QXSUGSBJVF,0.6,0.6567862138066677,0.17777777777777778
5606,1.0,2024-01-09,signup,6,True,JGXIZDNFGL,0.0,0.7376155811309758,0.2666666666666667
5621,1.0,2024-01-07,signup,6,True,DREDMBMPYM,0.26666666666666666,0.7321458739762853,0.13333333333333333
5624,0.0,2024-01-20,signup,1,True,GLLZPMGDWI,0.4666666666666667,0.5787762213527116,0.2888888888888889
5626,0.0,2024-01-26,signup,7,True,NHIPQVAMPK,0.3333333333333333,0.4803437505015248,0.022222222222222223
5628,1.0,2024-01-17,signup,8,True,SJCMNYJLLY,0.13333333333333333,0.3901626711432443,0.2
5631,1.0,2024-01-20,signup,6,True,EJXOLSZJAX,0.4,0.5535990378728267,0.33333333333333337
5633,0.0,2024-01-03,signup,6,True,NNSSYJCZBB,0.5333333333333333,0.5404496432040607,0.04444444444444444
5635,0.0,2024-01-21,signup,2,True,UMXTNNDJZF,0.26666666666666666,0.5810989512264438,0.08888888888888889
5643,0.0,2024-01-02,signup,9,True,QGHVCDPHUH,0.26666666666666666,0.5335817972138425,0.022222222222222223
5647,1.0,2024-01-18,signup,3,True,WNWKMPNYUN,0.26666666666666666,0.6174631265490266,0.2
5649,1.0,2024-01-26,signup,7,True,PVTLRSAXIW,0.3333333333333333,0.3410087242356691,0.13333333333333333
5652,0.0,2024-01-15,signup,4,True,KVBWCGXJTY,0.13333333333333333,0.7115394989180411,0.0
5659,1.0,2024-01-16,signup,5,False,RPZHPPLJSH,0.4666666666666667,0.5243949186192362,0.1111111111111111
5661,0.0,2024-01-25,signup,1,True,LYPLICCMTF,0.4666666666666667,0.6719233470204143,0.0
5662,1.0,2024-01-12,signup,4,True,XNWQSLABMA,0.3333333333333333,0.3621184228251323,0.4
5669,1.0,2024-01-30,signup,5,False,NHOPNFXMIN,0.3333333333333333,0.6554623007857113,0.15555555555555556
5671,0.0,2024-01-06,signup,8,False,BGQCBPBXYL,0.6,0.6373013935148834,0.1111111111111111
5675,0.0,2024-01-22,signup,8,False,JEYYWXOWXP,0.2,0.34331932363027484,0.13333333333333333
5677,0.0,2024-01-11,signup,4,True,VRQXHUISKH,0.2,0.6413689380217634,0.022222222222222223
5679,0.0,2024-01-02,signup,9,True,BVYFMMNPUE,0.4666666666666667,0.3309992280761541,0.24444444444444444
5682,1.0,2024-01-06,signup,4,True,HHKDVEJWZE,0.3333333333333333,0.43023583848723745,0.5111111111111111
5686,1.0,2024-01-31,signup,6,False,ERKNULONYO,0.4666666666666667,0.5631735802918488,0.31111111111111117
5689,1.0,2024-01-09,signup,6,True,WHRHEXEPOM,0.06666666666666667,0.40412841753118556,0.4
5692,1.0,2024-01-26,signup,6,False,NXSDSNQJJV,0.26666666666666666,0.4938326068812612,0.46666666666666673
5700,0.0,2024-01-26,signup,8,False,VYGUUBQDJB,0.3333333333333333,0.5170188609932264,0.022222222222222223
5706,1.0,2024-01-30,signup,5,False,AVZSCKPGSK,0.4666666666666667,0.6247637949549288,0.31111111111111117
5710,0.0,2024-01-24,signup,9,True,NPUDUBHRXS,0.13333333333333333,0.33338127633673575,0.22222222222222224
5712,0.0,2024-01-21,signup,7,False,WFXXIUJUYC,0.5333333333333333,0.3567001963405553,0.022222222222222223
5713,1.0,2024-01-22,signup,1,True,PZHMYJDSNR,0.3333333333333333,0.49873985802945253,0.33333333333333337
5717,0.0,2024-01-19,signup,7,False,ZJWMZFWXTS,0.4,0.5447488286282204,0.0
5719,0.0,2024-01-31,signup,3,True,FFJEKSKWIM,0.26666666666666666,0.5588764038107502,0.33333333333333337
5725,1.0,2024-01-14,signup,8,True,OLSGMKWPIX,0.26666666666666666,0.6540190101178366,0.08888888888888889
5727,0.0,2024-01-29,signup,7,False,NUYXRDEGEB,0.3333333333333333,0.6533777405973274,0.0
5744,0.0,2024-01-16,signup,3,False,GSMGYHLUEX,0.3333333333333333,0.5468220538485701,0.2
5749,1.0,2024-01-02,signup,5,True,KHWPPVOGSR,0.13333333333333333,0.5644059230571313,0.2666666666666667
5761,1.0,2024-01-17,signup,8,True,DUFDNQWJWI,0.6,0.35289236436298455,0.31111111111111117
5773,1.0,2024-01-04,signup,1,False,GEKXBVEMOO,0.13333333333333333,0.7515848130366384,0.488888888888889
5774,0.0,2024-01-10,signup,4,False,UVZAQWHCUK,0.3333333333333333,0.2917165982357047,0.06666666666666667
5777,0.0,2024-01-31,signup,9,True,TTUJEMBQWV,0.4666666666666667,0.4565111439399031,0.0
5780,1.0,2024-01-17,signup,9,False,EMWUFOSHVR,0.26666666666666666,0.568523460307392,0.2888888888888889
5781,0.0,2024-01-06,signup,6,True,CJUVQIDPDK,0.5333333333333333,0.8710098842440585,0.0
5782,1.0,2024-01-28,signup,2,True,HVUOQUMBBG,0.26666666666666666,0.8053499927970346,0.1111111111111111
5794,1.0,2024-01-21,signup,3,True,PCBJVSSCPQ,0.26666666666666666,0.5180346315031136,0.2
5802,0.0,2024-01-09,signup,7,True,OOZHPLVEKN,0.13333333333333333,0.5285675125669739,0.06666666666666667
5808,1.0,2024-01-29,signup,3,False,QIPINEDDBP,0.4666666666666667,0.5897947461450771,0.08888888888888889
5813,0.0,2024-01-06,signup,6,False,TCTYJLSZJC,0.2,0.42738668841174554,0.15555555555555556
5815,0.0,2024-01-23,signup,6,True,FXLINDCLXP,0.6,0.3737739083760766,0.1111111111111111
5822,1.0,2024-01-15,signup,5,True,DMAMZYYJVB,0.4666666666666667,0.4784582867214634,0.35555555555555557
5833,0.0,2024-01-06,signup,4,True,KKMOBZGCIE,0.3333333333333333,0.6818598449063714,0.06666666666666667
5837,0.0,2024-01-12,signup,1,True,FGLQBNEHTY,0.3333333333333333,0.6279472877311393,0.06666666666666667
5838,1.0,2024-01-24,signup,3,True,GJFNBVHURZ,0.0,0.5345537444057212,0.35555555555555557
5839,1.0,2024-01-30,signup,9,False,YGSUYNNRKN,0.3333333333333333,0.5795451204975547,0.3777777777777778
5842,0.0,2024-01-01,signup,5,False,UWYUXQUJDJ,0.4666666666666667,0.3783511418581672,0.0
5843,0.0,2024-01-12,signup,5,False,TGRJGUKZXV,0.4,0.7328022791211776,0.04444444444444444
5852,1.0,2024-01-24,signup,6,False,DIKIPERNSN,0.26666666666666666,0.6087186463387614,0.24444444444444444
5857,0.0,2024-01-01,signup,3,False,XZYATVARXG,0.4666666666666667,0.6512842471205934,0.0
5860,0.0,2024-01-14,signup,8,False,ZCXKLEKDVD,0.4,0.38139811924599665,0.08888888888888889
5864,1.0,2024-01-06,signup,4,True,NLAXLWDEOJ,0.06666666666666667,0.30705504560128005,0.17777777777777778
5865,0.0,2024-01-05,signup,6,True,DPQSHBGZDG,0.3333333333333333,0.5345832585888434,0.15555555555555556
5879,0.0,2024-01-16,signup,6,False,ZSLNFSZBIT,0.4,0.6225304180799364,0.022222222222222223
5886,1.0,2024-01-03,signup,1,True,QNFQBKMZBC,0.26666666666666666,0.4704752641265163,0.17777777777777778
5888,1.0,2024-01-04,signup,9,False,XHXQHSLVIF,0.26666666666666666,0.5145287794786261,0.24444444444444444
5889,0.0,2024-01-11,signup,8,True,CBGNYSREOX,0.4666666666666667,0.6600284084906377,0.06666666666666667
5893,0.0,2024-01-25,signup,9,False,OWLTCFSVQO,0.3333333333333333,0.43499493524665234,0.1111111111111111
5912,1.0,2024-01-29,signup,7,False,AGXCHWVNUU,0.3333333333333333,0.4717980571284862,0.33333333333333337
5913,0.0,2024-01-21,signup,3,True,SUVDTVEERU,0.5333333333333333,0.8933198032582569,0.2
5914,1.0,2024-01-08,signup,2,True,GEZKTJNKPE,0.06666666666666667,0.3759065514177006,0.3777777777777778
5927,1.0,2024-01-27,signup,4,False,CWZXLFAOYU,0.26666666666666666,0.5451650803304341,0.2666666666666667
5928,1.0,2024-01-23,signup,7,True,IFXIRKHQPW,0.3333333333333333,0.3449225954548153,0.33333333333333337
5936,1.0,2024-01-23,signup,9,False,TYVFMQOHFJ,0.4666666666666667,0.5219882967674013,0.6888888888888889
5940,0.0,2024-01-07,signup,3,True,SKMOUGULLD,0.26666666666666666,0.5313726091159269,0.06666666666666667
5942,0.0,2024-01-26,signup,3,False,MKFDWJVUNE,0.26666666666666666,0.5885609285828656,0.22222222222222224
5943,1.0,2024-01-11,signup,8,False,BVQXNYGBPO,0.6,0.7566837678493613,0.2
5949,1.0,2024-01-01,signup,4,False,AODLYRTAZM,0.6666666666666666,0.678228860778806,0.2
5951,0.0,2024-01-21,signup,6,False,HQRLHXJKVG,0.6,0.39998312596390917,0.08888888888888889
5954,0.0,2024-01-30,signup,6,True,STMXOSMSKD,0.3333333333333333,0.4549629830293601,0.06666666666666667
5964,0.0,2024-01-10,signup,1,False,CNJXQAOGBF,0.4,0.4795928021178192,0.0
5965,1.0,2024-01-18,signup,4,True,FGZBNRYNOG,0.2,0.623638506518119,0.22222222222222224
5969,1.0,2024-01-19,signup,4,False,XSVYRBTIAE,0.3333333333333333,0.4917438596154412,0.22222222222222224
5972,1.0,2024-01-30,signup,4,False,KYIPCUUNCX,0.3333333333333333,0.4092575758680691,0.6666666666666666
5973,1.0,2024-01-13,signup,3,True,AGASPSNLCF,0.4,0.26050257998318094,0.13333333333333333
5974,0.0,2024-01-07,signup,1,True,LXTYAPMYYW,0.13333333333333333,0.43001707200730344,0.06666666666666667
5981,0.0,2024-01-24,signup,2,False,THDAXRZZCZ,0.3333333333333333,0.2667990735773961,0.04444444444444444
5989,1.0,2024-01-03,signup,2,False,EDVVZCPYNA,0.5333333333333333,0.5050645555476726,0.4222222222222223
5995,1.0,2024-01-09,signup,9,False,RUFAQXKBCW,0.5333333333333333,0.3484866536116954,0.17777777777777778
5999,0.0,2024-01-16,signup,8,True,OCSXVJKPQO,0.4666666666666667,0.5064938622307104,0.13333333333333333
6000,1.0,2024-01-27,signup,9,True,HYODHIJZRT,0.6,0.5436619030327229,0.13333333333333333
6004,0.0,2024-01-16,signup,1,False,LMQBCPSWNV,0.4666666666666667,0.3923165465406694,0.1111111111111111
6010,1.0,2024-01-14,signup,1,True,JCYIPDFKSM,0.2,0.6070237998379723,0.46666666666666673
6022,1.0,2024-01-03,signup,3,False,ZXTGCWPUUL,0.6,0.5668813043486477,0.24444444444444444
6026,1.0,2024-01-27,signup,2,True,ULLZQCGVGX,0.2,0.5474720369611551,0.33333333333333337
6027,0.0,2024-01-24,signup,5,False,GUVWKAXSHF,0.2,0.4611035701892464,0.13333333333333333
6031,0.0,2024-01-26,signup,3,True,CSWFAAPBFO,0.13333333333333333,0.4425255594892149,0.06666666666666667
6034,1.0,2024-01-06,signup,3,False,XWIAMAWKZJ,0.13333333333333333,0.5555070352949801,0.2888888888888889
6042,0.0,2024-01-10,signup,1,False,ACJJTWTJOQ,0.5333333333333333,0.45194340375467734,0.1111111111111111
6043,0.0,2024-01-29,signup,8,False,AYRUCECIZZ,0.6666666666666666,0.5327063019869199,0.24444444444444444
6045,1.0,2024-01-20,signup,8,False,ETKLNWESNT,0.6,0.6903700336536523,0.22222222222222224
6053,0.0,2024-01-25,signup,4,False,KPUATKZLZH,0.13333333333333333,0.6413632336937934,0.0
6057,0.0,2024-01-26,signup,1,True,KDMXYHORGN,0.13333333333333333,0.42757830996730817,0.022222222222222223
6076,0.0,2024-01-02,signup,7,False,FFWJYLWETQ,0.13333333333333333,0.5967604451728304,0.022222222222222223
6080,0.0,2024-01-28,signup,4,False,PKBEWVCZCJ,0.4666666666666667,0.47924071115282574,0.04444444444444444
6085,0.0,2024-01-12,signup,3,True,IPFVFVIXTB,0.4,0.44481706724705095,0.1111111111111111
6086,1.0,2024-01-18,signup,1,False,GUNVFBQZGX,0.2,0.3398466741191003,0.17777777777777778
6090,0.0,2024-01-25,signup,3,True,PBRFEYNINA,0.4666666666666667,0.43281908449487705,0.5111111111111111
6093,1.0,2024-01-22,signup,3,True,ALWLXUCJVH,0.26666666666666666,0.5981015824959252,0.17777777777777778
6094,0.0,2024-01-02,signup,9,False,ZPRSUDKGIG,0.06666666666666667,0.578836432629915,0.0
6095,1.0,2024-01-08,signup,9,True,ZSABSPEKWV,0.6666666666666666,0.745172728236133,0.13333333333333333
6096,0.0,2024-01-10,signup,4,True,WYMNLYJMWD,0.4,0.819927125118529,0.13333333333333333
6101,1.0,2024-01-18,signup,8,False,JQFYLLPHMC,0.13333333333333333,0.5187978374563357,0.2666666666666667
6104,0.0,2024-01-19,signup,6,True,UFBPQTMYTJ,0.26666666666666666,0.41227576651590303,0.0
6107,0.0,2024-01-13,signup,9,False,VIJXQCYDEW,0.5333333333333333,0.5746907038292816,0.022222222222222223
6111,0.0,2024-01-20,signup,9,True,QKIDKZWFWL,0.4,0.6418093498444272,0.22222222222222224
6116,1.0,2024-01-08,signup,3,True,FVJNLYIHQO,0.2,0.6909486657433738,0.33333333333333337
6119,1.0,2024-01-29,signup,6,False,AGJLWXBXYN,0.6,0.44796593421944675,0.4444444444444445
6124,1.0,2024-01-31,signup,5,True,VUHMNPTSUU,0.6,0.5338053614108736,0.5555555555555556
6128,0.0,2024-01-25,signup,8,True,KHZDQOTATT,0.5333333333333333,0.47878207993305455,0.04444444444444444
6130,0.0,2024-01-19,signup,6,True,AILCVRCBNV,0.3333333333333333,0.46583669581104037,0.15555555555555556
6131,1.0,2024-01-03,signup,8,True,OBITZDMJXL,0.2,0.3589074874910828,0.31111111111111117
6132,1.0,2024-01-14,signup,2,True,RNVHBPJELP,0.26666666666666666,0.37110240980173026,0.35555555555555557
6135,0.0,2024-01-17,signup,9,True,DICVSVGRUI,0.3333333333333333,0.6080671345209904,0.0
6138,1.0,2024-01-18,signup,1,False,UTUNLALFHY,0.4666666666666667,0.6300003019855477,0.24444444444444444
6140,0.0,2024-01-17,signup,8,True,QMFJNMLJJR,0.26666666666666666,0.2861631450792316,0.08888888888888889
6144,1.0,2024-01-09,signup,8,False,ZUXNRWGOBK,0.06666666666666667,0.7947111744515841,0.24444444444444444
6146,1.0,2024-01-24,signup,3,False,DDCILAYYFO,0.4666666666666667,0.7517358324104128,0.15555555555555556
6147,0.0,2024-01-24,signup,6,False,CJFXKDQDVH,0.4,0.6776360967100862,0.022222222222222223
6150,1.0,2024-01-25,signup,1,True,None,0.4,0.635484821666963,0.2888888888888889
6155,0.0,2024-01-17,signup,2,True,TMOMHXSGMX,0.06666666666666667,0.5015846972142218,0.15555555555555556
6161,0.0,2024-01-15,signup,1,True,TQEYWDQUPT,0.5333333333333333,0.28464160561884577,0.13333333333333333
6164,0.0,2024-01-18,signup,5,True,KDYSPTVHVL,0.3333333333333333,0.69548401722496,0.04444444444444444
6168,0.0,2024-01-28,signup,3,True,DAKKNIKEBB,0.2,0.3838438874084448,0.022222222222222223
6176,1.0,2024-01-04,signup,8,False,CZWDIPNQCA,0.6666666666666666,0.7622024193638314,0.06666666666666667
6178,0.0,2024-01-28,signup,3,False,VHBMDGBJIO,0.2,0.4529130310282298,0.08888888888888889
6181,0.0,2024-01-15,signup,1,False,RDQCEPLWPH,0.2,0.6309006180195454,0.04444444444444444
6193,1.0,2024-01-11,signup,9,False,SEQCZOTPYU,0.4,0.1851747506589666,0.24444444444444444
6194,1.0,2024-01-02,signup,2,False,ZKAHTQKCOL,0.4666666666666667,0.3875012197429618,0.33333333333333337
6195,0.0,2024-01-22,signup,3,True,HJHHGYHOOS,0.26666666666666666,0.4505990773325118,0.04444444444444444
6201,0.0,2024-01-24,signup,5,True,JXZLGUQESY,0.2,0.39034018880579835,0.022222222222222223
6206,0.0,2024-01-29,signup,9,False,YHQTJZTBNI,0.26666666666666666,0.41362255316336316,0.17777777777777778
6207,0.0,2024-01-14,signup,1,True,DGDWVAUZGN,0.13333333333333333,0.5215154086006583,0.15555555555555556
6209,0.0,2024-01-20,signup,8,False,KHHOWXJHVY,0.3333333333333333,0.4474268179469708,0.08888888888888889
6214,1.0,2024-01-29,signup,2,True,RKXKXRUCUG,0.3333333333333333,0.5177246429349692,0.2
6220,1.0,2024-01-16,signup,5,True,TXHPFUUWBK,0.26666666666666666,0.5918716812111394,0.24444444444444444
6221,1.0,2024-01-08,signup,9,False,MPHJSEGXUE,0.4666666666666667,0.4734723416094494,0.17777777777777778
6243,1.0,2024-01-05,signup,4,True,CFSFIFSZGU,0.26666666666666666,0.5212432950012876,0.13333333333333333
6249,0.0,2024-01-14,signup,9,False,ARUGZCRPFT,0.4666666666666667,0.5995064139394904,0.1111111111111111
6250,0.0,2024-01-25,signup,4,False,KISORNIIEE,0.4,0.6846172654682973,0.04444444444444444
6253,0.0,2024-01-14,signup,4,True,PRCPEFCHIR,0.26666666666666666,0.7372030036562217,0.06666666666666667
6269,1.0,2024-01-13,signup,3,False,VWNSYLULUL,0.2,0.44298494568603897,0.3777777777777778
6271,1.0,2024-01-24,signup,8,True,XJNSFDFXKM,0.26666666666666666,0.441906944152641,0.35555555555555557
6273,1.0,2024-01-12,signup,1,True,OLSENWIKWT,0.2,0.4491933487358096,0.15555555555555556
6274,1.0,2024-01-08,signup,9,True,RABZOTZSGF,0.3333333333333333,0.7684394611723443,0.4222222222222223
6276,0.0,2024-01-09,signup,1,True,ZPSTJUENYI,0.4,0.6009456560797833,0.2888888888888889
6277,0.0,2024-01-28,signup,5,False,SNBUSTBMMK,0.4,0.6116775010846954,0.4444444444444445
6281,1.0,2024-01-18,signup,2,True,ETKHGMGKVN,0.4666666666666667,0.4242370112042818,0.4222222222222223
6284,0.0,2024-01-06,signup,6,True,NRWRBIZCSX,0.26666666666666666,0.7189161518144659,0.04444444444444444
6286,1.0,2024-01-05,signup,1,False,GETTHFHAFZ,0.3333333333333333,0.45444188751063697,0.1111111111111111
6297,0.0,2024-01-04,signup,3,False,NOOHZVCBBL,0.6,0.4345893444002872,0.022222222222222223
6301,0.0,2024-01-12,signup,6,False,BUTHEPVFAK,0.26666666666666666,0.6388468371244133,0.17777777777777778
6309,1.0,2024-01-09,signup,5,True,LSSFKTGEYJ,0.4666666666666667,0.503733646431538,0.22222222222222224
6311,1.0,2024-01-19,signup,1,True,MGPHALZUZK,0.3333333333333333,0.49466626364760635,0.24444444444444444
6316,1.0,2024-01-01,signup,8,True,IVISXCCGOZ,0.5333333333333333,0.3654383776633384,0.06666666666666667
6320,1.0,2024-01-02,signup,8,False,VWCZHHAPAU,0.2,0.7476335150099723,0.3777777777777778
6334,0.0,2024-01-18,signup,6,True,QLHFMZKQRQ,0.4666666666666667,0.6288566898923286,0.022222222222222223
6336,0.0,2024-01-13,signup,3,True,ZNZTMJAHUE,0.7333333333333333,0.49241317860300315,0.022222222222222223
6340,0.0,2024-01-28,signup,7,False,QNDXBFRMXT,0.26666666666666666,0.4083706691974961,0.0
6341,1.0,2024-01-21,signup,5,False,JWCDKWTMHG,0.3333333333333333,0.3686352095355444,0.35555555555555557
6344,0.0,2024-01-25,signup,3,False,CSIBPZBGGE,0.3333333333333333,0.4480861736624885,0.0
6346,0.0,2024-01-06,signup,4,True,IPUJISGCJM,0.5333333333333333,0.5965956360336871,0.08888888888888889
6348,1.0,2024-01-29,signup,1,False,DDVNFBYRLL,0.3333333333333333,0.47121025637172564,0.1111111111111111
6349,1.0,2024-01-06,signup,6,False,RPMZYRFMZF,0.4,0.7917794870012552,0.2888888888888889
6351,1.0,2024-01-17,signup,5,False,DMHMMMYBLQ,0.2,0.6878471457121559,0.13333333333333333
6354,1.0,2024-01-27,signup,4,False,CDIRHFEQYG,0.4,0.5599337229686764,0.1111111111111111
6358,1.0,2024-01-10,signup,3,True,IYXQSDCIBN,0.26666666666666666,0.7263900690263753,0.4222222222222223
6360,0.0,2024-01-25,signup,8,False,QIVENAXNSF,0.2,0.9044159908293016,0.22222222222222224
6366,0.0,2024-01-03,signup,1,True,LDGCMQHDUT,0.4666666666666667,0.49483467505067347,0.15555555555555556
6367,0.0,2024-01-21,signup,9,False,KNPEXITIRL,0.26666666666666666,0.7915452536326678,0.08888888888888889
6371,0.0,2024-01-20,signup,2,False,IGVWEEJQMV,0.3333333333333333,0.4884480626784947,0.0
6374,0.0,2024-01-26,signup,1,False,CBGIAMEUOU,0.26666666666666666,0.5253569411036311,0.15555555555555556
6377,1.0,2024-01-28,signup,7,True,TMZQAICEFX,0.2,0.4421287850165453,0.33333333333333337
6386,1.0,2024-01-19,signup,5,True,ZDDWUVLDZV,0.3333333333333333,0.27787669736259846,0.13333333333333333
6395,0.0,2024-01-06,signup,1,False,DCTOQRHMJE,0.6,0.580775015242836,0.04444444444444444
6397,0.0,2024-01-10,signup,4,False,PBFFRHHOGN,0.5333333333333333,0.7863812217056735,0.2
6400,1.0,2024-01-23,signup,3,False,JLEERBNEEM,0.5333333333333333,0.5187513754469649,0.31111111111111117
6403,1.0,2024-01-04,signup,3,False,DIZUQQWZVD,0.26666666666666666,0.6747055615273873,0.33333333333333337
6404,0.0,2024-01-09,signup,5,True,RJBHYAJXXH,0.26666666666666666,0.3855830912834094,0.0
6412,1.0,2024-01-07,signup,8,True,XEGPZVRLUC,0.2,0.2881970334319529,0.13333333333333333
6422,0.0,2024-01-05,signup,2,True,KYSZALHWJC,0.26666666666666666,0.5094878955608962,0.06666666666666667
6423,0.0,2024-01-01,signup,5,False,GWOEZWKYXW,0.3333333333333333,0.44492086219378224,0.2666666666666667
6424,0.0,2024-01-08,signup,7,False,GFXWWTXGKC,0.3333333333333333,0.39799058783211005,0.04444444444444444
6425,0.0,2024-01-07,signup,3,True,WZQZKMNLYD,0.3333333333333333,0.45610686813067536,0.17777777777777778
6432,1.0,2024-01-05,signup,8,True,AWJJKEGORU,0.2,0.7308784798097968,0.2666666666666667
6439,1.0,2024-01-24,signup,7,False,NUYUKTLZKO,0.6666666666666666,0.4141687367126744,0.2666666666666667
6454,1.0,2024-01-02,signup,8,True,TZCOBDIVXN,0.2,0.5371317065533755,0.1111111111111111
6457,0.0,2024-01-07,signup,8,False,OUINBVSZON,0.26666666666666666,0.3828448669676213,0.04444444444444444
6459,0.0,2024-01-10,signup,9,True,XWHXETOMIX,0.4666666666666667,0.4039459898707961,0.06666666666666667
6464,1.0,2024-01-22,signup,5,True,DQNNDIJJDL,0.2,0.5525644734978038,0.15555555555555556
6469,1.0,2024-01-05,signup,6,True,EMGJMRXOPJ,0.3333333333333333,0.5561903703994554,0.2
6471,1.0,2024-01-07,signup,9,False,LGURQKAIHQ,0.2,0.4696501428187615,0.13333333333333333
6474,1.0,2024-01-25,signup,7,False,UMDCYHOPAG,0.2,0.7342563081412833,0.4222222222222223
6476,1.0,2024-01-02,signup,8,False,CUQBDWZXOU,0.13333333333333333,0.39173419403000864,0.22222222222222224
6480,1.0,2024-01-16,signup,5,True,USLSSFIDYW,0.4666666666666667,0.5953339080404542,0.2888888888888889
6484,0.0,2024-01-31,signup,4,True,GANOKZUHJA,0.4,0.6132416839718758,0.04444444444444444
6488,0.0,2024-01-07,signup,6,True,LKFPYQHWKE,0.3333333333333333,0.5958444258940757,0.1111111111111111
6491,0.0,2024-01-27,signup,8,True,OFVXYJDAUD,0.5333333333333333,0.8186158690276196,0.0
6493,0.0,2024-01-24,signup,9,False,WKRULOAIHM,0.2,0.3729278771246326,0.2888888888888889
6505,1.0,2024-01-06,signup,4,False,QGEKVMJCWK,0.13333333333333333,0.6942397200833662,0.33333333333333337
6508,1.0,2024-01-16,signup,3,False,QQCETARZIQ,0.4666666666666667,0.4803764587807585,0.2666666666666667
6515,0.0,2024-01-23,signup,4,True,VXSNARFIXG,0.6666666666666666,0.548550549913635,0.0
6528,0.0,2024-01-18,signup,2,True,SCHGLZATBF,0.26666666666666666,0.47875455316859095,0.04444444444444444
6529,1.0,2024-01-03,signup,5,True,EFTDSEOKSB,0.4666666666666667,0.3712072890536574,0.15555555555555556
6531,1.0,2024-01-01,signup,1,False,CLYLQBATJZ,0.4666666666666667,0.5097129936230177,0.17777777777777778
6535,0.0,2024-01-19,signup,6,True,AQFDMJSFVI,0.6666666666666666,0.40151398499029767,0.2666666666666667
6537,1.0,2024-01-27,signup,4,False,INRLJGMVKR,0.4,0.4191962043360532,0.15555555555555556
6541,1.0,2024-01-09,signup,1,False,FSUWRNZQET,0.4,0.3753264681410421,0.24444444444444444
6543,0.0,2024-01-21,signup,9,False,YWYFUPYJSW,0.5333333333333333,0.6195100518729696,0.15555555555555556
6544,0.0,2024-01-28,signup,3,False,MCHXWWNLBG,0.13333333333333333,0.4187358009679044,0.04444444444444444
6550,0.0,2024-01-20,signup,4,False,CRJUHNYWZX,0.3333333333333333,0.42740234590565185,0.04444444444444444
6556,0.0,2024-01-10,signup,6,True,NNYQZYJJII,0.26666666666666666,0.6231886459899382,0.022222222222222223
6560,0.0,2024-01-30,signup,5,False,WFGDMSXQSI,0.26666666666666666,0.2615161604855344,0.08888888888888889
6562,0.0,2024-01-19,signup,5,False,TJQXUVZUMH,0.4666666666666667,0.35298594258564664,0.04444444444444444
6567,1.0,2024-01-31,signup,8,False,DZLHVYHQGM,0.4666666666666667,0.5844948810220866,0.8222222222222222
6571,0.0,2024-01-15,signup,9,False,BQZHIBAFJM,0.13333333333333333,0.49639694986524374,0.33333333333333337
6572,0.0,2024-01-20,signup,4,True,UCGXNIIXVR,0.26666666666666666,0.5640415789503178,0.0
6575,1.0,2024-01-15,signup,9,True,LCIDXYHHHT,0.3333333333333333,0.376905754931126,0.13333333333333333
6579,1.0,2024-01-26,signup,5,True,KXIHQYHQLZ,0.3333333333333333,0.5027722949690044,0.2888888888888889
6581,1.0,2024-01-02,signup,7,True,LWAWRRGLCS,0.4666666666666667,0.4666466281258369,0.35555555555555557
6588,0.0,2024-01-18,signup,8,True,PBDQUMITWZ,0.3333333333333333,0.6164968081090819,0.0
6591,0.0,2024-01-22,signup,6,True,IGETTWYIRY,0.26666666666666666,0.3729206231308452,0.15555555555555556
6601,1.0,2024-01-30,signup,9,True,ZPXBRFKZAU,0.2,0.5732105120555048,0.4
6603,1.0,2024-01-15,signup,7,False,CCGKXELDPQ,0.26666666666666666,0.38710838728840835,0.5555555555555556
6606,0.0,2024-01-14,signup,2,True,DFZUECACTO,0.2,0.5373922712499254,0.13333333333333333
6610,1.0,2024-01-21,signup,6,True,FYPWIEXLCD,0.2,0.5508639725808616,0.4222222222222223
6617,0.0,2024-01-17,signup,2,True,CMRSEYDUVF,0.6666666666666666,0.57163410635327,0.04444444444444444
6619,1.0,2024-01-16,signup,5,True,KCYDWELOJY,0.26666666666666666,0.49659246270870094,0.2666666666666667
6621,0.0,2024-01-11,signup,8,True,BEALQNRXTS,0.26666666666666666,0.4820142259968173,0.04444444444444444
6624,1.0,2024-01-03,signup,9,True,FDBMYCWQUE,0.26666666666666666,0.37666897023440515,0.33333333333333337
6625,0.0,2024-01-19,signup,2,True,NEDMZJFCLZ,0.8,0.5325546017708197,0.0
6626,1.0,2024-01-14,signup,5,True,AWVYJVIBSP,0.13333333333333333,0.6905868292392624,0.17777777777777778
6633,1.0,2024-01-11,signup,7,True,NZTFABLKKB,0.3333333333333333,0.6108939332566655,0.08888888888888889
6634,1.0,2024-01-19,signup,1,False,GLJNYXWPMV,0.2,0.676027971186789,0.2
6636,1.0,2024-01-16,signup,4,False,VZRGXAPEEP,0.26666666666666666,0.37942584703656934,0.22222222222222224
6644,0.0,2024-01-16,signup,6,False,OQWANYBROU,0.13333333333333333,0.695442810393664,0.1111111111111111
6646,1.0,2024-01-22,signup,7,True,IVOEUNRTDE,0.26666666666666666,0.6873279031718528,0.1111111111111111
6647,1.0,2024-01-06,signup,2,True,YIHOQTHTKQ,0.3333333333333333,0.5330316698693317,0.4
6648,1.0,2024-01-07,signup,4,False,OXZGFJMURX,0.2,0.5268949240897484,0.08888888888888889
6649,1.0,2024-01-14,signup,4,False,YPILOFTZHH,0.2,0.6124185995577253,0.31111111111111117
6651,1.0,2024-01-12,signup,2,True,USSMVNOYXN,0.3333333333333333,0.6825386303079474,0.2
6652,0.0,2024-01-14,signup,7,False,TQWGKPRCQH,0.4,0.5986333546001427,0.0
6656,0.0,2024-01-22,signup,5,False,ZATHTDYYDU,0.5333333333333333,0.6650464767053025,0.1111111111111111
6657,0.0,2024-01-23,signup,2,False,FOMNAHUVZK,0.5333333333333333,0.5585785910821554,0.022222222222222223
6668,0.0,2024-01-03,signup,1,True,CTXZCNDXGX,0.8666666666666667,0.6595535531710536,0.0
6671,1.0,2024-01-16,signup,5,False,FIQMPANKNJ,0.06666666666666667,0.6280056193722398,0.488888888888889
6674,0.0,2024-01-14,signup,7,True,LUNQHYLFUU,0.3333333333333333,0.6127959663448438,0.04444444444444444
6680,1.0,2024-01-02,signup,9,True,PJEDQGKWZF,0.3333333333333333,0.6502889225785048,0.4444444444444445
6685,0.0,2024-01-15,signup,7,True,WDGHCJOPHW,0.26666666666666666,0.5928352794343187,0.0
6691,0.0,2024-01-16,signup,2,False,TETASKGNVG,0.26666666666666666,0.5817522529059994,0.17777777777777778
6692,1.0,2024-01-26,signup,7,False,QZJAJHNUWQ,0.2,0.6485314936734846,0.31111111111111117
6694,1.0,2024-01-17,signup,1,True,PPVOWYWSIG,0.4,0.3358584362477316,0.33333333333333337
6699,0.0,2024-01-25,signup,2,False,PRZNTZTTNI,0.2,0.3578117205242951,0.1111111111111111
6700,1.0,2024-01-20,signup,6,True,RSCAJEQHJX,0.2,0.5566277461375108,0.15555555555555556
6702,0.0,2024-01-27,signup,8,True,DSCGRUHWNR,0.13333333333333333,0.34479963769114874,0.06666666666666667
6707,1.0,2024-01-27,signup,5,False,TUVUXRLMJS,0.4,0.7440132431420067,0.15555555555555556
6709,1.0,2024-01-31,signup,6,True,KAQBENMQBO,0.3333333333333333,0.5832480216346988,0.35555555555555557
6715,0.0,2024-01-29,signup,1,True,DLAGTTYUOP,0.26666666666666666,0.7294938221650972,0.1111111111111111
6718,0.0,2024-01-09,signup,4,False,HAPEKPSQAS,0.2,0.37527411838564906,0.15555555555555556
6721,0.0,2024-01-30,signup,3,True,HZJCMQWKYD,0.4,0.7445197658857362,0.22222222222222224
6731,0.0,2024-01-25,signup,4,True,DSNRRRQTUO,0.5333333333333333,0.47596401449746406,0.022222222222222223
6738,0.0,2024-01-13,signup,2,True,DOKUSCZWXZ,0.2,0.4024094350943882,0.022222222222222223
6739,1.0,2024-01-15,signup,7,True,SZHFWWYORF,0.3333333333333333,0.6698653051103126,0.08888888888888889
6740,0.0,2024-01-16,signup,3,True,IOZDGWIBNR,0.5333333333333333,0.5724741511110244,0.022222222222222223
6744,0.0,2024-01-01,signup,9,False,PSDJIXBALN,0.3333333333333333,0.5933856411158583,0.0
6747,0.0,2024-01-18,signup,9,False,EFIUSACWPD,0.26666666666666666,0.4703368584388651,0.15555555555555556
6749,0.0,2024-01-16,signup,8,True,XFJNKMTNVK,0.6,0.500734094247203,0.1111111111111111
6750,0.0,2024-01-01,signup,3,False,ZMYOICKKJG,0.2,0.843004234831659,0.022222222222222223
6751,1.0,2024-01-27,signup,4,False,LKJDVRQUWK,0.26666666666666666,0.45753680771626903,0.06666666666666667
6756,1.0,2024-01-25,signup,6,False,LZRULEDIAM,0.2,0.22750954364907494,0.2
6761,0.0,2024-01-22,signup,9,True,UGHKKMOKNV,0.26666666666666666,0.47941126457672867,0.31111111111111117
6762,0.0,2024-01-23,signup,5,False,LOVMYISAAY,0.2,0.5957764959192541,0.022222222222222223
6765,1.0,2024-01-27,signup,9,True,BMBYXDIGRM,0.06666666666666667,0.5574058971647317,0.4444444444444445
6769,0.0,2024-01-04,signup,6,False,ADFDXVYUVU,0.4666666666666667,0.4888992408274361,0.13333333333333333
6773,0.0,2024-01-13,signup,8,False,JPCQXFDVJJ,0.4,0.5588980010039789,0.06666666666666667
6775,0.0,2024-01-13,signup,8,True,PPZTNMTDIP,0.2,0.2695203885279517,0.08888888888888889
6776,1.0,2024-01-04,signup,8,False,WDYRTNFZQW,0.4666666666666667,0.42561095493571244,0.3777777777777778
6793,0.0,2024-01-27,signup,2,False,FHXAOMNNSA,0.13333333333333333,0.44572868124977594,0.1111111111111111
6805,1.0,2024-01-27,signup,2,True,QXRTFOFZAT,0.3333333333333333,0.6638674548834614,0.3777777777777778
6806,1.0,2024-01-03,signup,3,True,OUUOCPMRVD,0.3333333333333333,0.6340019359386676,0.2888888888888889
6810,1.0,2024-01-01,signup,7,True,AIGRJOYFEM,0.4666666666666667,0.4297056739684172,0.22222222222222224
6811,0.0,2024-01-17,signup,2,False,BTJKEVSCSH,0.4,0.2209465564268397,0.2666666666666667
6813,1.0,2024-01-26,signup,2,False,RVBQTRKGXL,0.4666666666666667,0.31136062679129506,0.17777777777777778
6814,0.0,2024-01-13,signup,4,False,ZEFCXZTLLU,0.26666666666666666,0.3924552169773675,0.08888888888888889
6815,0.0,2024-01-14,signup,8,True,GBNFFMATUK,0.2,0.6016916338905004,0.04444444444444444
6816,0.0,2024-01-01,signup,9,False,UXBAWFBGUO,0.4,0.5698944005791758,0.13333333333333333
6821,1.0,2024-01-24,signup,8,False,ORTICMOWEC,0.4666666666666667,0.3097020197994179,0.33333333333333337
6827,0.0,2024-01-05,signup,3,True,BCDUZLIKWP,0.7333333333333333,0.418305459518315,0.0
6828,1.0,2024-01-09,signup,5,True,EMUZKNKLJV,0.3333333333333333,0.13286712925843513,0.22222222222222224
6833,1.0,2024-01-19,signup,6,True,MKMEFFWXUB,0.2,0.5674846898120668,0.4444444444444445
6840,1.0,2024-01-08,signup,9,True,AEDBKAEPDM,0.4,0.47052185830681725,0.4444444444444445
6846,0.0,2024-01-12,signup,6,True,NAGRTDWBYF,0.4666666666666667,0.5926553920214727,0.31111111111111117
6852,1.0,2024-01-06,signup,2,False,FUAJGVDDJF,0.4,0.30031193002069834,0.2888888888888889
6855,0.0,2024-01-06,signup,4,True,SZPJDWZFKB,0.2,0.5177750480260875,0.13333333333333333
6860,0.0,2024-01-27,signup,6,True,IFLXJVNNDX,0.4,0.46433472174091384,0.24444444444444444
6870,1.0,2024-01-09,signup,9,True,DFESMERZAY,0.6666666666666666,0.4904630128955897,0.2
6881,0.0,2024-01-20,signup,8,True,GLCVYQSZVP,0.26666666666666666,0.49940755506635315,0.17777777777777778
6885,1.0,2024-01-13,signup,3,False,GXFLOWQZBT,0.2,0.5457188434814159,0.13333333333333333
6888,0.0,2024-01-27,signup,6,False,None,0.13333333333333333,0.7984802637025664,0.0
6892,1.0,2024-01-29,signup,9,False,GKNVETDHBJ,0.13333333333333333,0.6804384698301712,0.46666666666666673
6902,0.0,2024-01-29,signup,7,True,XWLQHERGPM,0.13333333333333333,0.493837928736211,0.06666666666666667
6903,1.0,2024-01-21,signup,2,True,UCAMJOSRRK,0.2,0.519174102071091,0.2666666666666667
6905,0.0,2024-01-02,signup,5,True,SBSBLVPGUR,0.2,0.3459945095176794,0.04444444444444444
6910,0.0,2024-01-24,signup,5,True,YUORVWJVOA,0.4666666666666667,0.5624761523689196,0.15555555555555556
6914,0.0,2024-01-10,signup,4,True,HLFVQGPPIO,0.2,0.46320438890107096,0.08888888888888889
6916,0.0,2024-01-18,signup,3,False,ESRCENFMSB,0.4666666666666667,0.5781906561693525,0.06666666666666667
6917,1.0,2024-01-04,signup,6,True,AXPCPYENRC,0.4,0.6026974259913879,0.31111111111111117
6920,1.0,2024-01-20,signup,5,True,XTAQSUSRGI,0.6,0.41255314351259365,0.13333333333333333
6926,0.0,2024-01-18,signup,2,False,JCIEDKMCHM,0.3333333333333333,0.543079778476596,0.17777777777777778
6928,1.0,2024-01-01,signup,7,False,STERGDNWXV,0.2,0.41989289183941503,0.08888888888888889
6931,0.0,2024-01-18,signup,8,False,TFHYNUQNMZ,0.5333333333333333,0.5694375959714982,0.17777777777777778
6934,1.0,2024-01-20,signup,4,True,NEOQRZUJZS,0.4666666666666667,0.5738764217508244,0.15555555555555556
6939,0.0,2024-01-31,signup,2,True,NKNUJUAYFZ,0.26666666666666666,0.5255256656508233,0.0
6940,1.0,2024-01-06,signup,7,True,HBNCLHZWAK,0.26666666666666666,0.3857618501081962,0.15555555555555556
6950,1.0,2024-01-01,signup,3,True,JNFVVLCELY,0.3333333333333333,0.7240763519373606,0.24444444444444444
6951,0.0,2024-01-06,signup,5,True,DCJFAVZEWB,0.26666666666666666,0.25076741161238936,0.06666666666666667
6955,0.0,2024-01-19,signup,8,True,XPGTJYVEWP,0.2,0.6514596659387485,0.04444444444444444
6956,1.0,2024-01-04,signup,4,True,YQRFAFTASN,0.2,0.44424243047120837,0.08888888888888889
6965,0.0,2024-01-10,signup,6,False,QPEGZHZCVI,0.3333333333333333,0.4275304163813206,0.2
6970,0.0,2024-01-13,signup,2,False,HFJZPDTZWW,0.4,0.8712812794229307,0.08888888888888889
6972,0.0,2024-01-12,signup,7,True,ZVEGTAWNMX,0.4666666666666667,0.7350472377687661,0.17777777777777778
6976,1.0,2024-01-03,signup,9,False,PVXORSHXIU,0.26666666666666666,0.7300536535474106,0.33333333333333337
6983,1.0,2024-01-21,signup,5,False,JIFNPWEUUD,0.2,0.6535392574363524,0.06666666666666667
6985,0.0,2024-01-25,signup,3,True,GWQWPDNRCH,0.3333333333333333,0.3960192639820522,0.08888888888888889
6987,0.0,2024-01-02,signup,4,False,WIXYEDDWFR,0.3333333333333333,0.8258521201705714,0.17777777777777778
6990,1.0,2024-01-16,signup,4,False,CKSBLSAACM,0.5333333333333333,0.4051856850488945,0.2666666666666667
6993,0.0,2024-01-21,signup,4,False,ACFSSZZNVZ,0.26666666666666666,0.586622181106441,0.15555555555555556
6995,1.0,2024-01-03,signup,7,True,KVTBLIRNVO,0.26666666666666666,0.5421197127783147,0.08888888888888889
6998,0.0,2024-01-18,signup,3,False,KXXBSWRRSA,0.3333333333333333,0.46303116715822557,0.022222222222222223
7015,1.0,2024-01-01,signup,2,True,IWUTSXBYKH,0.4,0.39223003094356923,0.2
7016,0.0,2024-01-28,signup,1,True,DIHYBREBOI,0.5333333333333333,0.38441224176986377,0.2888888888888889
7020,1.0,2024-01-26,signup,6,False,DXDGZUZKUR,0.4,0.5034409495287157,0.1111111111111111
7030,1.0,2024-01-13,signup,4,True,BSLYHDQMIT,0.2,0.6208019236816892,0.2666666666666667
7033,1.0,2024-01-10,signup,9,False,XVJVIBCAZY,0.3333333333333333,0.7148189429177939,0.22222222222222224
7039,1.0,2024-01-05,signup,6,False,TYXRBZNXNE,0.3333333333333333,0.6055805976195879,0.22222222222222224
7040,1.0,2024-01-12,signup,8,False,BQFYBZYOKG,0.3333333333333333,0.7984667716936474,0.2888888888888889
7047,0.0,2024-01-27,signup,4,True,WRNDDIOMVG,0.2,0.32616317662911853,0.022222222222222223
7048,0.0,2024-01-22,signup,7,True,MWJYTIJKNT,0.4,0.5849283330827212,0.0
7051,1.0,2024-01-20,signup,2,False,MWVFZVLZZI,0.26666666666666666,0.4948074610955381,0.4
7052,1.0,2024-01-26,signup,8,False,IULXBBCTSL,0.4,0.5557666191105922,0.13333333333333333
7053,0.0,2024-01-16,signup,4,True,EZEYLMMXVJ,0.2,0.6484251645962203,0.08888888888888889
7055,0.0,2024-01-13,signup,1,True,NSEVIOMPNX,0.26666666666666666,0.5532473303598137,0.2666666666666667
7057,0.0,2024-01-23,signup,3,True,ILIGJWOISW,0.13333333333333333,0.509363474646121,0.0
7059,1.0,2024-01-05,signup,4,True,IGRACZTRUE,0.13333333333333333,0.506919478595934,0.2666666666666667
7068,0.0,2024-01-06,signup,9,False,LXBNGUBETM,0.3333333333333333,0.5297409004066361,0.04444444444444444
7071,0.0,2024-01-23,signup,3,True,ZLTGMPFZUV,0.2,0.655284058511692,0.022222222222222223
7072,1.0,2024-01-17,signup,3,True,KEAXYUFTQA,0.26666666666666666,0.49815881109790106,0.2888888888888889
7075,0.0,2024-01-29,signup,8,True,XWQWCHEPGD,0.26666666666666666,0.37513333802428905,0.4444444444444445
7078,1.0,2024-01-22,signup,7,False,TFFIBPOIUW,0.3333333333333333,0.4985417614616473,0.31111111111111117
7085,0.0,2024-01-14,signup,1,True,XXHJUVIGCR,0.13333333333333333,0.55223859018979,0.5777777777777777
7094,0.0,2024-01-28,signup,5,True,MBWGJGUXWE,0.0,0.3734747303821896,0.1111111111111111
7096,1.0,2024-01-10,signup,3,False,SAUNAWXLAO,0.3333333333333333,0.38135051862357516,0.2
7100,0.0,2024-01-03,signup,3,True,LMVSUQADIL,0.3333333333333333,0.4249839379751762,0.08888888888888889
7103,1.0,2024-01-07,signup,6,False,SUUTOJQNYX,0.3333333333333333,0.5133962945098994,0.13333333333333333
7109,0.0,2024-01-04,signup,5,False,HALZQIJHBT,0.4,0.7005805945574745,0.0
7111,1.0,2024-01-02,signup,5,True,ANYOCIVWDQ,0.26666666666666666,0.19111395448358148,0.3777777777777778
7119,1.0,2024-01-15,signup,1,True,PASRZKCAZH,0.26666666666666666,0.2423831507490587,0.33333333333333337
7124,0.0,2024-01-30,signup,6,False,FAARBAEYRU,0.3333333333333333,0.5905606404667659,0.04444444444444444
7125,0.0,2024-01-01,signup,5,False,DWJQWZYQSK,0.4,0.5492295349117989,0.1111111111111111
7127,0.0,2024-01-14,signup,1,False,HSXEYVBBHI,0.06666666666666667,0.6764514527987505,0.06666666666666667
7130,0.0,2024-01-23,signup,8,True,ITBKUVTUOL,0.26666666666666666,0.4608000078401161,0.0
7138,1.0,2024-01-17,signup,1,False,SIEAGSEHEF,0.13333333333333333,0.4436399111829291,0.2666666666666667
7142,1.0,2024-01-31,signup,5,True,UROXWOUFBL,0.06666666666666667,0.4406395518894691,0.2888888888888889
7143,0.0,2024-01-06,signup,1,True,FYZBTGWHBW,0.4,0.3374631448815225,0.022222222222222223
7145,1.0,2024-01-02,signup,7,False,LUWHUOPKXR,0.26666666666666666,0.6763364060074363,0.4
7149,1.0,2024-01-06,signup,6,False,LBHXADFVWZ,0.13333333333333333,0.40778983642837396,0.2
7162,1.0,2024-01-22,signup,9,False,RFKCWKYIAC,0.4,0.46042866989603104,0.4444444444444445
7163,1.0,2024-01-02,signup,9,True,SNMSATHWVR,0.13333333333333333,0.2905542050386033,0.08888888888888889
7165,0.0,2024-01-16,signup,2,False,CEPCYMALNL,0.5333333333333333,0.4428063004888715,0.04444444444444444
7168,0.0,2024-01-24,signup,2,False,AQNYIPNNJA,0.2,0.5677498094596652,0.04444444444444444
7169,0.0,2024-01-04,signup,8,True,DEIHQQKSFJ,0.5333333333333333,0.5485973424338427,0.04444444444444444
7174,0.0,2024-01-16,signup,8,False,NDEBZTPSSU,0.26666666666666666,0.28111771389543627,0.0
7175,0.0,2024-01-04,signup,3,True,ARBQLFMROQ,0.4,0.6038431130014678,0.06666666666666667
7180,0.0,2024-01-28,signup,5,True,VIIBIKIXLL,0.13333333333333333,0.7575294231260458,0.022222222222222223
7182,1.0,2024-01-02,signup,3,False,LPEUSIEUFA,0.4,0.6660115927908569,0.22222222222222224
7197,1.0,2024-01-11,signup,3,False,PNYZQYQCJW,0.6,0.4368970272848697,0.35555555555555557
7213,1.0,2024-01-21,signup,7,True,UZIDJUEORE,0.3333333333333333,0.433491953688688,0.17777777777777778
7215,1.0,2024-01-28,signup,9,True,SBJDEYMALZ,0.4666666666666667,0.39354464942491096,0.2
7219,1.0,2024-01-18,signup,4,True,FDHTHYCCNN,0.5333333333333333,0.5718467934306969,0.5333333333333333
7230,0.0,2024-01-09,signup,7,False,TUIBXHWESG,0.26666666666666666,0.7252234602740811,0.06666666666666667
7233,1.0,2024-01-03,signup,8,False,UWVNBAHBLJ,0.13333333333333333,0.44829187570375006,0.24444444444444444
7234,0.0,2024-01-02,signup,7,False,AJPXNEYHEH,0.5333333333333333,0.3630717654377339,0.33333333333333337
7235,0.0,2024-01-06,signup,8,False,KDNQMBUTXR,0.4666666666666667,0.4728989025005005,0.0
7240,1.0,2024-01-19,signup,4,True,MKSZSFHRSX,0.3333333333333333,0.4909184315795755,0.3777777777777778
7244,0.0,2024-01-12,signup,2,True,IIALMAJUOU,0.4666666666666667,0.6041966702590279,0.04444444444444444
7250,1.0,2024-01-05,signup,9,True,SMKLJTDRID,0.4666666666666667,0.2246142490481441,0.22222222222222224
7251,1.0,2024-01-27,signup,1,True,ZDCPFRDOKN,0.4,0.34258918797144544,0.4
7254,0.0,2024-01-06,signup,5,True,DPMGZUQRTD,0.4666666666666667,0.4886049097791475,0.04444444444444444
7257,0.0,2024-01-21,signup,6,True,MVLUAFBFWS,0.4666666666666667,0.4912097018445375,0.13333333333333333
7258,1.0,2024-01-10,signup,2,False,OBHAIGPEOC,0.3333333333333333,0.5898964735350264,0.35555555555555557
7259,0.0,2024-01-04,signup,1,True,VRZLTAZKAD,0.2,0.7169171177740022,0.17777777777777778
7261,0.0,2024-01-12,signup,7,False,ZJXMJEWLYX,0.26666666666666666,0.19461589398822776,0.0
7262,1.0,2024-01-10,signup,8,False,WAWRWRJXVS,0.26666666666666666,0.5415079030253637,0.2888888888888889
7264,1.0,2024-01-14,signup,6,False,FNRHBTFPRS,0.26666666666666666,0.7180907763874941,0.4
7265,0.0,2024-01-05,signup,3,True,KENSBQFTIE,0.3333333333333333,0.6016685926503521,0.022222222222222223
7266,0.0,2024-01-01,signup,4,True,DTUFAVWZCM,0.13333333333333333,0.5257073838741396,0.06666666666666667
7269,0.0,2024-01-31,signup,7,True,IDQAVCIYYV,0.2,0.3432467731219654,0.06666666666666667
7274,0.0,2024-01-29,signup,6,False,KSDUPSVPAK,0.6,0.7377328282928365,0.1111111111111111
7279,1.0,2024-01-10,signup,8,True,UNPRBSVZIH,0.5333333333333333,0.47389719081228654,0.31111111111111117
7280,1.0,2024-01-15,signup,4,True,BIGXSVKKAE,0.13333333333333333,0.7458330925868281,0.1111111111111111
7284,0.0,2024-01-22,signup,4,True,ZQFNXUWBEY,0.26666666666666666,0.8734612549681785,0.13333333333333333
7290,1.0,2024-01-25,signup,6,False,XFPFTLIJIK,0.26666666666666666,0.3868142996682292,0.4
7291,0.0,2024-01-13,signup,8,False,SWTVRGRDVV,0.4,0.5490753164248044,0.17777777777777778
7298,0.0,2024-01-07,signup,5,False,MOWNTOZZBK,0.3333333333333333,0.4641967815270246,0.022222222222222223
7302,0.0,2024-01-30,signup,6,True,RJGFIJJORJ,0.4666666666666667,0.5644968188640019,0.08888888888888889
7319,1.0,2024-01-10,signup,6,True,VXIBXYIHMJ,0.4666666666666667,0.6081861916185892,0.2666666666666667
7322,0.0,2024-01-04,signup,1,True,YKMNKMEOBP,0.3333333333333333,0.650398205341853,0.1111111111111111
7328,0.0,2024-01-29,signup,7,False,RWOFRQNNBJ,0.13333333333333333,0.34784631127449905,0.17777777777777778
7334,0.0,2024-01-23,signup,8,False,CGWEZDOGPJ,0.26666666666666666,0.24909908111455048,0.022222222222222223
7348,1.0,2024-01-20,signup,5,False,UZNAINNFPP,0.3333333333333333,0.6382012392899811,0.17777777777777778
7351,0.0,2024-01-01,signup,8,True,PHMALOZIIS,0.3333333333333333,0.43509393372433613,0.08888888888888889
7352,0.0,2024-01-13,signup,8,False,DSRGYUFDMS,0.5333333333333333,0.32778996649151526,0.022222222222222223
7358,0.0,2024-01-19,signup,5,True,ZWECTJNDKB,0.6,0.3889159872593785,0.022222222222222223
7361,0.0,2024-01-13,signup,2,False,HPROWHSFYX,0.13333333333333333,0.5250568574796893,0.022222222222222223
7368,0.0,2024-01-10,signup,4,False,HSJRAWICYC,0.6,0.355579962489163,0.06666666666666667
7370,1.0,2024-01-07,signup,2,False,ZEZZRTESNQ,0.4666666666666667,0.4302488787589286,0.13333333333333333
7372,0.0,2024-01-24,signup,8,False,SOKUKSZQWS,0.4666666666666667,0.42709250333394466,0.08888888888888889
7375,0.0,2024-01-03,signup,9,False,FLSFFRVWWD,0.4,0.5548518953698484,0.04444444444444444
7380,0.0,2024-01-03,signup,8,True,None,0.4,0.4763392994193866,0.15555555555555556
7383,1.0,2024-01-08,signup,6,False,XXKQHJPKHX,0.26666666666666666,0.6455277248115162,0.2888888888888889
7388,0.0,2024-01-25,signup,5,True,OBXQXDODSO,0.6666666666666666,0.4615803829174211,0.04444444444444444
7389,0.0,2024-01-11,signup,9,False,RJOAMEFMOW,0.6666666666666666,0.462084305579998,0.2666666666666667
7396,0.0,2024-01-18,signup,1,False,KNBSXRFBYU,0.4,0.39390458076731927,0.04444444444444444
7399,0.0,2024-01-12,signup,7,True,EAPRCDTQJP,0.5333333333333333,0.5255535693989409,0.2888888888888889
7400,0.0,2024-01-04,signup,5,True,WLNKLAEIGK,0.13333333333333333,0.9424653963867452,0.022222222222222223
7401,1.0,2024-01-15,signup,5,True,WVMSKCJYLN,0.26666666666666666,0.5450647311471125,0.3777777777777778
7402,1.0,2024-01-11,signup,8,True,NLAOLZQCEC,0.6,0.40009391724633014,0.06666666666666667
7404,0.0,2024-01-19,signup,7,False,DEEEWCFWJZ,0.26666666666666666,0.3564001943193279,0.0
7411,0.0,2024-01-25,signup,2,False,TZGROQOJPY,0.2,0.5848089575091021,0.3777777777777778
7412,0.0,2024-01-14,signup,7,True,CZXUXVUJEL,0.4,0.3063890388009064,0.1111111111111111
7421,1.0,2024-01-09,signup,6,False,STRLZPAQID,0.3333333333333333,0.34887317504309145,0.4
7422,0.0,2024-01-11,signup,1,True,FWAMCNBFWK,0.26666666666666666,0.6862599259705574,0.17777777777777778
7432,0.0,2024-01-21,signup,6,False,MKPPMFDIXA,0.5333333333333333,0.5824518236682997,0.0
7440,1.0,2024-01-06,signup,5,True,RCIHOEOPCF,0.26666666666666666,0.7303376543314525,0.6666666666666666
7452,0.0,2024-01-20,signup,8,True,DJCUUWTCOT,0.4,0.6584866840993456,0.0
7456,1.0,2024-01-06,signup,2,True,UKTRNUYUTW,0.3333333333333333,0.6223537368990558,0.17777777777777778
7465,0.0,2024-01-10,signup,5,False,LWZIMHYSKP,0.3333333333333333,0.5739669289606365,0.04444444444444444
7466,1.0,2024-01-15,signup,2,True,GSNQUUFPWA,0.2,0.5987534280690011,0.2
7473,1.0,2024-01-05,signup,3,True,SGXJCKRHAX,0.3333333333333333,0.6775696456069334,0.2666666666666667
7479,0.0,2024-01-01,signup,7,False,VDUODCFMKI,0.6666666666666666,0.37245285552507046,0.1111111111111111
7480,0.0,2024-01-21,signup,1,True,UCQYAPQFYU,0.2,0.5751375372522406,0.08888888888888889
7481,0.0,2024-01-01,signup,5,False,JVXMSSXWVN,0.2,0.4330415023763404,0.022222222222222223
7482,0.0,2024-01-12,signup,1,False,DPBBOHDAWE,0.5333333333333333,0.6830475542527769,0.1111111111111111
7490,0.0,2024-01-02,signup,4,False,LCVLCZZZJU,0.2,0.5574594381923904,0.0
7491,0.0,2024-01-15,signup,9,False,XDCOHUXDBS,0.3333333333333333,0.3940098677149936,0.022222222222222223
7494,1.0,2024-01-20,signup,8,True,AIZFXXNYVF,0.13333333333333333,0.5648735198649831,0.35555555555555557
7498,0.0,2024-01-08,signup,6,False,PXHLYWVNZJ,0.2,0.7016608220330641,0.08888888888888889
7500,1.0,2024-01-10,signup,1,True,ATQPRIAYRB,0.26666666666666666,0.4572407116766678,0.17777777777777778
7505,1.0,2024-01-09,signup,2,False,BICMLSSZCV,0.3333333333333333,0.6999180954392802,0.5111111111111111
7506,0.0,2024-01-09,signup,3,False,MOMOGJLAHZ,0.4,0.4027688107618289,0.0
7518,1.0,2024-01-04,signup,8,False,QAZYCBGWDA,0.6,0.5225458735664751,0.488888888888889
7521,1.0,2024-01-06,signup,9,False,LWCELTGQJP,0.4666666666666667,0.32782556694315457,0.15555555555555556
7523,1.0,2024-01-09,signup,1,True,VCYZMNQFYN,0.4666666666666667,0.724721930914206,0.4222222222222223
7526,1.0,2024-01-21,signup,3,True,THDKDGHOWS,0.4,0.33875186206604735,0.24444444444444444
7528,1.0,2024-01-06,signup,6,False,DUWNGHGQSG,0.3333333333333333,0.5103159912248975,0.15555555555555556
7531,0.0,2024-01-25,signup,9,False,TOMUWSDIYR,0.4,0.49148920024139253,0.1111111111111111
7533,1.0,2024-01-22,signup,7,True,QSPBPZMUQD,0.6,0.5947075812352686,0.1111111111111111
7541,0.0,2024-01-28,signup,1,True,WNNOQOCXTZ,0.3333333333333333,0.6504478755023614,0.08888888888888889
7542,1.0,2024-01-03,signup,9,True,VZSJBBWGJT,0.3333333333333333,0.6160254803195527,0.35555555555555557
7545,0.0,2024-01-02,signup,9,False,QIBFEUIKDW,0.2,0.6548195958584141,0.022222222222222223
7552,1.0,2024-01-20,signup,1,True,ZNETCSGERB,0.3333333333333333,0.47416980006854403,0.17777777777777778
7557,1.0,2024-01-31,signup,1,False,BFZWUUEYBN,0.3333333333333333,0.6134196870896306,0.2666666666666667
7559,1.0,2024-01-26,signup,3,True,KVHKRDJGQS,0.5333333333333333,0.42593922084391134,0.22222222222222224
7562,0.0,2024-01-28,signup,1,False,KQIKJUVEPH,0.3333333333333333,0.5211942952215732,0.3777777777777778
7570,0.0,2024-01-01,signup,3,True,YESNTPBGXL,0.2,0.5510667351592374,0.3777777777777778
7576,1.0,2024-01-22,signup,6,True,DSCDRRPAWG,0.06666666666666667,0.742232320406314,0.17777777777777778
7577,1.0,2024-01-20,signup,9,False,NSKFJJJYWD,0.3333333333333333,0.6800076173643491,0.488888888888889
7590,0.0,2024-01-17,signup,8,False,GNNGOXCAPG,0.5333333333333333,0.5150207428865173,0.04444444444444444
7591,1.0,2024-01-05,signup,4,True,DWTPUTCLZL,0.3333333333333333,0.42800705215964785,0.4
7597,0.0,2024-01-25,signup,6,True,QMMTQJOXIN,0.3333333333333333,0.5957687328514055,0.04444444444444444
7621,1.0,2024-01-26,signup,8,True,MGKJJBXSDR,0.26666666666666666,0.5440507563169991,0.08888888888888889
7625,1.0,2024-01-24,signup,6,False,IQSYRVYMXN,0.2,0.38486283865928883,0.5111111111111111
7627,0.0,2024-01-19,signup,9,True,OXDNTIDODS,0.4,0.68101354765167,0.3777777777777778
7628,1.0,2024-01-13,signup,7,True,ERUAFIPKDC,0.3333333333333333,0.48134790835245067,0.2666666666666667
7629,1.0,2024-01-31,signup,6,False,FXOCDEMHDN,0.2,0.4223104446301581,0.1111111111111111
7632,0.0,2024-01-02,signup,8,True,LEMCHINEJH,0.06666666666666667,0.3450198715347649,0.04444444444444444
7648,0.0,2024-01-05,signup,4,True,UWPYDDUWKA,0.3333333333333333,0.5434091416714758,0.04444444444444444
7657,1.0,2024-01-11,signup,9,True,GHBRMUFJZU,0.13333333333333333,0.4477709818341692,0.15555555555555556
7658,0.0,2024-01-04,signup,2,False,XAMBATUBVE,0.4666666666666667,0.43398480893867786,0.04444444444444444
7668,1.0,2024-01-12,signup,9,True,OAHKFNEPLA,0.5333333333333333,0.669016812752702,0.15555555555555556
7675,1.0,2024-01-16,signup,3,False,BVEZRKEXHZ,0.3333333333333333,0.4858233116488023,0.33333333333333337
7679,0.0,2024-01-07,signup,1,True,VOZPKNVDCV,0.3333333333333333,0.5143259125303051,0.0
7680,1.0,2024-01-19,signup,9,False,PUAJKJWCSB,0.4,0.7328503727814589,0.33333333333333337
7690,0.0,2024-01-03,signup,2,False,FFGGNKJORY,0.26666666666666666,0.19478800652217976,0.08888888888888889
7695,1.0,2024-01-07,signup,5,True,MNIWAGGAWT,0.26666666666666666,0.67298847697578,0.31111111111111117
7703,0.0,2024-01-30,signup,6,False,JCZLVQQKEW,0.26666666666666666,0.4823211654049643,0.022222222222222223
7706,1.0,2024-01-16,signup,7,False,ZJCJSFHRVC,0.3333333333333333,0.09975641243000277,0.2
7711,0.0,2024-01-21,signup,2,False,NJTQROTNPX,0.26666666666666666,0.6255713034218525,0.08888888888888889
7712,0.0,2024-01-26,signup,7,True,ZFKKOJKZLV,0.13333333333333333,0.5823834151581561,0.0
7713,0.0,2024-01-19,signup,9,True,YKEFTGFYKU,0.26666666666666666,0.5224353111145591,0.022222222222222223
7722,0.0,2024-01-27,signup,3,True,MGDUJEJIMW,0.5333333333333333,0.521755256450951,0.04444444444444444
7723,1.0,2024-01-04,signup,5,True,IVVDWUBJSW,0.3333333333333333,0.6082712627044987,0.4
7726,0.0,2024-01-08,signup,9,True,CCBDRTHLBO,0.5333333333333333,0.48760856459690183,0.04444444444444444
7730,1.0,2024-01-06,signup,3,True,ABKNDWRTIM,0.2,0.6423226859051324,0.35555555555555557
7731,0.0,2024-01-23,signup,3,False,PGRDWTZKPC,0.3333333333333333,0.5272268483175077,0.022222222222222223
7738,1.0,2024-01-09,signup,3,False,XJBVYLOZVE,0.2,0.3249342901665472,0.24444444444444444
7747,1.0,2024-01-09,signup,5,False,COPHYJRPQJ,0.8666666666666667,0.4767335525344135,0.2666666666666667
7748,0.0,2024-01-31,signup,5,False,HBNJVOURIO,0.26666666666666666,0.4853262651831626,0.022222222222222223
7753,0.0,2024-01-16,signup,7,True,VBLOZZZWJS,0.2,0.6153885487912455,0.0
7762,0.0,2024-01-24,signup,7,True,RQZZPECAAW,0.3333333333333333,0.565311107541303,0.35555555555555557
7764,1.0,2024-01-31,signup,3,False,MQPXELZJSL,0.4666666666666667,0.563409249144328,0.2888888888888889
7773,0.0,2024-01-29,signup,5,True,ELUKKAXANJ,0.4666666666666667,0.5109718307666283,0.2
7776,0.0,2024-01-01,signup,8,True,YTZNFSAUTJ,0.4,0.5426728686643835,0.04444444444444444
7778,1.0,2024-01-17,signup,6,False,HAVYTCWJGT,0.4666666666666667,0.4154550829885627,0.4222222222222223
7779,1.0,2024-01-22,signup,1,False,VYJOXMHJCS,0.2,0.47935555056406887,0.2
7780,0.0,2024-01-29,signup,5,True,XGWEHOZUWS,0.06666666666666667,0.2894781634349034,0.5111111111111111
7782,1.0,2024-01-17,signup,3,True,BPKYWJAQZH,0.26666666666666666,0.6097048363680088,0.2888888888888889
7786,0.0,2024-01-12,signup,4,True,WGLVBWTJPD,0.26666666666666666,0.5984756684292493,0.0
7790,1.0,2024-01-07,signup,4,False,SHOYEGWUSO,0.3333333333333333,0.5205357941734153,0.33333333333333337
7794,1.0,2024-01-22,signup,5,True,CMRGDHXBOJ,0.13333333333333333,0.3926019060059428,0.31111111111111117
7801,0.0,2024-01-17,signup,3,True,ZZGOQMDFDM,0.2,0.4137570879139255,0.22222222222222224
7805,0.0,2024-01-11,signup,1,True,PMSXUOPSFF,0.26666666666666666,0.8060323631500087,0.08888888888888889
7807,1.0,2024-01-21,signup,8,False,MGXGTIJGZL,0.3333333333333333,0.433494721076226,0.2
7808,0.0,2024-01-01,signup,9,True,OYXHPDUAZT,0.13333333333333333,0.42210310784366445,0.1111111111111111
7810,0.0,2024-01-02,signup,9,False,ETZCZTEYFN,0.26666666666666666,0.5031424869453581,0.15555555555555556
7812,0.0,2024-01-22,signup,3,False,JCRVAOVKNT,0.4666666666666667,0.3734199801694503,0.0
7814,0.0,2024-01-20,signup,8,True,DASPVBQIKK,0.3333333333333333,0.6242899937897802,0.0
7815,1.0,2024-01-01,signup,1,True,DBAFTOJTZS,0.5333333333333333,0.6662336534844867,0.8222222222222222
7816,0.0,2024-01-21,signup,4,False,TDEPBBPPHX,0.6666666666666666,0.6134774280824687,0.1111111111111111
7817,1.0,2024-01-20,signup,5,True,LFQCOTOVMT,0.4,0.46637356870567326,0.17777777777777778
7836,1.0,2024-01-18,signup,7,True,WNEEXKQGLA,0.26666666666666666,0.22994409510417746,0.2888888888888889
7838,0.0,2024-01-25,signup,9,True,DHSDDIQPQU,0.3333333333333333,0.555222073610491,0.13333333333333333
7848,0.0,2024-01-12,signup,7,True,MYXZQXLMBC,0.3333333333333333,0.41921075295234755,0.0
7849,0.0,2024-01-11,signup,4,True,YNEDSSCRJL,0.3333333333333333,0.34586001185643156,0.0
7855,0.0,2024-01-06,signup,2,True,FJCXFSHPMK,0.3333333333333333,0.6252375485437881,0.0
7861,0.0,2024-01-06,signup,8,False,QFQVGXGDHF,0.2,0.5401879687666203,0.13333333333333333
7867,0.0,2024-01-24,signup,1,True,HZLJPUTAFJ,0.3333333333333333,0.5429597083458445,0.022222222222222223
7873,1.0,2024-01-26,signup,4,True,MGMRNGEGBZ,0.26666666666666666,0.6591823646672962,0.13333333333333333
7876,1.0,2024-01-20,signup,3,True,KWBXCTCNCH,0.3333333333333333,0.44325243548146387,0.3777777777777778
7879,0.0,2024-01-20,signup,8,True,SJMOFHRIKD,0.2,0.5880523290669172,0.1111111111111111
7880,0.0,2024-01-28,signup,3,True,RUSAKXGRYP,0.2,0.35442273432140625,0.022222222222222223
7881,0.0,2024-01-08,signup,3,False,NXKUOTIMAQ,0.2,0.6802056409452076,0.06666666666666667
7882,1.0,2024-01-11,signup,2,False,JDOZXNRUEE,0.06666666666666667,0.43292687683212694,0.5111111111111111
7885,1.0,2024-01-19,signup,2,True,UJMODBVGXQ,0.4,0.4448211558344769,0.2
7895,1.0,2024-01-13,signup,1,True,AXEMDGWYMU,0.4666666666666667,0.47375204738817855,0.17777777777777778
7900,1.0,2024-01-13,signup,9,False,TVMXOCCFJS,0.26666666666666666,0.5354734558765261,0.2666666666666667
7902,0.0,2024-01-18,signup,5,False,BGYBNEELRK,0.3333333333333333,0.7178000357337982,0.13333333333333333
7908,0.0,2024-01-04,signup,4,True,ICFDHASCRP,0.2,0.6815388464748461,0.04444444444444444
7918,0.0,2024-01-22,signup,7,True,AINJTQPECE,0.3333333333333333,0.6168512120240993,0.06666666666666667
7921,1.0,2024-01-09,signup,1,False,CZVKDNIWVH,0.13333333333333333,0.34480225922455177,0.31111111111111117
7927,1.0,2024-01-11,signup,6,False,TECWTASWDE,0.4,0.5267607429052897,0.15555555555555556
7939,0.0,2024-01-24,signup,4,True,DZVLHHJWQQ,0.5333333333333333,0.5633716111635007,0.022222222222222223
7942,1.0,2024-01-10,signup,2,False,PZGPVPWINS,0.2,0.5254288918115432,0.17777777777777778
7945,0.0,2024-01-07,signup,9,False,HEMAPGTMFR,0.4666666666666667,0.38992521966270133,0.17777777777777778
7957,1.0,2024-01-25,signup,6,False,ZNDYTBXYHM,0.2,0.7338099160735733,0.06666666666666667
7959,0.0,2024-01-24,signup,7,False,MIPVLNBQFF,0.3333333333333333,0.6809680485733643,0.06666666666666667
7967,0.0,2024-01-12,signup,2,False,QPYNGGAMBO,0.5333333333333333,0.5945343183926054,0.0
7975,0.0,2024-01-04,signup,3,False,AQKPRASGCO,0.06666666666666667,0.6927769595604366,0.04444444444444444
7977,1.0,2024-01-15,signup,7,False,HSNSZMYFJV,0.2,0.6944367152224792,0.22222222222222224
7982,1.0,2024-01-20,signup,6,True,IJDNSPVHJA,0.3333333333333333,0.4987225581631186,0.33333333333333337
7993,0.0,2024-01-05,signup,5,False,CCCYRKIYLD,0.26666666666666666,0.4120209015429427,0.022222222222222223
7995,0.0,2024-01-30,signup,9,True,KIOHQRDXUJ,0.13333333333333333,0.6883608914733438,0.04444444444444444
7996,0.0,2024-01-12,signup,5,False,XWSHYWZUFH,0.13333333333333333,0.5223641170870369,0.0
7997,0.0,2024-01-14,signup,8,True,CDHJCEZUJM,0.5333333333333333,0.4589124129972334,0.13333333333333333
7999,0.0,2024-01-11,signup,5,True,GPFMKTEPJQ,0.26666666666666666,0.5345936562010812,0.22222222222222224
8011,0.0,2024-01-08,signup,6,True,EJFHZTKJPF,0.3333333333333333,0.5831987218601801,0.2
8014,1.0,2024-01-18,signup,6,True,FTWHSBFCLU,0.26666666666666666,0.7777277060411768,0.1111111111111111
8016,0.0,2024-01-06,signup,2,True,HHCOLRGNAV,0.3333333333333333,0.5775945230024674,0.0
8029,1.0,2024-01-26,signup,1,True,XJZQYINHYO,0.4,0.482339102334984,0.35555555555555557
8036,0.0,2024-01-20,signup,7,True,LVCNAHKKZY,0.26666666666666666,0.5379609193071647,0.0
8046,1.0,2024-01-20,signup,1,False,JZMFZTQIJI,0.06666666666666667,0.6374348280220757,0.15555555555555556
8051,0.0,2024-01-07,signup,9,True,HWQUBFATPM,0.4,0.7914159135116586,0.0
8057,0.0,2024-01-17,signup,5,True,FMYOJAFZUJ,0.26666666666666666,0.7593707213405781,0.33333333333333337
8058,0.0,2024-01-10,signup,9,False,FPNIDNNWYW,0.3333333333333333,0.6460748240632862,0.0
8060,1.0,2024-01-28,signup,8,True,VMATALNNXF,0.5333333333333333,0.5482131871109651,0.15555555555555556
8066,0.0,2024-01-26,signup,3,True,BNWPLDENZX,0.26666666666666666,0.6648604102491812,0.4444444444444445
8067,0.0,2024-01-07,signup,9,True,CHECIYKDNZ,0.2,0.41502465136864897,0.17777777777777778
8074,1.0,2024-01-21,signup,7,True,ZOTJPOBMFK,0.4,0.30472102097362297,0.2666666666666667
8078,0.0,2024-01-04,signup,9,True,LZROQLITBB,0.5333333333333333,0.48550709005103154,0.24444444444444444
8081,0.0,2024-01-20,signup,2,False,BXXUIJYZOA,0.2,0.42682331097862314,0.08888888888888889
8084,1.0,2024-01-01,signup,6,True,UEEWQDOTXP,0.13333333333333333,0.41690561454927144,0.1111111111111111
8087,1.0,2024-01-07,signup,5,True,HPNVUGXQYR,0.3333333333333333,0.30301112561687715,0.2666666666666667
8095,1.0,2024-01-03,signup,7,True,SIDCGRUUZP,0.2,0.6781261168775005,0.2666666666666667
8097,0.0,2024-01-06,signup,3,True,BEWTJMIMIQ,0.3333333333333333,0.5966563415904075,0.04444444444444444
8098,0.0,2024-01-15,signup,9,True,PFKDFMKSXF,0.26666666666666666,0.5816504721749948,0.0
8108,1.0,2024-01-24,signup,4,True,IGCRUVGOSP,0.13333333333333333,0.48343884192613495,0.35555555555555557
8110,0.0,2024-01-13,signup,4,False,HPDNXLWPMH,0.3333333333333333,0.36529338411829626,0.24444444444444444
8113,1.0,2024-01-07,signup,5,True,WZRKSZNUWI,0.3333333333333333,0.3976877089237082,0.17777777777777778
8120,0.0,2024-01-16,signup,4,True,ARDJDQNFMO,0.2,0.5161188059841962,0.488888888888889
8122,0.0,2024-01-14,signup,4,False,YOGFHRSYPD,0.4,0.6542886632398827,0.04444444444444444
8135,0.0,2024-01-17,signup,5,True,TKPXOOQDYB,0.4,0.6219416597983677,0.04444444444444444
8142,1.0,2024-01-18,signup,1,True,JHPZCPJEKQ,0.3333333333333333,0.3802038024504729,0.5111111111111111
8143,0.0,2024-01-19,signup,5,True,PTWNAQUZNO,0.4666666666666667,0.5224433189315351,0.06666666666666667
8147,1.0,2024-01-22,signup,9,False,DJEALFKUOZ,0.4,0.8205133486793758,0.2
8151,1.0,2024-01-25,signup,8,True,QCWFDSZBVK,0.26666666666666666,0.6310519256615842,0.22222222222222224
8155,0.0,2024-01-30,signup,9,False,EUFYBAHQRB,0.26666666666666666,0.41872487672024594,0.0
8157,0.0,2024-01-30,signup,4,True,UKCNUIXOTJ,0.06666666666666667,0.6074089581885312,0.08888888888888889
8161,0.0,2024-01-23,signup,2,False,JAPGALFVIA,0.4666666666666667,0.38038340123476855,0.022222222222222223
8162,0.0,2024-01-05,signup,3,True,OTUBZASTSJ,0.4666666666666667,0.5907930597166721,0.1111111111111111
8180,0.0,2024-01-09,signup,5,True,ETLOZOCBFE,0.26666666666666666,0.37550226787673024,0.022222222222222223
8182,0.0,2024-01-30,signup,7,False,KAXDBJCSDA,0.2,0.30348804864374956,0.04444444444444444
8185,0.0,2024-01-02,signup,1,False,YSQVJAKBWS,0.2,0.10615825511130117,0.15555555555555556
8186,0.0,2024-01-03,signup,2,True,QNRFTRDCGA,0.4,0.3116808292589698,0.04444444444444444
8188,1.0,2024-01-11,signup,7,True,LEDVIIZSHG,0.4,0.29525601891612474,0.4
8196,1.0,2024-01-18,signup,8,False,WIKKFUACND,0.26666666666666666,0.544683152125944,0.1111111111111111
8199,0.0,2024-01-08,signup,9,False,MEXAREOXRA,0.26666666666666666,0.599771245258918,0.2666666666666667
8208,0.0,2024-01-14,signup,3,False,EXSYJHERVO,0.3333333333333333,0.3860598631521127,0.022222222222222223
8210,0.0,2024-01-06,signup,2,True,BUIGGUFKBN,0.26666666666666666,0.4202521585948068,0.13333333333333333
8213,1.0,2024-01-25,signup,4,True,CNXVEQQZDT,0.13333333333333333,0.7688449493937896,0.35555555555555557
8231,0.0,2024-01-17,signup,3,False,CTNILAXOVM,0.26666666666666666,0.4301121292010236,0.0
8232,1.0,2024-01-01,signup,6,True,ULPKCVRDNL,0.3333333333333333,0.5212273246263187,0.4
8236,1.0,2024-01-04,signup,8,True,DUUZAZIEQS,0.3333333333333333,0.678636959662675,0.5111111111111111
8237,1.0,2024-01-27,signup,6,True,CGZDTQFRZG,0.4666666666666667,0.6080846541322561,0.5333333333333333
8240,1.0,2024-01-06,signup,9,True,ATPZDOMIUK,0.2,0.29880266710406966,0.33333333333333337
8243,0.0,2024-01-21,signup,3,False,CYOEMXTHWP,0.4,0.5533474343673498,0.1111111111111111
8245,1.0,2024-01-28,signup,3,False,TISJOGISFJ,0.3333333333333333,0.408981115815234,0.22222222222222224
8248,1.0,2024-01-21,signup,6,True,CZNJHKWNSM,0.26666666666666666,0.4306564506142151,0.1111111111111111
8259,1.0,2024-01-29,signup,4,False,LBFOJAUIRQ,0.13333333333333333,0.3653593559052758,0.46666666666666673
8266,1.0,2024-01-31,signup,8,True,CZQFRJIYDU,0.13333333333333333,0.48378108903370165,0.35555555555555557
8268,1.0,2024-01-22,signup,7,False,DDPTGQIQWT,0.26666666666666666,0.48630970790082684,0.1111111111111111
8274,1.0,2024-01-25,signup,4,True,URPPWOXMRQ,0.2,0.51393382736493,0.31111111111111117
8284,1.0,2024-01-24,signup,5,True,VAEMAQTLXO,0.3333333333333333,0.41000307998036056,0.13333333333333333
8289,1.0,2024-01-04,signup,7,False,JZEXSJBXKR,0.4,0.4196328847651839,0.488888888888889
8291,1.0,2024-01-06,signup,3,False,DBGGTLGAJH,0.4,0.5038831829349609,0.4
8301,0.0,2024-01-25,signup,4,False,UYLYZIPJWQ,0.4666666666666667,0.36903984205458695,0.33333333333333337
8305,0.0,2024-01-23,signup,2,False,HBGYOUWFFS,0.5333333333333333,0.8325350054347082,0.06666666666666667
8306,0.0,2024-01-19,signup,8,False,QXVAJGUUES,0.06666666666666667,0.5174500663669811,0.06666666666666667
8311,0.0,2024-01-14,signup,6,False,XBQWBGSTFB,0.2,0.6633192097207151,0.022222222222222223
8313,1.0,2024-01-09,signup,9,False,KHKUDJQTGF,0.3333333333333333,0.7528927779644056,0.33333333333333337
8317,1.0,2024-01-06,signup,3,False,LZCAIHHSLW,0.2,0.6170570073830538,0.5111111111111111
8321,1.0,2024-01-12,signup,2,True,ENPJHYWNVV,0.2,0.5901698189805299,0.2666666666666667
8323,0.0,2024-01-02,signup,7,False,ASITRGWDPW,0.26666666666666666,0.6217351067122369,0.022222222222222223
8333,0.0,2024-01-22,signup,3,True,RJFBLFKKBG,0.26666666666666666,0.5357518934178037,0.2
8334,1.0,2024-01-01,signup,2,True,YGCVQEXHQN,0.26666666666666666,0.5210486808913525,0.2666666666666667
8341,1.0,2024-01-27,signup,7,True,JEBHPWJZKS,0.6,0.3527089938609581,0.31111111111111117
8343,0.0,2024-01-23,signup,4,False,ZJZCQKSMYW,0.26666666666666666,0.2573283736277069,0.0
8346,1.0,2024-01-22,signup,8,True,JQGSAYRTLZ,0.4,0.6611346061759739,0.2
8352,1.0,2024-01-22,signup,7,True,PFTGWPQGXP,0.5333333333333333,0.04399025715111027,0.31111111111111117
8353,1.0,2024-01-12,signup,4,True,LXCVWXRWIZ,0.3333333333333333,0.3976838312387522,0.2666666666666667
8357,1.0,2024-01-05,signup,8,False,IJRNBNTHVQ,0.26666666666666666,0.6146338433988107,0.22222222222222224
8364,1.0,2024-01-15,signup,9,True,None,0.13333333333333333,0.4437892575714296,0.33333333333333337
8387,0.0,2024-01-14,signup,6,False,MPUEQUTADQ,0.26666666666666666,0.7127677188196962,0.06666666666666667
8389,0.0,2024-01-11,signup,9,False,SQEHGFAJHW,0.06666666666666667,0.43966040827295794,0.0
8393,1.0,2024-01-02,signup,1,False,CMLEBNZBVN,0.4,0.3940845471082385,0.3777777777777778
8395,1.0,2024-01-10,signup,5,False,VRDMLMJLQY,0.3333333333333333,0.36892324723129144,0.22222222222222224
8398,1.0,2024-01-22,signup,5,False,YVEEUTXPTC,0.5333333333333333,0.5932517713113558,0.06666666666666667
8401,1.0,2024-01-17,signup,2,False,DIOXHHUTJN,0.13333333333333333,0.30900251801698253,0.13333333333333333
8403,1.0,2024-01-14,signup,6,True,FKNJVWPVEQ,0.6,0.3844816074704617,0.24444444444444444
8408,1.0,2024-01-16,signup,6,True,HUIMLGLUBR,0.2,0.32264212801311676,0.22222222222222224
8414,0.0,2024-01-02,signup,2,False,COMPDTKJOV,0.2,0.3943290881032241,0.06666666666666667
8416,1.0,2024-01-30,signup,6,True,CODRVMCHBD,0.26666666666666666,0.6167571744082195,0.24444444444444444
8423,0.0,2024-01-18,signup,8,True,ZAOUNXWMYT,0.06666666666666667,0.49238351620041565,0.0
8426,0.0,2024-01-29,signup,7,True,FVOSXZAJXC,0.2,0.5145160521451791,0.2888888888888889
8438,1.0,2024-01-16,signup,4,True,FQNTVPECHA,0.3333333333333333,0.5152462905953924,0.33333333333333337
8446,1.0,2024-01-22,signup,7,True,JRCSJQZRQJ,0.4666666666666667,0.5192189741289471,0.35555555555555557
8448,0.0,2024-01-25,signup,4,False,DWXIZCCODL,0.4666666666666667,0.6013306046207622,0.0
8451,0.0,2024-01-31,signup,9,True,POYAVSIHLY,0.4,0.5794618551692668,0.08888888888888889
8452,1.0,2024-01-22,signup,9,True,AIBXDAMJDE,0.2,0.8423276296507741,0.33333333333333337
8453,0.0,2024-01-01,signup,5,False,MAXOMNPSPY,0.2,0.608944541919043,0.04444444444444444
8459,0.0,2024-01-09,signup,6,True,SQOKGFHUZW,0.26666666666666666,0.5234291538188668,0.04444444444444444
8462,0.0,2024-01-01,signup,2,False,QWWCPEPEHR,0.26666666666666666,0.4309108827841973,0.17777777777777778
8471,0.0,2024-01-02,signup,1,False,MPPOETBNWQ,0.4666666666666667,0.3615061872452777,0.1111111111111111
8472,0.0,2024-01-16,signup,7,False,EWFLOYSRTB,0.4,0.3711947036158062,0.13333333333333333
8474,1.0,2024-01-14,signup,5,False,LJERLXERYO,0.4,0.4057064246761527,0.4
8484,1.0,2024-01-09,signup,4,True,HBNAXBXDFP,0.2,0.5845992466480768,0.2888888888888889
8490,1.0,2024-01-19,signup,1,True,YMSWEEJFRE,0.26666666666666666,0.7043767721992397,0.22222222222222224
8497,1.0,2024-01-23,signup,8,True,KRKJISITVQ,0.2,0.46329404955896314,0.08888888888888889
8500,0.0,2024-01-29,signup,8,True,LCDPCGIMZS,0.2,0.5738182440083589,0.0
8502,0.0,2024-01-31,signup,9,True,VTHEXUZWCX,0.3333333333333333,0.5540657170301967,0.24444444444444444
8506,0.0,2024-01-06,signup,3,False,YSTDQRMYHC,0.2,0.47306346914157393,0.04444444444444444
8521,0.0,2024-01-22,signup,2,True,TAYZJKDPWR,0.4,0.4335108529031556,0.04444444444444444
8524,1.0,2024-01-05,signup,9,True,KRAQGHYBIK,0.5333333333333333,0.4334077649070981,0.31111111111111117
8528,1.0,2024-01-13,signup,2,True,YZTGFFZRUA,0.5333333333333333,0.7411941755411934,0.6666666666666666
8538,0.0,2024-01-11,signup,3,False,OQYGZEWJBW,0.2,0.38441246464667567,0.1111111111111111
8543,1.0,2024-01-25,signup,2,False,BFZWCEHBEF,0.4,0.38874054489126564,0.2666666666666667
8547,0.0,2024-01-10,signup,9,False,VCBSIYWQGY,0.2,0.484659966140781,0.06666666666666667
8550,1.0,2024-01-09,signup,5,True,MOMOKJHCOS,0.26666666666666666,0.44192838000535584,0.3777777777777778
8554,0.0,2024-01-06,signup,7,True,NZMSMRFOTQ,0.3333333333333333,0.37668604441724474,0.0
8555,1.0,2024-01-06,signup,9,False,PJTPIFPPCY,0.2,0.6202749429518887,0.31111111111111117
8558,1.0,2024-01-27,signup,4,False,DVERMSJMZR,0.26666666666666666,0.3970905512662465,0.2888888888888889
8563,1.0,2024-01-13,signup,1,True,LSUASLIFSQ,0.4666666666666667,0.45593593037510016,0.2
8566,1.0,2024-01-05,signup,7,True,TDEYMRGPQD,0.3333333333333333,0.47326669696274604,0.15555555555555556
8571,0.0,2024-01-19,signup,8,False,PFOJQREYIB,0.5333333333333333,0.5118231737083275,0.13333333333333333
8573,0.0,2024-01-15,signup,6,False,BDXILDGXBW,0.5333333333333333,0.23185177213441255,0.022222222222222223
8577,0.0,2024-01-14,signup,6,True,HMMFWMRHSF,0.5333333333333333,0.5211356686805423,0.06666666666666667
8579,0.0,2024-01-17,signup,7,False,FGOISQRGOA,0.7333333333333333,0.6010241248324869,0.13333333333333333
8580,0.0,2024-01-22,signup,6,True,MYMLIMCPGJ,0.4,0.38121365367942783,0.2
8581,1.0,2024-01-07,signup,4,True,LCYFFDBAQQ,0.26666666666666666,0.31445553076971644,0.13333333333333333
8585,0.0,2024-01-28,signup,2,False,MSZPRLTPGO,0.26666666666666666,0.43358481461526377,0.1111111111111111
8587,1.0,2024-01-18,signup,3,True,GPANBPLGNY,0.6666666666666666,0.597963623725596,0.31111111111111117
8591,0.0,2024-01-18,signup,1,False,SGONDKEWWI,0.3333333333333333,0.4241479427497524,0.22222222222222224
8598,1.0,2024-01-09,signup,1,True,FZETSGKFXI,0.26666666666666666,0.6061291980523585,0.33333333333333337
8606,1.0,2024-01-19,signup,3,False,MMHXSOMSNQ,0.5333333333333333,0.4226372123226433,0.2888888888888889
8610,0.0,2024-01-14,signup,2,True,None,0.26666666666666666,0.6025455002283223,0.06666666666666667
8611,1.0,2024-01-04,signup,9,False,LEMDSOVLTD,0.26666666666666666,0.3816350494931059,0.2666666666666667
8618,0.0,2024-01-26,signup,7,False,NVPQVUGXVJ,0.3333333333333333,0.27949055841288495,0.04444444444444444
8630,1.0,2024-01-17,signup,6,True,FYLBEHOKCE,0.26666666666666666,0.6508847450572232,0.2666666666666667
8635,1.0,2024-01-20,signup,8,False,WTKLYIATDL,0.4,0.7513226842511959,0.33333333333333337
8639,1.0,2024-01-10,signup,2,False,GTIIGDRUOJ,0.5333333333333333,0.3217135611583978,0.33333333333333337
8644,1.0,2024-01-10,signup,4,True,BZGZYJSVQL,0.4,0.5414915905053769,0.4222222222222223
8646,0.0,2024-01-23,signup,3,True,GWDULVNRYC,0.2,0.36497155694550665,0.022222222222222223
8655,0.0,2024-01-17,signup,3,False,CDMRIQDYVL,0.3333333333333333,0.3678799889997758,0.15555555555555556
8657,0.0,2024-01-04,signup,2,True,MEABRPYKTZ,0.3333333333333333,0.4198874564313241,0.0
8662,0.0,2024-01-28,signup,3,False,SXLZOCVZRY,0.4666666666666667,0.7154422955150525,0.13333333333333333
8668,0.0,2024-01-08,signup,9,False,GOUPNNKNGF,0.4666666666666667,0.4991705725220633,0.1111111111111111
8670,1.0,2024-01-06,signup,7,True,RFVVDJFEMQ,0.26666666666666666,0.043222535332903766,0.31111111111111117
8677,1.0,2024-01-05,signup,7,True,MLVCYRNKIF,0.3333333333333333,0.6034297670464438,0.4
8678,1.0,2024-01-12,signup,5,True,IPPEBAYARQ,0.6666666666666666,0.5800729494114788,0.2666666666666667
8680,0.0,2024-01-09,signup,4,False,LFYVOZBMAM,0.4,0.2595011663481016,0.06666666666666667
8681,1.0,2024-01-17,signup,7,False,QTXQHBWLMD,0.4,0.7723927693290079,0.08888888888888889
8684,0.0,2024-01-22,signup,9,False,JGHRPLVJHQ,0.5333333333333333,0.49790566944754044,0.0
8687,0.0,2024-01-03,signup,7,False,RUVTQMCOOW,0.13333333333333333,0.4697887158233537,0.0
8694,1.0,2024-01-28,signup,8,False,KHNQOMUMWI,0.4666666666666667,0.5028160690778228,0.06666666666666667
8698,0.0,2024-01-08,signup,2,True,CCFBJJPCJF,0.4,0.5077196985311266,0.1111111111111111
8708,0.0,2024-01-04,signup,4,False,TMXFGDDXQM,0.2,0.3692416480989874,0.04444444444444444
8714,1.0,2024-01-11,signup,7,False,QMTCBELCXS,0.3333333333333333,0.5807102089165687,0.13333333333333333
8715,1.0,2024-01-31,signup,3,True,ZLVKSPNPGD,0.26666666666666666,0.34084887125464125,0.2666666666666667
8724,1.0,2024-01-15,signup,7,True,HYPKHTLAFQ,0.2,0.6121542513742478,0.2666666666666667
8726,0.0,2024-01-09,signup,1,True,AYGRLHZREK,0.13333333333333333,0.6974057217545798,0.022222222222222223
8728,0.0,2024-01-03,signup,4,False,PVSCWPPLKB,0.13333333333333333,0.6634155635790585,0.06666666666666667
8731,1.0,2024-01-12,signup,4,False,YGYILEPHFK,0.4666666666666667,0.5609268350514648,0.15555555555555556
8737,0.0,2024-01-14,signup,9,False,MMKZHSKOQU,0.4,0.44236268854076866,0.06666666666666667
8747,0.0,2024-01-30,signup,2,False,JXCRMBPJYQ,0.3333333333333333,0.7993925517380346,0.0
8757,0.0,2024-01-02,signup,9,False,EWGTKWVOIW,0.4,0.46293601084935176,0.06666666666666667
8763,1.0,2024-01-01,signup,5,True,OCSFCGGKUI,0.2,0.5591468416464141,0.35555555555555557
8765,1.0,2024-01-27,signup,1,True,SHCDANVZGZ,0.2,0.18238692254447197,0.13333333333333333
8767,0.0,2024-01-10,signup,8,True,TVBPUHZKZA,0.06666666666666667,0.5019555898132709,0.022222222222222223
8768,0.0,2024-01-06,signup,6,True,RJHPJFJXRU,0.5333333333333333,0.33696622670393184,0.1111111111111111
8771,0.0,2024-01-06,signup,6,True,SHXIPOAIOJ,0.3333333333333333,0.3679216021068862,0.022222222222222223
8772,1.0,2024-01-05,signup,4,True,IUSHWAQWDD,0.26666666666666666,0.6435894772487912,0.4444444444444445
8777,0.0,2024-01-31,signup,2,False,ROJVKPPACP,0.13333333333333333,0.4938004431227706,0.04444444444444444
8788,0.0,2024-01-23,signup,8,True,CJRQGWTDCS,0.3333333333333333,0.13051051588409945,0.06666666666666667
8790,1.0,2024-01-16,signup,2,False,YRGXMGUXZI,0.26666666666666666,0.4053282726671318,0.2
8799,0.0,2024-01-28,signup,6,False,NHGLLLQDFC,0.2,0.5163436593114353,0.022222222222222223
8801,0.0,2024-01-26,signup,4,False,GJUUTJQKSV,0.2,0.723067796923757,0.04444444444444444
8807,1.0,2024-01-12,signup,3,False,YGCCOARDSL,0.2,0.4278545829542645,0.24444444444444444
8809,0.0,2024-01-07,signup,2,True,YNHTKRKQXL,0.2,0.5716174616123978,0.022222222222222223
8812,1.0,2024-01-29,signup,5,True,SQKPERQWGO,0.26666666666666666,0.9299996484431748,0.2888888888888889
8815,1.0,2024-01-03,signup,8,True,XUDWKHCOTH,0.06666666666666667,0.6821895095495737,0.4
8819,0.0,2024-01-02,signup,6,True,IGRCKRUDNP,0.3333333333333333,0.5082083419922324,0.022222222222222223
8828,0.0,2024-01-15,signup,4,True,IHICWBXNCK,0.3333333333333333,0.7025632081701044,0.022222222222222223
8829,0.0,2024-01-12,signup,5,True,MGAQGZIRTE,0.4,0.48743965837918213,0.15555555555555556
8831,0.0,2024-01-31,signup,7,True,QHAWZVWIGZ,0.2,0.3848744890650698,0.15555555555555556
8832,1.0,2024-01-22,signup,3,True,WSJDBMRINA,0.4,0.484859023344658,0.13333333333333333
8836,1.0,2024-01-11,signup,9,True,FNBWALYWEU,0.4,0.6551090258372042,0.33333333333333337
8837,1.0,2024-01-08,signup,5,True,VQIEBSMYCF,0.13333333333333333,0.5450439023490538,0.5777777777777777
8840,1.0,2024-01-17,signup,9,False,OPJTMIPJKU,0.26666666666666666,0.6583328559624325,0.2
8843,1.0,2024-01-21,signup,4,False,ECCRYEQQHX,0.2,0.6629700379352675,0.31111111111111117
8844,0.0,2024-01-28,signup,3,True,BCFMVSUKMG,0.0,0.3094653724844695,0.04444444444444444
8845,1.0,2024-01-13,signup,5,True,KDISVBCBNZ,0.4,0.7217296732945057,0.2888888888888889
8847,1.0,2024-01-29,signup,6,False,OIAIOQBUDR,0.3333333333333333,0.45645914636499907,0.2888888888888889
8853,1.0,2024-01-18,signup,7,False,MRZATVWSMW,0.2,0.3320255040091148,0.08888888888888889
8856,0.0,2024-01-22,signup,8,False,None,0.5333333333333333,0.5971729686997959,0.0
8862,1.0,2024-01-21,signup,4,True,YLGSEEROLP,0.06666666666666667,0.4617683779831293,0.17777777777777778
8863,1.0,2024-01-24,signup,9,False,WXYQNTIPVR,0.4,0.5027178722549294,0.06666666666666667
8869,0.0,2024-01-27,signup,1,False,TMAVYVWSQQ,0.4,0.5593894994866203,0.06666666666666667
8880,1.0,2024-01-03,signup,3,False,REVEATQYWD,0.6,0.7048309776563527,0.35555555555555557
8884,1.0,2024-01-23,signup,2,True,WKTUEVGAZY,0.4,0.4828409111858861,0.06666666666666667
8901,1.0,2024-01-02,signup,1,True,NAQGOKPOGO,0.2,0.6814872973723946,0.17777777777777778
8905,1.0,2024-01-04,signup,3,True,TVICAKEHXP,0.2,0.4416201558366556,0.35555555555555557
8908,1.0,2024-01-23,signup,6,True,TBOXJQQNEA,0.13333333333333333,0.3946411574340155,0.17777777777777778
8912,1.0,2024-01-09,signup,2,False,JSQXSHMBHI,0.2,0.7362170871708865,0.2888888888888889
8914,0.0,2024-01-26,signup,7,True,OHWICWDNHK,0.4,0.5186105338593751,0.13333333333333333
8916,1.0,2024-01-02,signup,4,False,MQNLHHLOPH,0.5333333333333333,0.6250312385431852,0.1111111111111111
8918,0.0,2024-01-02,signup,3,True,NXJWQCYQBJ,0.4666666666666667,0.24538392423572553,0.022222222222222223
8919,1.0,2024-01-27,signup,4,False,UFRUGEIZMN,0.4666666666666667,0.5659469710478736,0.35555555555555557
8920,1.0,2024-01-05,signup,1,False,KYMUFOPYVW,0.6,0.6302974675317891,0.3777777777777778
8922,1.0,2024-01-22,signup,1,False,DFTXRDDCHH,0.4,0.47462671692581926,0.2666666666666667
8926,1.0,2024-01-23,signup,7,True,CMRDMTZINL,0.26666666666666666,0.6442803365344841,0.3777777777777778
8928,0.0,2024-01-10,signup,7,True,ANBQIPAHZW,0.4666666666666667,0.3716768581607849,0.022222222222222223
8932,0.0,2024-01-23,signup,5,False,EXLKCDJNYK,0.5333333333333333,0.8904218918078884,0.1111111111111111
8933,1.0,2024-01-16,signup,3,False,KRDMVIPTNM,0.6,0.6608688123471665,0.2666666666666667
8937,1.0,2024-01-29,signup,9,False,EZDRRPTHUS,0.4,0.6603909613741302,0.2888888888888889
8939,0.0,2024-01-23,signup,9,True,AKIQWCJTOO,0.26666666666666666,0.5023817397231215,0.0
8940,0.0,2024-01-15,signup,1,False,AYUDXPKKST,0.4,0.3302430561863222,0.2888888888888889
8942,1.0,2024-01-07,signup,4,True,RUKGXYNKIG,0.4666666666666667,0.623731732085477,0.4
8943,1.0,2024-01-04,signup,6,True,CBFBCEAFOG,0.6,0.6679726098112017,0.2666666666666667
8944,0.0,2024-01-21,signup,3,True,OHUQMUPWNC,0.6,0.48394363481467917,0.0
8947,1.0,2024-01-12,signup,9,False,FMGAEJTFGI,0.26666666666666666,0.5880892989695793,0.4444444444444445
8954,0.0,2024-01-07,signup,2,True,LCWXVYNKYI,0.3333333333333333,0.4201722385247396,0.0
8955,0.0,2024-01-06,signup,6,True,KUZEHAUOTH,0.4,0.45866126674449703,0.06666666666666667
8956,1.0,2024-01-14,signup,1,False,ZWCADXOTGL,0.4,0.4332206063807372,0.17777777777777778
8957,1.0,2024-01-23,signup,4,True,TXNJZYXHEV,0.26666666666666666,0.617251912041827,0.488888888888889
8958,1.0,2024-01-27,signup,6,False,QXTBAYGWUO,0.3333333333333333,0.575068318017392,0.5555555555555556
8961,1.0,2024-01-04,signup,1,False,IVKHEBDYIZ,0.4,0.3375175368637061,0.13333333333333333
8966,1.0,2024-01-13,signup,1,False,QAMZABVICD,0.26666666666666666,0.5521247424835648,0.13333333333333333
8967,1.0,2024-01-10,signup,6,True,DLOHSRXRMY,0.4666666666666667,0.5289228697011016,0.4222222222222223
8968,1.0,2024-01-23,signup,9,True,CGVNDCEJOA,0.4,0.6629742474956396,0.3777777777777778
8974,0.0,2024-01-22,signup,1,False,RGNBOYKHPC,0.3333333333333333,0.5709087087522445,0.022222222222222223
8975,1.0,2024-01-12,signup,9,False,DSUYFXREVY,0.3333333333333333,0.7471260019872791,0.22222222222222224
8976,0.0,2024-01-31,signup,6,True,GMZNXQFZMZ,0.2,0.7249340415571538,0.0
8978,1.0,2024-01-19,signup,9,True,REXPZLADOG,0.2,0.4311155318155183,0.15555555555555556
8982,1.0,2024-01-02,signup,6,True,CDNSRERPLZ,0.26666666666666666,0.6142134538664877,0.31111111111111117
8983,1.0,2024-01-24,signup,7,True,FAFXZEYHBN,0.13333333333333333,0.7187315495097143,0.15555555555555556
8993,0.0,2024-01-19,signup,5,False,DPMYZYLIZA,0.4,0.3270700258946616,0.022222222222222223
9003,0.0,2024-01-25,signup,6,True,VXZAJDYYLZ,0.3333333333333333,0.707064403723883,0.24444444444444444
9005,0.0,2024-01-14,signup,7,True,OGPSOWPOOR,0.6,0.534142369681999,0.0
9009,1.0,2024-01-26,signup,7,False,GKRZRAHZRE,0.5333333333333333,0.565698119375916,0.6888888888888889
9015,0.0,2024-01-17,signup,2,False,FEGHLKNARP,0.26666666666666666,0.4555288254651121,0.0
9017,1.0,2024-01-07,signup,4,False,BOQYPHGPIS,0.6666666666666666,0.7716489950037263,0.2
9018,0.0,2024-01-01,signup,8,False,HIUCOLIGHC,0.4,0.34556643800438847,0.2
9019,1.0,2024-01-03,signup,5,False,CIOZZKWTAZ,0.2,0.5210883943330097,0.2888888888888889
9027,0.0,2024-01-16,signup,5,True,QSKFVCPSTJ,0.2,0.5393354749408322,0.022222222222222223
9030,0.0,2024-01-23,signup,8,False,ZGTTOVGGVU,0.26666666666666666,0.6154378976799723,0.0
9036,0.0,2024-01-11,signup,7,True,CFYAKRQGVK,0.26666666666666666,0.7507673410431192,0.022222222222222223
9039,0.0,2024-01-01,signup,1,False,BTUFOWBOYX,0.26666666666666666,0.6332337670322506,0.0
9045,0.0,2024-01-04,signup,2,True,OMRDKMWRHG,0.26666666666666666,0.5111149876814473,0.0
9051,1.0,2024-01-10,signup,1,True,ITBRPMVHZU,0.26666666666666666,0.8150215977480154,0.6666666666666666
9052,0.0,2024-01-20,signup,8,True,QFJPNVFFGP,0.4,0.4744712352286474,0.31111111111111117
9059,0.0,2024-01-07,signup,7,True,FFJCRPIHDR,0.6,0.4509603237227381,0.13333333333333333
9063,0.0,2024-01-30,signup,1,True,RKGNYCJQCP,0.4666666666666667,0.4657498083883779,0.0
9065,0.0,2024-01-15,signup,1,False,MWMUDZGYZZ,0.26666666666666666,0.31460561867595394,0.13333333333333333
9066,0.0,2024-01-16,signup,6,False,FLFUBWUXIG,0.13333333333333333,0.537471746565683,0.0
9075,1.0,2024-01-22,signup,7,False,TSUUHIBPBM,0.26666666666666666,0.6024379713150786,0.2666666666666667
9076,1.0,2024-01-17,signup,5,False,OZEGOZOKOR,0.3333333333333333,0.6960598903708298,0.2888888888888889
9077,1.0,2024-01-13,signup,9,True,HHVDNJFZQU,0.5333333333333333,0.47470926182843065,0.4444444444444445
9078,1.0,2024-01-02,signup,5,True,VDWFQGALHA,0.26666666666666666,0.6903124055630004,0.5111111111111111
9081,0.0,2024-01-22,signup,5,True,LIXHINLOTY,0.3333333333333333,0.5796272438172835,0.06666666666666667
9083,1.0,2024-01-08,signup,5,True,NWGPYTLLMW,0.3333333333333333,0.48483303540593126,0.22222222222222224
9097,0.0,2024-01-25,signup,8,True,PCJQXECGZI,0.3333333333333333,0.7507841802414618,0.1111111111111111
9106,0.0,2024-01-27,signup,6,False,HITAYUTMFO,0.3333333333333333,0.3332193129060951,0.31111111111111117
9107,1.0,2024-01-08,signup,3,False,TNMEKAVGLW,0.2,0.5351623095417083,0.3777777777777778
9109,1.0,2024-01-11,signup,9,True,ODXNTISXSX,0.6666666666666666,0.6436454823695176,0.15555555555555556
9119,1.0,2024-01-21,signup,2,True,LNTFMHXDXM,0.4666666666666667,0.5393327739615196,0.31111111111111117
9121,0.0,2024-01-04,signup,8,False,CYPDWXUHHG,0.4,0.6144079676067759,0.2
9122,1.0,2024-01-19,signup,2,False,JNELELVHXF,0.2,0.5044529143938529,0.488888888888889
9124,0.0,2024-01-01,signup,8,True,MPOMJZIBWT,0.5333333333333333,0.4885105383679501,0.0
9126,0.0,2024-01-22,signup,7,True,PRNLQMJCBZ,0.26666666666666666,0.4640898436958317,0.022222222222222223
9127,1.0,2024-01-14,signup,9,True,LYAECLTHHT,0.4,0.6408572432789198,0.13333333333333333
9135,1.0,2024-01-14,signup,2,False,LRIXNUKRNE,0.26666666666666666,0.5871520716633295,0.2
9141,0.0,2024-01-29,signup,9,True,DLIBPQHLYE,0.4,0.44206983138311784,0.022222222222222223
9147,0.0,2024-01-07,signup,8,True,OOVBUEUUJG,0.2,0.5153036685811009,0.06666666666666667
9153,0.0,2024-01-30,signup,2,False,ILTFLEWDMN,0.4,0.6515082908151876,0.06666666666666667
9157,1.0,2024-01-10,signup,2,True,BRZUKIQSDO,0.26666666666666666,0.5376152294658955,0.2
9159,0.0,2024-01-25,signup,4,True,UJHPPHYJPV,0.2,0.7599441268248087,0.0
9161,1.0,2024-01-12,signup,8,False,IGXVLHHNQS,0.6,0.37131139861777196,0.2888888888888889
9163,0.0,2024-01-25,signup,9,False,FJDZWJYXSU,0.3333333333333333,0.5760947839115634,0.2666666666666667
9165,1.0,2024-01-14,signup,6,False,DVRQFSBYLU,0.3333333333333333,0.6658517375075098,0.2888888888888889
9174,0.0,2024-01-30,signup,7,False,ZBJTYBIGGI,0.13333333333333333,0.680398861532482,0.15555555555555556
9176,0.0,2024-01-03,signup,6,True,JXODHIHFVI,0.5333333333333333,0.6905217484667857,0.13333333333333333
9180,0.0,2024-01-12,signup,7,True,YXEFHFVNFD,0.06666666666666667,0.5172463977021927,0.0
9183,1.0,2024-01-29,signup,9,False,CDVGLDDPLR,0.4,0.5392072226229158,0.2666666666666667
9191,0.0,2024-01-09,signup,9,True,IPVTOHSOWN,0.5333333333333333,0.6305509797249865,0.04444444444444444
9192,1.0,2024-01-10,signup,5,True,TDPRQIMSGW,0.4,0.7087176203204445,0.4222222222222223
9193,1.0,2024-01-29,signup,3,False,PAYWHENQCX,0.6666666666666666,0.6061141712535844,0.2666666666666667
9206,1.0,2024-01-13,signup,6,True,AAJURHRBIM,0.5333333333333333,0.4954042670285329,0.2888888888888889
9215,0.0,2024-01-18,signup,2,True,IGMFOSYPKI,0.2,0.5367093664298731,0.022222222222222223
9216,1.0,2024-01-18,signup,4,False,KOCOJBPDJF,0.2,0.5323681556985315,0.3777777777777778
9221,1.0,2024-01-09,signup,4,False,IQPJONSAIX,0.26666666666666666,0.6840472676267314,0.1111111111111111
9231,0.0,2024-01-13,signup,9,True,BKGMCQZUFK,0.3333333333333333,0.5381715397774879,0.022222222222222223
9234,1.0,2024-01-11,signup,7,True,PVQFWXYLGH,0.26666666666666666,0.6669252645603888,0.24444444444444444
9240,0.0,2024-01-03,signup,6,True,UXMMWSCPIB,0.2,0.5452223632209617,0.1111111111111111
9248,0.0,2024-01-20,signup,5,False,WRQNMUXJJP,0.2,0.6117314152515646,0.04444444444444444
9250,0.0,2024-01-19,signup,4,False,EJSNQNJKCD,0.4666666666666667,0.5021228344782517,0.08888888888888889
9254,1.0,2024-01-11,signup,2,True,BAIDUPSSXP,0.5333333333333333,0.7216928219732947,0.2888888888888889
9255,0.0,2024-01-09,signup,4,False,FCTNTNZZBJ,0.5333333333333333,0.518146954074287,0.15555555555555556
9261,1.0,2024-01-31,signup,2,False,XNXMQBHBJP,0.26666666666666666,0.6128349301030483,0.06666666666666667
9262,1.0,2024-01-26,signup,7,False,DZSDXAFPQO,0.7333333333333333,0.37309402170055417,0.15555555555555556
9263,1.0,2024-01-31,signup,2,True,QFNVLENFVM,0.3333333333333333,0.05324263813985042,0.1111111111111111
9264,1.0,2024-01-31,signup,7,True,KDZGHMEJJF,0.13333333333333333,0.644337597215758,0.15555555555555556
9274,1.0,2024-01-20,signup,7,True,SCIPTBCGIO,0.6666666666666666,0.37924068819926193,0.5555555555555556
9278,0.0,2024-01-19,signup,4,True,QNLNJTCOHU,0.3333333333333333,0.6423763085670545,0.0
9280,0.0,2024-01-07,signup,4,True,IZBIFUHDBB,0.3333333333333333,0.45586357732743676,0.3777777777777778
9283,0.0,2024-01-04,signup,4,True,SLPZBURUFG,0.3333333333333333,0.6099353937170019,0.06666666666666667
9288,0.0,2024-01-05,signup,7,False,JOQCUDQYRB,0.26666666666666666,0.6116013246415247,0.17777777777777778
9292,1.0,2024-01-07,signup,8,True,HVVJRSOYEW,0.0,0.661607565160326,0.1111111111111111
9293,1.0,2024-01-25,signup,7,False,EKJALPEYFL,0.4,0.4016570533381655,0.2
9297,1.0,2024-01-01,signup,4,True,FBHBREWTGP,0.2,0.4978932552053349,0.22222222222222224
9300,0.0,2024-01-22,signup,7,False,LJODVIOVVO,0.4,0.3761035383876109,0.0
9303,1.0,2024-01-29,signup,6,False,OSAYEDCKMB,0.4,0.490345867069914,0.2888888888888889
9313,0.0,2024-01-06,signup,8,False,GNDZVVGMOJ,0.3333333333333333,0.7317303914182819,0.022222222222222223
9314,1.0,2024-01-16,signup,8,True,UCJCJMLTPM,0.26666666666666666,0.4443006844817047,0.2888888888888889
9319,1.0,2024-01-03,signup,1,True,FUZZYFJQPG,0.4,0.3627340391513937,0.17777777777777778
9321,1.0,2024-01-21,signup,8,True,SQWEFYXHWS,0.26666666666666666,0.5829193267308465,0.35555555555555557
9324,0.0,2024-01-06,signup,4,True,JUHFDRFWMA,0.2,0.2576312206198096,0.06666666666666667
9330,1.0,2024-01-15,signup,5,False,WJGEPPPWKP,0.2,0.6007375407170527,0.2666666666666667
9332,0.0,2024-01-02,signup,9,True,HBXNNRNTBN,0.13333333333333333,0.5957667517482482,0.022222222222222223
9333,1.0,2024-01-08,signup,6,False,QWCDIYEUCR,0.4666666666666667,0.30733383295204,0.488888888888889
9348,1.0,2024-01-20,signup,1,True,None,0.6,0.7710869299020523,0.22222222222222224
9357,0.0,2024-01-31,signup,4,True,PKWUMQIYUF,0.4,0.43563019025103256,0.04444444444444444
9358,1.0,2024-01-02,signup,5,False,XTFSJKPKHL,0.4,0.4727478873563643,0.3777777777777778
9372,0.0,2024-01-06,signup,7,False,IINVAXVSJQ,0.4666666666666667,0.5967918779347315,0.15555555555555556
9374,0.0,2024-01-16,signup,6,True,KPZGQBEANA,0.5333333333333333,0.7077708591350284,0.06666666666666667
9379,0.0,2024-01-29,signup,6,True,PTULNHQEDV,0.6,0.6745956599018256,0.06666666666666667
9381,0.0,2024-01-18,signup,5,False,DYSUZSFLAP,0.3333333333333333,0.3193154491330191,0.17777777777777778
9382,1.0,2024-01-25,signup,4,False,QWGJAUIAND,0.5333333333333333,0.6559465795228584,0.2888888888888889
9383,0.0,2024-01-06,signup,7,False,XDPBOILMLF,0.26666666666666666,0.5937345960054404,0.04444444444444444
9384,1.0,2024-01-02,signup,9,True,QUFTFCISGA,0.2,0.5732334244688856,0.4222222222222223
9388,0.0,2024-01-20,signup,1,True,INBPCXTHDB,0.4,0.5972936274653996,0.022222222222222223
9397,0.0,2024-01-25,signup,5,False,RMOOYAAXLW,0.2,0.6320340481982268,0.2
9405,0.0,2024-01-17,signup,6,False,YNTYNXRSVT,0.13333333333333333,0.2948805516605363,0.0
9411,1.0,2024-01-31,signup,5,True,QSGYKNWJSA,0.13333333333333333,0.5889337515006617,0.24444444444444444
9414,0.0,2024-01-06,signup,6,False,CFBQCXWTIT,0.3333333333333333,0.3303480150618233,0.08888888888888889
9415,0.0,2024-01-14,signup,5,True,HOKVCXTZAG,0.4666666666666667,0.6817419395791929,0.13333333333333333
9422,1.0,2024-01-18,signup,7,False,IHKKEGWJFN,0.4666666666666667,0.721569908192237,0.24444444444444444
9431,0.0,2024-01-22,signup,2,False,DLDWGVGYYJ,0.4666666666666667,0.545133082304842,0.06666666666666667
9433,0.0,2024-01-01,signup,7,True,BQJQQSKNSJ,0.5333333333333333,0.5099950662632343,0.0
9435,0.0,2024-01-05,signup,6,True,NGHFHYJCYU,0.13333333333333333,0.5246754597199345,0.06666666666666667
9437,0.0,2024-01-01,signup,8,True,WUHVBHVTYP,0.13333333333333333,0.601137605703501,0.35555555555555557
9438,0.0,2024-01-04,signup,7,True,UHUYNDGDLY,0.4666666666666667,0.33282750969622665,0.06666666666666667
9456,0.0,2024-01-30,signup,1,False,WLJDVOFXNJ,0.2,0.4613636290353397,0.1111111111111111
9461,0.0,2024-01-28,signup,8,False,PQPMXUVPDO,0.2,0.4394621970791407,0.022222222222222223
9471,1.0,2024-01-03,signup,9,True,EBJVCQAMWG,0.6,0.45977780267595103,0.4
9472,1.0,2024-01-10,signup,9,True,GCIIZJBEAJ,0.5333333333333333,0.574049883063288,0.13333333333333333
9479,0.0,2024-01-05,signup,9,False,KVIRGPJKCP,0.4666666666666667,0.6336212254450454,0.08888888888888889
9481,0.0,2024-01-08,signup,7,False,HSJNPLNMJE,0.2,0.6328119974837113,0.1111111111111111
9484,1.0,2024-01-17,signup,2,True,JZCKWUVUMR,0.2,0.5780949626107091,0.15555555555555556
9486,0.0,2024-01-01,signup,2,False,GVEONZLTHP,0.4666666666666667,0.7405568748720875,0.04444444444444444
9513,1.0,2024-01-05,signup,2,True,CMVMLBXEEP,0.4,0.6267028752878295,0.24444444444444444
9515,0.0,2024-01-03,signup,1,True,AMRPNFCPFD,0.4666666666666667,0.5159564367888209,0.0
9517,1.0,2024-01-02,signup,5,True,QPGOFHSPFA,0.26666666666666666,0.5063668755252971,0.15555555555555556
9520,0.0,2024-01-26,signup,6,False,TSAJSOJWXU,0.26666666666666666,0.6202955232415245,0.06666666666666667
9521,1.0,2024-01-22,signup,9,True,RUVBKQFKLV,0.2,0.5709465869578635,0.15555555555555556
9525,0.0,2024-01-22,signup,1,True,PSISUUNHNO,0.4,0.7953037054019781,0.08888888888888889
9527,0.0,2024-01-11,signup,1,True,BOUMAKKJER,0.4,0.6475842688966927,0.13333333333333333
9529,1.0,2024-01-03,signup,8,True,ROOLKIGWKR,0.26666666666666666,0.49435263901623017,0.15555555555555556
9531,1.0,2024-01-08,signup,3,True,OJNTIDFSUP,0.26666666666666666,0.48712847301242,0.33333333333333337
9532,0.0,2024-01-26,signup,1,False,JIEHMTXUCX,0.2,0.6924519554470779,0.022222222222222223
9537,1.0,2024-01-15,signup,3,False,GEPNYAAZSR,0.13333333333333333,0.5321107957209102,0.35555555555555557
9540,0.0,2024-01-28,signup,8,False,CMDLWSPMOC,0.3333333333333333,0.5590872301159685,0.17777777777777778
9543,0.0,2024-01-18,signup,4,True,VDDDXLVYGW,0.6666666666666666,0.3255651465923909,0.04444444444444444
9545,0.0,2024-01-29,signup,3,False,ZZDUIDJXXS,0.5333333333333333,0.43048775979072407,0.0
9550,0.0,2024-01-17,signup,7,False,IOATNFQJIR,0.5333333333333333,0.477462190274088,0.022222222222222223
9558,1.0,2024-01-03,signup,1,False,UDAZKCAPTA,0.4,0.48569306273703183,0.31111111111111117
9580,0.0,2024-01-12,signup,4,True,XDXMSTDEKY,0.26666666666666666,0.5920709842694717,0.06666666666666667
9583,0.0,2024-01-20,signup,5,False,QGMJOTIUVD,0.2,0.6309277052588572,0.24444444444444444
9586,0.0,2024-01-22,signup,4,False,NTKEJECHUP,0.2,0.6391823534569202,0.04444444444444444
9589,1.0,2024-01-20,signup,6,True,HCCUVOFNFM,0.26666666666666666,0.7353449934697206,0.22222222222222224
9591,0.0,2024-01-07,signup,4,True,AGKFSPREAL,0.6,0.45229900101237075,0.2
9597,0.0,2024-01-14,signup,3,True,CDKVWATLEX,0.2,0.5974744213546804,0.0
9603,0.0,2024-01-20,signup,5,False,AVWWOBYOXR,0.5333333333333333,0.8976639117929742,0.08888888888888889
9609,1.0,2024-01-23,signup,8,True,ABDZNSNDWE,0.4666666666666667,0.8862776579460075,0.24444444444444444
9616,1.0,2024-01-13,signup,1,True,CDAUIRILEZ,0.6,0.5668592957840136,0.5777777777777777
9617,1.0,2024-01-17,signup,8,False,OIZCSAWGUC,0.4,0.6106971426020168,0.2888888888888889
9619,0.0,2024-01-15,signup,1,False,MVEQFTZWIR,0.2,0.48725946809947895,0.022222222222222223
9620,0.0,2024-01-26,signup,2,True,EGTJJDKHGU,0.26666666666666666,0.5081811250873075,0.08888888888888889
9621,0.0,2024-01-12,signup,5,False,SXQIAHQLHL,0.4,0.5297492295760223,0.1111111111111111
9623,1.0,2024-01-10,signup,1,False,VPPNYZFRHL,0.4666666666666667,0.5888922172920416,0.4
9625,0.0,2024-01-30,signup,4,True,UWRIJQLQJL,0.4,0.6735642174510433,0.08888888888888889
9628,0.0,2024-01-22,signup,2,True,CUXXJVSUNY,0.4,0.5938099607443773,0.15555555555555556
9630,0.0,2024-01-11,signup,5,False,DWDLBQRRMK,0.26666666666666666,0.3549232864358106,0.15555555555555556
9637,0.0,2024-01-12,signup,4,True,FYOETEMEWB,0.5333333333333333,0.46285543779839056,0.13333333333333333
9638,0.0,2024-01-12,signup,6,True,EGQTGSRKXQ,0.06666666666666667,0.5340709192513068,0.04444444444444444
9647,1.0,2024-01-12,signup,8,True,XQYEGAKKGN,0.3333333333333333,0.4522921972181607,0.17777777777777778
9651,0.0,2024-01-03,signup,9,True,GTAQIBEWZJ,0.26666666666666666,0.5482156208302583,0.15555555555555556
9652,0.0,2024-01-29,signup,6,False,NQLRKPFGAQ,0.5333333333333333,0.25433566182356004,0.04444444444444444
9653,0.0,2024-01-10,signup,7,True,TNRLONNUAA,0.2,0.4719386022098365,0.5777777777777777
9654,1.0,2024-01-29,signup,5,True,IHRULTCIEG,0.4,0.6109226906325643,0.13333333333333333
9669,1.0,2024-01-08,signup,5,True,UENATBULHC,0.8,0.5251363602468105,0.3777777777777778
9672,0.0,2024-01-24,signup,8,False,KGVYAKTWQA,0.4666666666666667,0.6261285393657435,0.15555555555555556
9675,1.0,2024-01-20,signup,4,False,IIATISIBRX,0.26666666666666666,0.4289416968879006,0.33333333333333337
9679,0.0,2024-01-16,signup,7,True,IJGSYPFTRI,0.26666666666666666,0.4734039624391858,0.04444444444444444
9681,0.0,2024-01-12,signup,8,False,TWZUFADPZT,0.26666666666666666,0.3449867362024447,0.2666666666666667
9682,0.0,2024-01-31,signup,5,True,HNFWONATIJ,0.26666666666666666,0.19946600642929913,0.0
9687,0.0,2024-01-01,signup,3,True,VPXPMLRPVQ,0.2,0.4092801582689093,0.0
9698,1.0,2024-01-31,signup,6,True,WMJRZJNUMI,0.13333333333333333,0.348514938230284,0.22222222222222224
9703,1.0,2024-01-30,signup,9,True,NTWEWJLCIP,0.3333333333333333,0.2900305575705221,0.08888888888888889
9707,0.0,2024-01-09,signup,7,True,UJNZOXTAUV,0.3333333333333333,0.5321353055091645,0.08888888888888889
9708,0.0,2024-01-03,signup,8,False,XBYXPBSOCE,0.26666666666666666,0.6601227305683696,0.06666666666666667
9709,1.0,2024-01-01,signup,7,False,LHDKXXHDHG,0.26666666666666666,0.7125469527475773,0.4222222222222223
9716,0.0,2024-01-26,signup,2,True,WXQTBSKVVG,0.4666666666666667,0.4860033106270091,0.022222222222222223
9717,0.0,2024-01-05,signup,7,True,OLLIKSGCPH,0.06666666666666667,0.33916652455248675,0.13333333333333333
9718,0.0,2024-01-20,signup,2,False,GGFXXCBYCI,0.2,0.31065147952019856,0.022222222222222223
9722,1.0,2024-01-13,signup,1,True,PMJSQZVABJ,0.3333333333333333,0.4741712064747833,0.2666666666666667
9732,0.0,2024-01-21,signup,4,False,QYBFQOHBPL,0.4666666666666667,0.6355418215871041,0.5111111111111111
9736,1.0,2024-01-10,signup,7,True,LLKIMZRFAG,0.4666666666666667,0.6392040880527033,0.24444444444444444
9738,0.0,2024-01-27,signup,7,False,JHOUMWMRXA,0.5333333333333333,0.5844658144489748,0.0
9739,1.0,2024-01-03,signup,7,False,XBOKHZRNIX,0.26666666666666666,0.6824595217785018,0.15555555555555556
9743,1.0,2024-01-29,signup,1,True,YKNBVXZXAP,0.4,0.284820930573484,0.33333333333333337
9744,0.0,2024-01-17,signup,6,True,PBRXWXRJXR,0.3333333333333333,0.5069259062562582,0.24444444444444444
9745,1.0,2024-01-04,signup,4,True,MPHBRYQDLY,0.4666666666666667,0.6369377595217512,0.33333333333333337
9748,0.0,2024-01-10,signup,6,False,CXAGGSHZNB,0.2,0.36690170068519457,0.06666666666666667
9750,0.0,2024-01-28,signup,6,False,DGSQSVPPBU,0.26666666666666666,0.5660617079907796,0.0
9752,0.0,2024-01-01,signup,9,False,IJXZIYUQDN,0.6,0.863978310700923,0.08888888888888889
9754,0.0,2024-01-26,signup,3,True,YRPPHFWDQJ,0.13333333333333333,0.34035181137875303,0.04444444444444444
9759,1.0,2024-01-18,signup,9,True,PGOLUBVYRV,0.4,0.5436960111189483,0.46666666666666673
9769,0.0,2024-01-28,signup,1,True,BLEBOOJNQU,0.4666666666666667,0.4459791645429493,0.1111111111111111
9770,1.0,2024-01-28,signup,9,True,VKYGHKEKLI,0.13333333333333333,0.541462103942356,0.08888888888888889
9771,0.0,2024-01-23,signup,2,False,PNFUNDARCI,0.4,0.4936696926094085,0.04444444444444444
9772,0.0,2024-01-22,signup,3,False,GDQZLIOCWR,0.2,0.589459756193759,0.0
9774,1.0,2024-01-06,signup,5,True,FCYUXYIGGD,0.2,0.5564243924184954,0.33333333333333337
9779,1.0,2024-01-21,signup,9,False,DKBYBGODOX,0.4,0.6810232970672322,0.24444444444444444
9781,0.0,2024-01-03,signup,7,True,MAZBBJQRNY,0.4666666666666667,0.42028338952573707,0.13333333333333333
9787,0.0,2024-01-19,signup,7,False,ALVSZMFNUD,0.2,0.3524374647420717,0.08888888888888889
9789,0.0,2024-01-09,signup,7,False,FOVYLHGWRW,0.06666666666666667,0.5495662222372096,0.022222222222222223
9791,1.0,2024-01-14,signup,4,True,YCQPNMJQIA,0.4,0.5059490781329762,0.6222222222222222
9792,0.0,2024-01-02,signup,7,False,ZKWSKJZRFJ,0.06666666666666667,0.7114512525736968,0.0
9793,0.0,2024-01-21,signup,6,False,FIXNUHDXPW,0.2,0.7550493975650555,0.04444444444444444
9794,1.0,2024-01-04,signup,1,True,AYPCNDSEGM,0.26666666666666666,0.49382041104920316,0.2
9801,0.0,2024-01-02,signup,7,True,HLCXZMGQWK,0.26666666666666666,0.4420677583357143,0.04444444444444444
9803,1.0,2024-01-19,signup,3,False,MKGWCYTFDZ,0.26666666666666666,0.4626438327068575,0.33333333333333337
9804,1.0,2024-01-08,signup,4,True,HAYIQTDOOL,0.4666666666666667,0.5675631397304609,0.24444444444444444
9809,1.0,2024-01-25,signup,4,True,SOYGIRNMVG,0.4,0.822107709610648,0.35555555555555557
9810,0.0,2024-01-30,signup,4,True,YRPTXYXQSZ,0.26666666666666666,0.5921804823717641,0.04444444444444444
9812,0.0,2024-01-18,signup,6,True,CUCAVXIQOK,0.2,0.3507248865268183,0.08888888888888889
9819,0.0,2024-01-25,signup,7,False,CGBIECEJPX,0.13333333333333333,0.6872620393489831,0.022222222222222223
9824,0.0,2024-01-28,signup,8,False,MDMSIDLLIW,0.26666666666666666,0.3381402374928645,0.022222222222222223
9826,0.0,2024-01-26,signup,2,True,HQXZWXBSPR,0.8,0.4301769264173966,0.08888888888888889
9835,0.0,2024-01-23,signup,3,True,TBHJNNWCXA,0.26666666666666666,0.563015820326289,0.0
9846,1.0,2024-01-28,signup,3,False,URVARRIBAV,0.2,0.38019301272454886,0.24444444444444444
9847,0.0,2024-01-04,signup,8,True,KMVMRDBFEG,0.2,0.5106812405448599,0.0
9849,1.0,2024-01-10,signup,4,False,CWHXKIKNAF,0.4,0.38661641889298426,0.1111111111111111
9850,1.0,2024-01-18,signup,6,True,GSDUMGKKZO,0.3333333333333333,0.517378472494122,0.33333333333333337
9854,1.0,2024-01-01,signup,7,False,ZJNRKCLLKA,0.3333333333333333,0.664599745085014,0.22222222222222224
9862,1.0,2024-01-12,signup,3,False,SWDEPMTWNT,0.13333333333333333,0.501507596596665,0.35555555555555557
9864,1.0,2024-01-02,signup,5,False,GLNRLTZLAV,0.4,0.5143827981115544,0.24444444444444444
9865,0.0,2024-01-19,signup,9,True,QCRINUOKLH,0.3333333333333333,0.8932592329089076,0.04444444444444444
9868,1.0,2024-01-10,signup,7,True,UJZOJNPBMC,0.4666666666666667,0.23382554465023275,0.1111111111111111
9869,0.0,2024-01-17,signup,1,True,HDTREUUIBU,0.4,0.6477889888143128,0.0
9873,0.0,2024-01-27,signup,8,True,XSMVTQDUWG,0.2,0.5623408203996264,0.13333333333333333
9874,1.0,2024-01-11,signup,4,False,QHKOJPIVXI,0.26666666666666666,0.629473975444547,0.17777777777777778
9879,1.0,2024-01-19,signup,6,True,HJYUGBHTAR,0.3333333333333333,0.4492421172856297,0.17777777777777778
9898,1.0,2024-01-23,signup,8,False,IUZVFZXTLD,0.3333333333333333,0.4985260763381175,0.35555555555555557
9901,0.0,2024-01-01,signup,2,True,WOVQDNQQKH,0.13333333333333333,0.6998299403872906,0.13333333333333333
9902,0.0,2024-01-24,signup,4,True,AYFDKJINMM,0.26666666666666666,0.6019341035556237,0.0
9903,1.0,2024-01-29,signup,7,True,QIBIFYCTMH,0.3333333333333333,0.5682102273170614,0.4
9905,0.0,2024-01-29,signup,5,False,HUWWMYRIAI,0.26666666666666666,0.5163731437533511,0.06666666666666667
9912,0.0,2024-01-08,signup,5,True,FCIPDZJQJY,0.5333333333333333,0.472611377521606,0.04444444444444444
9917,0.0,2024-01-21,signup,2,True,VYXIGQJMQU,0.4666666666666667,0.412167779602994,0.0
9921,1.0,2024-01-10,signup,1,False,JWKEEDYOXD,0.4,0.493653491396847,0.5555555555555556
9922,1.0,2024-01-28,signup,9,False,XNVFCAOPJW,0.06666666666666667,0.710495938169969,0.24444444444444444
9928,1.0,2024-01-20,signup,1,False,FJVIZYAEFN,0.4,0.42961069966013354,0.2666666666666667
9930,1.0,2024-01-20,signup,3,True,CZVZHLBZOP,0.26666666666666666,0.3954505491615149,0.24444444444444444
9937,1.0,2024-01-15,signup,2,False,LSIGBTAGSN,0.13333333333333333,0.48140435018761296,0.4
9939,1.0,2024-01-14,signup,5,False,OCFIVNUKOS,0.13333333333333333,0.6066882264549708,0.13333333333333333
9942,0.0,2024-01-29,signup,8,True,XRCDMRZGUH,0.4,0.327156204030561,0.08888888888888889
9945,0.0,2024-01-14,signup,6,False,BZWBSWNEWW,0.06666666666666667,0.4107700127162349,0.0
9953,0.0,2024-01-03,signup,8,True,AXUXDIPEYL,0.13333333333333333,0.44394058840927986,0.04444444444444444
9957,1.0,2024-01-20,signup,1,True,ASTTQPJFVJ,0.13333333333333333,0.45733800854435336,0.1111111111111111
9960,1.0,2024-01-22,signup,3,False,UPJHDYQJPZ,0.26666666666666666,0.5008471279834458,0.7111111111111111
9961,1.0,2024-01-15,signup,7,False,EZUJXLGPSL,0.5333333333333333,0.7021184626230711,0.22222222222222224
9969,0.0,2024-01-01,signup,4,True,MKAUXKOLWQ,0.26666666666666666,0.3308811343609016,0.022222222222222223
9970,0.0,2024-01-09,signup,1,True,MUDVYPCTBF,0.4,0.5153075301969737,0.022222222222222223
9981,1.0,2024-01-20,signup,7,True,WMWKVKMISY,0.4,0.3946160960208215,0.2666666666666667
9988,0.0,2024-01-04,signup,1,True,LIQTZNOOEM,0.5333333333333333,0.6562860190651033,0.15555555555555556
9990,0.0,2024-01-15,signup,4,False,LKFTELMNZP,0.26666666666666666,0.41418497407629296,0.0
9999,0.0,2024-01-30,signup,9,False,CCEMRNNMRB,0.3333333333333333,0.5141776062684801,0.13333333333333333
10001,0.0,2024-01-17,signup,3,False,LFIWBWUBFF,0.3333333333333333,0.6714881758623968,0.13333333333333333
10005,1.0,2024-01-14,signup,4,False,TBAMBLSUOW,0.26666666666666666,0.8536634690449715,0.3777777777777778
10026,1.0,2024-01-20,signup,8,True,EPYJHZSBPZ,0.4,0.5916324970009129,0.4222222222222223
10029,1.0,2024-01-18,signup,2,True,HHVZYFEERE,0.4,0.6861083593632712,0.33333333333333337
10032,1.0,2024-01-11,signup,7,False,AWCKWXRNBI,0.4,0.4572797264494771,0.13333333333333333
10036,1.0,2024-01-25,signup,4,False,JGCVHIYVQN,0.13333333333333333,0.5377352922712338,0.6444444444444445
10038,1.0,2024-01-14,signup,3,True,QVHYAYFJIB,0.4666666666666667,0.6424902369089084,0.4
10039,0.0,2024-01-12,signup,5,False,FUWMNBWGNW,0.26666666666666666,0.4583379423282615,0.0
10041,0.0,2024-01-26,signup,9,False,ZQIHEJLMYU,0.4,0.6806661789448526,0.15555555555555556
10052,1.0,2024-01-11,signup,2,True,RIXHGCSLTI,0.13333333333333333,0.6489724951537504,0.2
10059,0.0,2024-01-04,signup,6,True,SKZABXPEBJ,0.26666666666666666,0.432100612731935,0.06666666666666667
10064,0.0,2024-01-17,signup,5,True,ZMLLCXRBPK,0.13333333333333333,0.7443574324599119,0.0
10066,1.0,2024-01-30,signup,9,False,PLFACDRPSW,0.4666666666666667,0.6275460430529808,0.22222222222222224
10067,1.0,2024-01-16,signup,3,True,VFRWGXREVC,0.4666666666666667,0.3428354991684365,0.08888888888888889
10073,0.0,2024-01-01,signup,7,True,BIESEPTJIG,0.2,0.5068101184740089,0.4222222222222223
10077,0.0,2024-01-09,signup,7,False,RSXGQZXPIQ,0.4,0.5207590634266587,0.13333333333333333
10081,1.0,2024-01-13,signup,9,False,ZZFPBNUSVL,0.3333333333333333,0.6690965240105452,0.22222222222222224
10082,1.0,2024-01-16,signup,7,True,ZGJCPISZQU,0.5333333333333333,0.5218405575252582,0.2666666666666667
10083,0.0,2024-01-22,signup,2,False,JZRPUHQNNP,0.4666666666666667,0.4453307532714016,0.022222222222222223
10084,0.0,2024-01-11,signup,9,False,NHCZLWYOEP,0.3333333333333333,0.44009596222780545,0.0
10087,0.0,2024-01-26,signup,3,False,MBQEZHLWZB,0.3333333333333333,0.6366831639277105,0.022222222222222223
10091,0.0,2024-01-29,signup,6,True,MBKVOOOJIF,0.26666666666666666,0.5639355034670962,0.022222222222222223
10093,1.0,2024-01-01,signup,1,False,EQVSQHAONR,0.26666666666666666,0.0,0.17777777777777778
10096,1.0,2024-01-05,signup,3,True,LZMAMZGVDK,0.26666666666666666,0.5243719743377574,0.33333333333333337
10101,1.0,2024-01-06,signup,5,False,JJCQVKDIXI,0.6666666666666666,0.5028944767201428,0.2
10126,0.0,2024-01-20,signup,4,False,MQKUIATYIZ,0.4666666666666667,0.5309076172405675,0.31111111111111117
10137,1.0,2024-01-19,signup,5,False,TTYTCFGHXY,0.3333333333333333,0.6346281404358224,0.15555555555555556
10139,1.0,2024-01-04,signup,4,True,YHOLTTBSIY,0.4666666666666667,0.7096625822508328,0.13333333333333333
10140,0.0,2024-01-09,signup,8,False,DYTPERKCUL,0.3333333333333333,0.767529532340823,0.0
10144,1.0,2024-01-19,signup,4,False,JHOIMIOWAQ,0.4666666666666667,0.33684538220537596,0.24444444444444444
10152,0.0,2024-01-18,signup,2,False,HKQPLFPOYF,0.5333333333333333,0.45192854176666486,0.17777777777777778
10158,1.0,2024-01-26,signup,4,True,CGMXKOHQAY,0.13333333333333333,0.7045043168125326,0.13333333333333333
10164,1.0,2024-01-15,signup,9,True,HTYWKGXWGS,0.06666666666666667,0.3948986220211995,0.3777777777777778
10165,0.0,2024-01-30,signup,1,True,SSTLMNLTLH,0.4,0.5415612431768074,0.17777777777777778
10170,1.0,2024-01-07,signup,7,True,CDATBCLTFJ,0.4,0.2928858021532471,0.17777777777777778
10177,0.0,2024-01-13,signup,5,True,HKSFUXDZOM,0.13333333333333333,0.5036168919388341,0.13333333333333333
10187,1.0,2024-01-04,signup,4,False,YBKPZBTEOV,0.4666666666666667,0.38950574840152596,0.08888888888888889
10195,1.0,2024-01-06,signup,5,True,HCWEXRGKXD,0.26666666666666666,0.6948530107476635,0.2666666666666667
10201,0.0,2024-01-17,signup,7,True,SMTAACMZBK,0.2,0.37946688310482946,0.24444444444444444
10202,0.0,2024-01-29,signup,3,False,QCOUWKIIEM,0.26666666666666666,0.5862234925400552,0.13333333333333333
10203,0.0,2024-01-18,signup,1,False,WMHSMDQRTP,0.4,0.48599020010144456,0.08888888888888889
10205,0.0,2024-01-26,signup,9,True,KYNGFOZFIQ,0.2,0.23548237609692146,0.08888888888888889
10212,0.0,2024-01-31,signup,8,True,VNKJUWKOIU,0.26666666666666666,0.7805214845267318,0.022222222222222223
10213,1.0,2024-01-12,signup,6,False,THIOCXMDVS,0.13333333333333333,0.6272917144743503,0.5333333333333333
10223,0.0,2024-01-13,signup,7,False,KEWNHHFGFC,0.3333333333333333,0.4865648288366492,0.3777777777777778
10225,1.0,2024-01-17,signup,1,True,KGOAAOKKSI,0.3333333333333333,0.47822277550911696,0.13333333333333333
10226,1.0,2024-01-31,signup,5,True,BGHBIIIEDS,0.4666666666666667,0.5692917613309781,0.2888888888888889
10234,1.0,2024-01-20,signup,5,True,QEXCXLJESZ,0.2,0.517021558146385,0.33333333333333337
10235,1.0,2024-01-16,signup,8,True,PQDIUAXXMX,0.4666666666666667,0.33075139951152777,0.13333333333333333
10238,1.0,2024-01-10,signup,8,True,IXRMCQJROD,0.4,0.491134299138435,0.33333333333333337
10242,0.0,2024-01-29,signup,3,True,KGXTPFUKHE,0.26666666666666666,0.6142159146333436,0.022222222222222223
10246,0.0,2024-01-16,signup,4,True,VGWFFDFJHT,0.06666666666666667,0.4627760680490257,0.06666666666666667
10250,1.0,2024-01-30,signup,6,False,GLJSWMIXBE,0.3333333333333333,0.34726127802684525,0.2888888888888889
10252,0.0,2024-01-20,signup,8,True,CVDUJCGNRJ,0.3333333333333333,0.6437589510639338,0.0
10257,1.0,2024-01-29,signup,5,False,QKVSHVVCCL,0.2,0.6114261153551271,0.33333333333333337
10259,0.0,2024-01-29,signup,3,False,QHAKOJXJYK,0.4,0.4313538948380934,0.35555555555555557
10260,1.0,2024-01-09,signup,6,False,MMXXIXDJAB,0.5333333333333333,0.4731211313076328,0.6888888888888889
10273,0.0,2024-01-18,signup,2,True,TFSLPXACCH,0.4666666666666667,0.4837416866907288,0.1111111111111111
10276,1.0,2024-01-05,signup,3,True,FFIGBNGSHQ,0.2,0.44358988380301134,0.24444444444444444
10281,0.0,2024-01-13,signup,5,True,GWFJTZVNJQ,0.4666666666666667,0.662331648927155,0.022222222222222223
10282,1.0,2024-01-21,signup,8,True,WAQETBIASO,0.26666666666666666,0.5981464364887773,0.1111111111111111
10286,0.0,2024-01-01,signup,4,True,SJWBAZVCLP,0.5333333333333333,0.3358659474110183,0.13333333333333333
10287,0.0,2024-01-19,signup,4,False,AWVFUNTVVG,0.2,0.5335272930165454,0.0
10288,1.0,2024-01-28,signup,9,False,GNKLDUTEZX,0.8,0.6481100458680839,0.33333333333333337
10293,1.0,2024-01-07,signup,1,False,ASJJJHZNME,0.4,0.42007518238740016,0.31111111111111117
10301,1.0,2024-01-01,signup,7,True,QBIUJVIONT,0.4,0.5552968445115162,0.2888888888888889
10305,1.0,2024-01-14,signup,3,False,ZPPKHTFGLJ,0.4666666666666667,0.7597529764048557,0.33333333333333337
10308,1.0,2024-01-04,signup,5,True,MKONXJUTAK,0.13333333333333333,0.5583066500859079,0.2888888888888889
10311,0.0,2024-01-18,signup,2,False,NLFVZVZIXY,0.4666666666666667,0.4350463144947533,0.15555555555555556
10314,1.0,2024-01-03,signup,8,True,XGOBWHTTMW,0.26666666666666666,0.3961916154689379,0.13333333333333333
10316,0.0,2024-01-22,signup,8,False,WTHFISAUYN,0.3333333333333333,0.5501436225736897,0.04444444444444444
10317,0.0,2024-01-23,signup,7,True,TVPZQNANIZ,0.26666666666666666,0.45400098509124087,0.022222222222222223
10327,0.0,2024-01-11,signup,9,False,RUQKWTGGZW,0.4666666666666667,0.522929582142237,0.0
10329,1.0,2024-01-25,signup,5,False,WWIBHNOGQO,0.4,0.5829776162998309,0.22222222222222224
10331,1.0,2024-01-25,signup,8,False,DZZRNKMGIG,0.4666666666666667,0.467271353762564,0.17777777777777778
10332,0.0,2024-01-10,signup,1,True,None,0.3333333333333333,0.6435102319621885,0.2888888888888889
10333,1.0,2024-01-13,signup,6,True,KCSDVIFKHN,0.5333333333333333,0.6572011617703993,0.17777777777777778
10334,0.0,2024-01-17,signup,3,True,TVPEIKQUTF,0.3333333333333333,0.3314289796279556,0.08888888888888889
10336,0.0,2024-01-21,signup,5,True,DLMBXPSIGW,0.3333333333333333,0.43451193861492865,0.15555555555555556
10339,1.0,2024-01-16,signup,6,True,PBUAACOTMR,0.3333333333333333,0.702202400756948,0.17777777777777778
10342,0.0,2024-01-21,signup,7,True,QCGEXXLHAU,0.26666666666666666,0.5306699467683799,0.06666666666666667
10348,1.0,2024-01-11,signup,6,True,SGFWTTZBMR,0.2,0.7869049402772191,0.2
10349,0.0,2024-01-29,signup,9,False,WDIFPOWXAN,0.2,0.44201934547223243,0.08888888888888889
10350,1.0,2024-01-03,signup,2,False,DDHEHZJPWI,0.5333333333333333,0.565693412292874,0.24444444444444444
10351,1.0,2024-01-26,signup,6,True,RKXJYJNXLH,0.2,0.42964424312935934,0.17777777777777778
10355,0.0,2024-01-05,signup,1,False,KBHUJNAYCC,0.4,0.4317558969299512,0.0
10359,1.0,2024-01-15,signup,4,False,IFCTVNVWVR,0.26666666666666666,0.5780542021584659,0.4
10360,1.0,2024-01-20,signup,7,True,GYHFQSCQRQ,0.13333333333333333,0.5491915592574396,0.4222222222222223
10361,1.0,2024-01-20,signup,2,False,BNHMAJOBLH,0.4666666666666667,0.26911276966153463,0.2888888888888889
10364,0.0,2024-01-17,signup,5,True,XWSYJJIENY,0.26666666666666666,0.3570358464814921,0.1111111111111111
10365,0.0,2024-01-29,signup,8,False,ZMQNARCFIU,0.06666666666666667,0.521812129850885,0.08888888888888889
10366,1.0,2024-01-08,signup,8,False,RBGRFYWTLH,0.4666666666666667,0.6411557273569911,0.2666666666666667
10369,1.0,2024-01-26,signup,2,True,ALZAHKARTP,0.13333333333333333,0.46464776393213236,0.31111111111111117
10371,1.0,2024-01-25,signup,8,True,UMHDEYCNOA,0.2,0.6522363439995659,0.2666666666666667
10373,0.0,2024-01-29,signup,3,False,KLMROGVIZV,0.5333333333333333,0.6124556021945761,0.022222222222222223
10382,0.0,2024-01-27,signup,3,True,TPLPJVXCAS,0.26666666666666666,0.1572259592737305,0.15555555555555556
10397,1.0,2024-01-27,signup,7,True,WRUSXPGONO,0.4666666666666667,0.49436618436889035,0.22222222222222224
10399,0.0,2024-01-03,signup,7,True,FCVLFDTLDA,0.5333333333333333,0.25219968020210526,0.022222222222222223
10401,0.0,2024-01-15,signup,2,True,SNNHMBOBXZ,0.26666666666666666,0.4515935650751667,0.1111111111111111
10403,0.0,2024-01-21,signup,2,False,FZKUXVSSIY,0.4,0.5591585095529091,0.04444444444444444
10406,0.0,2024-01-22,signup,1,False,SVSHIGYOEX,0.3333333333333333,0.6424320144042855,0.22222222222222224
10410,1.0,2024-01-31,signup,5,True,VPSIPSEOYE,0.26666666666666666,0.5671308157152702,0.2666666666666667
10412,0.0,2024-01-25,signup,6,False,YIMMKXJWGN,0.2,0.7904132208843558,0.04444444444444444
10414,1.0,2024-01-30,signup,9,True,IUSQOMFYGS,0.2,0.5021955504455439,0.13333333333333333
10421,0.0,2024-01-05,signup,4,True,SAUTUJZJKV,0.06666666666666667,0.5088417958631352,0.31111111111111117
10424,1.0,2024-01-11,signup,2,False,MGEPHNSUHQ,0.2,0.9351233283323165,0.2666666666666667
10430,0.0,2024-01-25,signup,9,True,USIXPGLKHG,0.3333333333333333,0.5745010622906114,0.0
10433,0.0,2024-01-18,signup,6,True,VSAOUGQGCK,0.26666666666666666,0.769973049443405,0.04444444444444444
10434,1.0,2024-01-07,signup,7,True,DTNKHTUKVK,0.26666666666666666,0.5155383110430453,0.08888888888888889
10437,1.0,2024-01-29,signup,6,True,QPFYMZSQXL,0.3333333333333333,0.3720875689651201,0.4222222222222223
10438,0.0,2024-01-07,signup,5,False,QFKMIWQDFA,0.06666666666666667,0.6830111115855394,0.022222222222222223
10454,1.0,2024-01-15,signup,9,True,FHPYTFPDNK,0.3333333333333333,0.49134549794443105,0.2666666666666667
10456,0.0,2024-01-14,signup,1,False,PSMKIMLXIL,0.4666666666666667,0.31778620312663375,0.06666666666666667
10465,0.0,2024-01-20,signup,5,False,KKWCYIRNAZ,0.3333333333333333,0.7664593320424363,0.15555555555555556
10466,0.0,2024-01-20,signup,4,True,ZZYRYYMZRX,0.7333333333333333,0.5879325351660977,0.022222222222222223
10470,1.0,2024-01-18,signup,6,False,SAEIIPZTOQ,0.4666666666666667,0.40927568782960544,0.15555555555555556
10473,0.0,2024-01-14,signup,8,False,IDWAPZEBVK,0.4,0.5478440149981768,0.4444444444444445
10480,0.0,2024-01-14,signup,6,True,XOAFELNOVA,0.3333333333333333,0.7279217099810363,0.04444444444444444
10483,0.0,2024-01-08,signup,4,False,HYDNJAJBXV,0.7333333333333333,0.708030470182819,0.08888888888888889
10489,0.0,2024-01-28,signup,9,True,WQNPMYWEDE,0.6666666666666666,0.555224566718563,0.2
10491,0.0,2024-01-05,signup,4,False,GOBQDIQZOF,0.26666666666666666,0.5901354417778514,0.17777777777777778
10496,1.0,2024-01-21,signup,2,False,JPHAGZZIKU,0.26666666666666666,0.37998922651827527,0.08888888888888889
10499,0.0,2024-01-09,signup,7,True,MLFEFFQWQT,0.26666666666666666,0.8310643237135767,0.04444444444444444
10508,1.0,2024-01-13,signup,9,False,EURCBAZIHI,0.2,0.32623861680151667,0.13333333333333333
10510,0.0,2024-01-19,signup,9,True,OLBRNIKCLG,0.26666666666666666,0.5363421133744685,0.08888888888888889
10521,1.0,2024-01-30,signup,1,False,ERDGQKGJPP,0.4,0.49926979321149345,0.22222222222222224
10523,0.0,2024-01-31,signup,3,False,ATCBABUBAX,0.2,0.46924047829315174,0.04444444444444444
10525,1.0,2024-01-27,signup,5,False,ZLJQSRDJKX,0.2,0.5249623044689039,0.22222222222222224
10531,1.0,2024-01-03,signup,8,False,EZALWLBQWP,0.26666666666666666,0.4001163864577234,0.15555555555555556
10533,0.0,2024-01-15,signup,7,False,PZWIOEBPYK,0.2,0.41351437036481264,0.022222222222222223
10539,0.0,2024-01-31,signup,4,False,HMWBWLIZXA,0.26666666666666666,0.4739428356403431,0.0
10541,1.0,2024-01-25,signup,1,True,DODAAYGQUV,0.3333333333333333,0.42769334678947224,0.24444444444444444
10554,1.0,2024-01-21,signup,8,False,FSIBLEGSKD,0.4666666666666667,0.4224986162782912,0.1111111111111111
10557,1.0,2024-01-12,signup,9,True,KFOXUKDHML,0.13333333333333333,0.3540375702070794,0.1111111111111111
10563,0.0,2024-01-01,signup,7,True,EGTQWVKKFA,0.4,0.5379356329536461,0.22222222222222224
10565,1.0,2024-01-16,signup,6,False,VUBQAVNTFU,0.2,0.5883347120566734,0.5777777777777777
10566,1.0,2024-01-30,signup,6,True,OJPWXNJNYM,0.2,0.5556730915905238,0.2888888888888889
10569,1.0,2024-01-06,signup,6,False,LHWGCREPLD,0.26666666666666666,0.4645902565132428,0.31111111111111117
10571,1.0,2024-01-04,signup,8,False,BETIPFHVRC,0.3333333333333333,0.41732373342043505,0.4
10578,0.0,2024-01-04,signup,4,False,None,0.13333333333333333,0.34388906084302684,0.022222222222222223
10585,0.0,2024-01-10,signup,8,True,PANNSMSYBF,0.2,0.801505198078306,0.04444444444444444
10586,0.0,2024-01-15,signup,3,True,REVAKLEGNI,0.26666666666666666,0.526841107734585,0.0
10588,1.0,2024-01-10,signup,2,False,JVGLOIHUBA,0.6,0.5098226649996239,0.06666666666666667
10590,1.0,2024-01-06,signup,8,False,KTEXNSGWXC,0.06666666666666667,0.36338530717125817,0.22222222222222224
10592,0.0,2024-01-14,signup,6,False,FOQQXNHQQV,0.06666666666666667,0.5243845310279985,0.022222222222222223
10596,1.0,2024-01-08,signup,3,False,HSVWSGGCDV,0.5333333333333333,0.4886182188537401,0.4
10602,1.0,2024-01-01,signup,8,False,GRHWTVCXAZ,0.26666666666666666,0.2834956650332362,0.2666666666666667
10606,1.0,2024-01-12,signup,2,True,MKOTJCXGWA,0.2,0.5125483923651207,0.22222222222222224
10612,0.0,2024-01-19,signup,7,False,MXMPHIXNYO,0.26666666666666666,0.5390351672472405,0.33333333333333337
10618,0.0,2024-01-28,signup,6,True,KUWEPACDAS,0.4666666666666667,0.5821792252240837,0.022222222222222223
10629,1.0,2024-01-04,signup,4,False,QOHIPFPEQX,0.2,0.6909990357469752,0.24444444444444444
10632,0.0,2024-01-03,signup,5,False,EWZVXUHPBJ,0.26666666666666666,0.41585753647910473,0.2
10640,1.0,2024-01-02,signup,2,True,SAVBYAAXCY,0.4,0.429706079612831,0.33333333333333337
10642,0.0,2024-01-05,signup,6,False,GXLGOBWSGK,0.2,0.5845469851902027,0.022222222222222223
10643,1.0,2024-01-16,signup,2,True,BJWRUYAAIV,0.4,0.5660842136069645,0.2666666666666667
10645,0.0,2024-01-23,signup,7,False,ROKPCZPMPC,0.5333333333333333,0.6399464796116653,0.2
10649,1.0,2024-01-13,signup,8,False,GABEBNJLXI,0.3333333333333333,0.5009545770034131,0.15555555555555556
10652,1.0,2024-01-11,signup,8,True,YVAZDWKCUX,0.06666666666666667,0.47971139574397526,0.13333333333333333
10654,0.0,2024-01-16,signup,2,True,TCXBEACWDR,0.26666666666666666,0.7938748945801625,0.08888888888888889
10664,1.0,2024-01-29,signup,3,True,VCECJKUKUM,0.4666666666666667,0.5484184861944444,0.08888888888888889
10669,0.0,2024-01-02,signup,6,False,LKIMQVWWXL,0.26666666666666666,0.6597913308342959,0.17777777777777778
10671,0.0,2024-01-29,signup,8,False,RDADJVHIIP,0.4,0.4239842388356344,0.13333333333333333
10683,1.0,2024-01-15,signup,1,True,VDQHHTWPAP,0.26666666666666666,0.611828808050963,0.1111111111111111
10687,0.0,2024-01-07,signup,3,True,RTAQGXBSDO,0.4666666666666667,0.4357518059249782,0.06666666666666667
10690,1.0,2024-01-04,signup,3,True,NSYKASOMUO,0.3333333333333333,0.6327761519250393,0.2888888888888889
10709,0.0,2024-01-19,signup,2,True,XWDUZFQPLE,0.13333333333333333,0.4107121340361587,0.1111111111111111
10712,1.0,2024-01-29,signup,5,False,JLRFMDMOXI,0.4,0.47695266354007415,0.15555555555555556
10716,0.0,2024-01-10,signup,3,False,GSLXOVNNCP,0.26666666666666666,0.364602894203954,0.06666666666666667
10723,1.0,2024-01-25,signup,7,False,NGNNPMBPTA,0.26666666666666666,0.3131059944539033,0.2
10727,0.0,2024-01-06,signup,3,True,UGTMGEEHZN,0.13333333333333333,0.5073445229593642,0.2888888888888889
10728,0.0,2024-01-27,signup,2,True,NQOZJZNBMM,0.26666666666666666,0.4828097347463952,0.13333333333333333
10729,1.0,2024-01-03,signup,4,False,GWZEZCVFIE,0.3333333333333333,0.5315799280945709,0.33333333333333337
10737,0.0,2024-01-05,signup,2,True,FNKIQZWTPW,0.3333333333333333,0.2761632359344496,0.15555555555555556
10738,0.0,2024-01-08,signup,8,True,RXSFAFBHIM,0.3333333333333333,0.5748232410960935,0.17777777777777778
10740,0.0,2024-01-14,signup,9,True,TOIVIYVAEG,0.3333333333333333,0.29129439401037105,0.06666666666666667
10741,1.0,2024-01-24,signup,7,False,IAUUKYGBQH,0.3333333333333333,0.656745859932737,0.24444444444444444
10752,1.0,2024-01-11,signup,4,True,CYKOEPSGQY,0.4,0.4659979825359505,0.17777777777777778
10756,0.0,2024-01-09,signup,7,True,CSXGVSSOJV,0.26666666666666666,0.4224749451420674,0.15555555555555556
10757,1.0,2024-01-28,signup,4,True,VHKODSIJXM,0.13333333333333333,0.6518273159350746,0.1111111111111111
10758,0.0,2024-01-24,signup,7,False,MQUXFVFJOX,0.4666666666666667,0.5684249726486078,0.0
10765,1.0,2024-01-01,signup,4,True,ZQJRKKGMYP,0.26666666666666666,0.5425114266322145,0.33333333333333337
10768,0.0,2024-01-31,signup,4,True,HQIHXHWQGG,0.4,0.3461875635217141,0.0
10776,0.0,2024-01-19,signup,7,True,LZTIPXLSJM,0.4666666666666667,0.6221357323598636,0.2
10777,1.0,2024-01-22,signup,5,False,PLBHAQEFIW,0.5333333333333333,0.35822595111075983,0.15555555555555556
10782,1.0,2024-01-24,signup,1,True,KDYJRUYLRB,0.2,0.374130687416545,0.2666666666666667
10788,1.0,2024-01-13,signup,5,False,SKDUCKPVCE,0.26666666666666666,0.4230171971654343,0.24444444444444444
10795,0.0,2024-01-26,signup,2,False,HPJMKSSYSR,0.4666666666666667,0.9148276879330034,0.022222222222222223
10799,0.0,2024-01-07,signup,7,True,TCOMYVTCFB,0.3333333333333333,0.5121383231104216,0.0
10800,0.0,2024-01-13,signup,1,True,DSLZDHKWHP,0.26666666666666666,0.5917166799691348,0.0
10802,0.0,2024-01-20,signup,7,False,VDBWHAWROU,0.26666666666666666,0.731076601861195,0.022222222222222223
10810,1.0,2024-01-18,signup,7,True,JKZUPBYFNF,0.4,0.472175273295279,0.2
10812,0.0,2024-01-11,signup,2,True,TKHEOPJHHX,0.13333333333333333,0.5723573759567956,0.06666666666666667
10816,1.0,2024-01-24,signup,6,True,HCFTYJYESU,0.3333333333333333,0.5627121550092445,0.24444444444444444
10818,0.0,2024-01-09,signup,5,False,DYKBAKCOVP,0.06666666666666667,0.3342352432276544,0.13333333333333333
10819,0.0,2024-01-03,signup,7,True,JWOTSQWJRX,0.26666666666666666,0.44993002275198835,0.0
10821,0.0,2024-01-25,signup,9,True,MSRVVGRLXS,0.2,0.4916681102193162,0.15555555555555556
10828,1.0,2024-01-23,signup,4,False,MOGYTJPQWY,0.13333333333333333,0.5684743022228055,0.17777777777777778
10829,1.0,2024-01-18,signup,4,False,QKFDTVBABN,0.13333333333333333,0.45517726810665804,0.4222222222222223
10837,1.0,2024-01-08,signup,2,False,BCWKBSICHS,0.26666666666666666,0.31486423226074367,0.33333333333333337
10838,1.0,2024-01-10,signup,5,False,TWERYGENLM,0.13333333333333333,0.6370337224089356,0.2888888888888889
10840,1.0,2024-01-26,signup,2,False,TLDDQKBQEW,0.4666666666666667,0.3509746430253907,0.13333333333333333
10841,0.0,2024-01-02,signup,2,False,LMSCAUKTOS,0.4,0.5241670763791416,0.022222222222222223
10851,0.0,2024-01-20,signup,8,True,JHTCCHKVDZ,0.6666666666666666,0.3987741759534039,0.2666666666666667
10855,1.0,2024-01-03,signup,6,False,SCKBTGYQDW,0.26666666666666666,0.7063683412328113,0.2888888888888889
10860,1.0,2024-01-11,signup,8,True,GWJTIHBCYR,0.3333333333333333,0.516369292519396,0.17777777777777778
10863,1.0,2024-01-07,signup,3,False,WQDIFCDCRS,0.6,0.45906068578537595,0.31111111111111117
10867,1.0,2024-01-17,signup,9,False,PUQNIJETTP,0.26666666666666666,0.5856031025594267,0.24444444444444444
10871,1.0,2024-01-27,signup,4,False,VIBQTNWXXU,0.26666666666666666,0.6984600387848062,0.31111111111111117
10877,1.0,2024-01-01,signup,7,False,GUWBQQPESD,0.2,0.4741066613693098,0.3777777777777778
10881,0.0,2024-01-16,signup,3,True,MXOTFVYTTU,0.4,0.615951363972581,0.0
10883,1.0,2024-01-25,signup,2,False,ALRDCIXDLP,0.26666666666666666,0.4018441146237782,0.2888888888888889
10886,0.0,2024-01-21,signup,7,True,IUHPNZIIWA,0.26666666666666666,0.6065985706296019,0.1111111111111111
10888,1.0,2024-01-20,signup,8,True,TDONYPJQLB,0.4,0.4411535593150918,0.31111111111111117
10895,0.0,2024-01-29,signup,7,False,FRGYBJEOKF,0.26666666666666666,0.5114457490034444,0.022222222222222223
10902,1.0,2024-01-04,signup,3,True,OXEZXVYOFQ,0.4666666666666667,0.5732204709250065,0.31111111111111117
10903,1.0,2024-01-04,signup,2,False,JGFSZJNWNT,0.4666666666666667,0.570282317478691,0.2888888888888889
10906,0.0,2024-01-25,signup,5,True,VHANYAULAG,0.6666666666666666,0.4434466988384681,0.1111111111111111
10910,0.0,2024-01-31,signup,7,True,NOZPYAFHGB,0.4666666666666667,0.7132903297817762,0.13333333333333333
10917,0.0,2024-01-15,signup,5,False,AXJTLZRQMB,0.2,0.5557832225448088,0.04444444444444444
10923,0.0,2024-01-16,signup,1,False,NHETICDBSB,0.2,0.3551438613269752,0.022222222222222223
10924,1.0,2024-01-23,signup,9,True,SCMAXHERRE,0.4,0.5692750902974585,0.4222222222222223
10927,0.0,2024-01-09,signup,7,True,UWPRAWXWVI,0.3333333333333333,0.4888343871560209,0.0
10931,0.0,2024-01-08,signup,6,True,KPGFHDARUY,0.0,0.5903076691776717,0.0
10933,1.0,2024-01-24,signup,4,True,ESLAJOWJEI,0.6666666666666666,0.5219353999149111,0.4444444444444445
10940,1.0,2024-01-25,signup,1,True,XIUKYOUTHZ,0.2,0.695830690116033,0.17777777777777778
10944,0.0,2024-01-06,signup,9,False,JXMJCGFCYM,0.4666666666666667,0.5796985779990907,0.08888888888888889
10945,1.0,2024-01-25,signup,3,True,BOOEINYNSA,0.6666666666666666,0.5692308609618363,0.33333333333333337
10948,0.0,2024-01-05,signup,3,False,LXUDDZYENG,0.06666666666666667,0.2957108488223893,0.13333333333333333
10950,0.0,2024-01-01,signup,4,False,RKPYEGSHXA,0.26666666666666666,0.45297728059756637,0.15555555555555556
10951,1.0,2024-01-19,signup,3,True,IPCGESJGVN,0.13333333333333333,0.6038878781590235,0.2
10952,0.0,2024-01-11,signup,2,True,DFEAJEQZPR,0.13333333333333333,0.5228142003094788,0.08888888888888889
10964,1.0,2024-01-23,signup,4,True,EAFAGAPLXC,0.4666666666666667,0.5332673357149676,0.31111111111111117
10966,0.0,2024-01-29,signup,6,True,HQRTGOVLQM,0.26666666666666666,0.6543074762283619,0.022222222222222223
10968,1.0,2024-01-13,signup,5,False,UPOZGNPFCQ,0.26666666666666666,0.48488068728771794,0.6
10978,0.0,2024-01-25,signup,2,True,JUBWQDOQUA,0.26666666666666666,0.544145886208579,0.06666666666666667
10983,0.0,2024-01-10,signup,1,False,UKRBBANIBF,0.26666666666666666,0.3137926524443114,0.022222222222222223
10984,0.0,2024-01-13,signup,3,True,VYSJANYMXR,0.26666666666666666,0.689735130811523,0.022222222222222223
10987,0.0,2024-01-09,signup,5,True,KZXYFAXPOB,0.5333333333333333,0.6692588391555244,0.0
10993,0.0,2024-01-11,signup,9,False,VEANALHEQH,0.26666666666666666,0.628149543527868,0.17777777777777778
10999,1.0,2024-01-16,signup,7,False,BZBRQDXNDI,0.3333333333333333,0.5635607403881487,0.17777777777777778
11009,0.0,2024-01-11,signup,5,False,MCOMHBKHVI,0.6,0.2999381402763305,0.06666666666666667
11010,1.0,2024-01-12,signup,5,False,UFQESQDFKN,0.5333333333333333,0.6060930888480943,0.35555555555555557
11021,0.0,2024-01-23,signup,8,False,XIGVRDUCVE,0.5333333333333333,0.6931268926127397,0.06666666666666667
11031,0.0,2024-01-14,signup,5,False,ECAKXMJKWX,0.3333333333333333,0.5724492416681545,0.022222222222222223
11035,1.0,2024-01-08,signup,5,False,DKKQATLGKB,0.3333333333333333,0.5241804982817994,0.3777777777777778
11036,1.0,2024-01-09,signup,3,False,HJZSFDIBMZ,0.5333333333333333,0.4509581808641613,0.06666666666666667
11042,1.0,2024-01-22,signup,7,False,ABWJHHOOBT,0.3333333333333333,0.5078334442926983,0.2666666666666667
11044,0.0,2024-01-07,signup,9,False,MUKRIAPYOW,0.13333333333333333,0.27341677316214763,0.04444444444444444
11047,0.0,2024-01-29,signup,1,True,IKILXPPLIC,0.2,0.4140986021019003,0.06666666666666667
11050,0.0,2024-01-24,signup,3,False,EIQHJAMNJJ,0.7333333333333333,0.5774465878907385,0.04444444444444444
11056,1.0,2024-01-19,signup,4,True,IGNPHQDUWU,0.4,0.6941434681327666,0.31111111111111117
11059,1.0,2024-01-26,signup,6,False,MXFWHYCTVP,0.6,0.8422627411957185,0.31111111111111117
11066,0.0,2024-01-12,signup,6,True,FADJHIWDFL,0.13333333333333333,0.5774442737343594,0.0
11068,1.0,2024-01-22,signup,3,False,STNMMWRGNJ,0.4666666666666667,0.7423148461219126,0.2
11072,0.0,2024-01-10,signup,4,False,WQCCQJTEEE,0.13333333333333333,0.5493866806574238,0.13333333333333333
11078,0.0,2024-01-31,signup,3,False,VSWIZRHHEH,0.13333333333333333,0.5443881850162383,0.04444444444444444
11081,0.0,2024-01-29,signup,9,False,VNROWNIFOD,0.4,0.42763330175246883,0.022222222222222223
11093,0.0,2024-01-26,signup,7,False,QLQZOGXAHO,0.2,0.5028351702702493,0.04444444444444444
11097,1.0,2024-01-30,signup,9,True,YDRHCSFEYB,0.4,0.4840688901975915,0.6444444444444445
11100,0.0,2024-01-21,signup,4,True,EZKOTPAAZU,0.3333333333333333,0.5192415572133583,0.04444444444444444
11101,1.0,2024-01-16,signup,7,False,UVUBIERIOB,0.4666666666666667,0.6184189628100077,0.24444444444444444
11103,0.0,2024-01-21,signup,5,False,THXBBCVKRR,0.5333333333333333,0.39391463587113085,0.06666666666666667
11105,0.0,2024-01-31,signup,5,True,VUCVHLKJJO,0.3333333333333333,0.40389190176794354,0.4
11111,0.0,2024-01-22,signup,6,False,UOFHSNABFH,0.26666666666666666,0.5470303420762438,0.022222222222222223
11113,0.0,2024-01-20,signup,2,True,CGXJYOONML,0.2,0.5034309619613827,0.22222222222222224
11114,1.0,2024-01-20,signup,5,False,RLYADWFJOZ,0.4,0.7688910363371936,0.15555555555555556
11115,1.0,2024-01-03,signup,1,False,CNMYAAOJRR,0.3333333333333333,0.5522221646406434,0.17777777777777778
11117,1.0,2024-01-09,signup,2,True,RSWKXRBRMS,0.13333333333333333,0.20018466190703632,0.31111111111111117
11124,0.0,2024-01-05,signup,4,False,DZYSVLXJYC,0.4,0.4332616993914217,0.0
11134,1.0,2024-01-31,signup,9,False,HJPVFTDGAI,0.4666666666666667,0.5724628424268116,0.33333333333333337
11135,0.0,2024-01-09,signup,7,False,MXPBBSOMXU,0.3333333333333333,0.4706283576901412,0.08888888888888889
11141,1.0,2024-01-08,signup,5,False,XHIOCBXKJJ,0.26666666666666666,0.5990363047425075,0.22222222222222224
11146,0.0,2024-01-13,signup,1,True,FCCLHCCTVY,0.26666666666666666,0.5554841752396641,0.15555555555555556
11147,0.0,2024-01-21,signup,7,True,XOURFSTXDJ,0.3333333333333333,0.3652461782595978,0.0
11150,0.0,2024-01-21,signup,6,False,PBBCESDICD,0.5333333333333333,0.49577862048395216,0.0
11151,1.0,2024-01-24,signup,7,False,XLTPDCZCPN,0.5333333333333333,0.6569702497391102,0.35555555555555557
11156,1.0,2024-01-04,signup,3,True,IMFVCCFBRU,0.2,0.4065161061264849,0.1111111111111111
11157,0.0,2024-01-31,signup,7,False,VVEBTCTKRN,0.3333333333333333,0.49892005507679305,0.0
11158,1.0,2024-01-09,signup,5,True,PCJOUAWYCD,0.2,0.32675217330626694,0.24444444444444444
11161,0.0,2024-01-05,signup,7,False,EUNFHIEGWA,0.4,0.43488690981541767,0.0
11166,0.0,2024-01-19,signup,3,True,FVRJASOOVI,0.2,0.5795798373475546,0.17777777777777778
11169,0.0,2024-01-27,signup,1,False,ASKUWRHHUA,0.6666666666666666,0.4940285390512863,0.0
11170,1.0,2024-01-08,signup,8,True,LHMGICHNKD,0.4666666666666667,0.4509708561731288,0.17777777777777778
11171,1.0,2024-01-19,signup,6,True,LELXJRTSEJ,0.6,0.40326282793299495,0.22222222222222224
11173,1.0,2024-01-15,signup,7,True,XUBXVPNXOG,0.3333333333333333,0.5062329152221609,0.08888888888888889
11174,1.0,2024-01-04,signup,8,True,UBPUHKKFDL,0.2,0.6339133335822354,0.08888888888888889
11176,1.0,2024-01-13,signup,8,False,DLVODZPRHG,0.3333333333333333,0.5182849085620066,0.31111111111111117
11184,1.0,2024-01-01,signup,7,True,BCLJERHNNE,0.4666666666666667,0.5405205612405733,0.22222222222222224
11189,1.0,2024-01-29,signup,8,False,UMXWNANCFB,0.4666666666666667,0.5232057971163059,0.2888888888888889
11190,1.0,2024-01-27,signup,7,False,EHXSXLSZIY,0.4666666666666667,0.412536304259323,0.35555555555555557
11197,0.0,2024-01-18,signup,9,True,CJLCZJWFPZ,0.26666666666666666,0.6212598523605525,0.0
11200,0.0,2024-01-27,signup,2,False,JZHQJOIMXM,0.4,0.487508443343991,0.0
11201,0.0,2024-01-06,signup,1,False,QQJTPMCJII,0.3333333333333333,0.7631389068578583,0.15555555555555556
11202,1.0,2024-01-07,signup,8,True,QOTZREFEGP,0.5333333333333333,0.6704866636623278,0.46666666666666673
11203,1.0,2024-01-06,signup,8,False,NZVFZNGSBL,0.06666666666666667,0.6394351317038057,0.35555555555555557
11205,1.0,2024-01-06,signup,2,True,UIYVUXKCVW,0.6666666666666666,0.475335794995435,0.4444444444444445
11208,0.0,2024-01-08,signup,7,True,AAAEJOLSFX,0.4,0.5670014056235394,0.08888888888888889
11215,0.0,2024-01-18,signup,6,False,CQSNPZWGJX,0.2,0.3688877729807122,0.0
11220,0.0,2024-01-04,signup,1,False,IDIGDMVQGK,0.2,0.46795192835940436,0.1111111111111111
11222,1.0,2024-01-07,signup,1,False,UMNIWUVVDM,0.2,0.4689555657760426,0.2888888888888889
11232,0.0,2024-01-03,signup,1,True,GPHQCQMAPX,0.26666666666666666,0.4046615479709822,0.06666666666666667
11234,0.0,2024-01-14,signup,5,True,BFAGATXFHL,0.8,0.38876534864067513,0.04444444444444444
11240,0.0,2024-01-09,signup,8,False,THQAVKAGQW,0.6,0.7348849832153855,0.022222222222222223
11242,0.0,2024-01-12,signup,7,True,WTFNQXEEJZ,0.4666666666666667,0.5306409069433559,0.022222222222222223
11251,1.0,2024-01-06,signup,7,False,TZLNPRFIIN,0.13333333333333333,0.4168836897205238,0.2
11252,1.0,2024-01-04,signup,5,True,WXPMDRNEZT,0.5333333333333333,0.33669486253885916,0.13333333333333333
11263,0.0,2024-01-12,signup,5,True,LRPXVXSUVW,0.2,0.8686285917405624,0.06666666666666667
11264,1.0,2024-01-02,signup,1,False,AUQSSLXIYU,0.13333333333333333,0.8534302832042914,0.15555555555555556
11266,1.0,2024-01-19,signup,2,True,RHFUUDIWOO,0.2,0.547779901789396,0.35555555555555557
11271,0.0,2024-01-05,signup,5,True,NUCHHTSXLA,0.3333333333333333,0.3668082526125235,0.06666666666666667
11276,0.0,2024-01-31,signup,4,False,CDEWOREWVL,0.4,0.401693744258541,0.0
11277,1.0,2024-01-21,signup,3,False,OLCKJNVHAK,0.2,0.7123073085586237,0.5111111111111111
11279,1.0,2024-01-17,signup,5,False,EUDIDVGZVG,0.4,0.5105887189011139,0.3777777777777778
11280,0.0,2024-01-17,signup,1,True,NVTEFCOFXJ,0.2,0.32445359407869423,0.17777777777777778
11284,1.0,2024-01-13,signup,7,True,ZPJCUXFDWE,0.26666666666666666,0.5561029785936727,0.35555555555555557
11285,0.0,2024-01-12,signup,8,False,TTJGKZQDZT,0.2,0.6031083080513221,0.0
11286,1.0,2024-01-06,signup,6,True,EQTJNXHEAX,0.4,0.5329599221080413,0.4222222222222223
11288,0.0,2024-01-21,signup,3,True,ZHQVSVOYMT,0.4666666666666667,0.476854441037014,0.0
11289,1.0,2024-01-29,signup,4,True,KLLPJZIKHI,0.4666666666666667,0.4795856431331028,0.13333333333333333
11290,1.0,2024-01-13,signup,6,False,CHFPXMSBSM,0.4,0.43230348896491033,0.13333333333333333
11293,1.0,2024-01-05,signup,2,True,BPPXOIIDJV,0.26666666666666666,0.29831874282610016,0.33333333333333337
11294,0.0,2024-01-14,signup,4,False,AAXKODEIPG,0.3333333333333333,0.4630212103903256,0.04444444444444444
11304,0.0,2024-01-03,signup,3,True,LFIOGBMCAH,0.7333333333333333,0.5235233253958115,0.13333333333333333
11308,1.0,2024-01-25,signup,1,True,RLPBUDYGVR,0.2,0.43125686721039125,0.2
11309,0.0,2024-01-17,signup,8,False,EHPOOYPCZQ,0.5333333333333333,0.49445235785941655,0.022222222222222223
11320,1.0,2024-01-09,signup,8,False,OSCYZOVQKA,0.3333333333333333,0.3806965627997857,0.31111111111111117
11331,0.0,2024-01-15,signup,8,False,KQCZNCDAIY,0.2,0.4781670579739564,0.17777777777777778
11337,0.0,2024-01-21,signup,4,False,YPZFTJORJE,0.5333333333333333,0.5299800593082905,0.022222222222222223
11344,0.0,2024-01-07,signup,2,True,XDHWGYRHSB,0.6,0.7910766563986232,0.08888888888888889
11362,1.0,2024-01-22,signup,2,True,TQAQSPAERS,0.4666666666666667,0.5947197859238881,0.31111111111111117
11365,1.0,2024-01-04,signup,3,False,WJTEHMDPYH,0.4,0.3831114174197544,0.3777777777777778
11368,0.0,2024-01-03,signup,3,False,SOGYFLQCTV,0.26666666666666666,0.5335769224488071,0.04444444444444444
11369,1.0,2024-01-26,signup,9,False,FISMXFFHJY,0.5333333333333333,0.3828821781080308,0.5333333333333333
11371,0.0,2024-01-05,signup,3,False,GENTXWRVFK,0.06666666666666667,0.5276719569585261,0.06666666666666667
11375,0.0,2024-01-03,signup,1,False,JYDGHGBADV,0.2,0.6290473542343918,0.04444444444444444
11380,0.0,2024-01-03,signup,6,True,EGGXLKZHKM,0.2,0.4694196083307832,0.0
11405,1.0,2024-01-17,signup,3,True,BYWSRMMRXV,0.13333333333333333,0.5354381407801537,0.2666666666666667
11409,0.0,2024-01-12,signup,6,False,OJQYHSRLYN,0.26666666666666666,0.5362840945625441,0.04444444444444444
11412,0.0,2024-01-24,signup,5,True,FYOYWUSZAS,0.06666666666666667,0.4926335618242351,0.17777777777777778
11417,0.0,2024-01-29,signup,2,False,DHKTVUNNUJ,0.4,0.583929812462587,0.2
11423,1.0,2024-01-29,signup,9,False,TAQJCBGQKM,0.26666666666666666,0.43193144187536203,0.3777777777777778
11428,0.0,2024-01-28,signup,7,True,XATDZAOTAM,0.26666666666666666,0.36825458516206655,0.08888888888888889
11434,1.0,2024-01-04,signup,2,True,MLMOLNDNQB,0.3333333333333333,0.45333952970044245,0.1111111111111111
11436,0.0,2024-01-12,signup,5,False,XRZIBTHIMT,0.4,0.5158657793949363,0.17777777777777778
11440,0.0,2024-01-27,signup,7,True,KSQPUHVANL,0.2,0.452187071269078,0.15555555555555556
11442,0.0,2024-01-09,signup,4,True,BSVQCCQWWD,0.3333333333333333,0.5753710621460858,0.022222222222222223
11444,0.0,2024-01-07,signup,8,False,OSWQREFCLX,0.3333333333333333,0.6483216381264246,0.2
11456,0.0,2024-01-11,signup,1,True,BGBNDCQYRP,0.06666666666666667,0.3422712883419493,0.22222222222222224
11461,0.0,2024-01-28,signup,7,False,WLFAWXHCGY,0.26666666666666666,0.5982949024359437,0.022222222222222223
11462,1.0,2024-01-04,signup,5,False,BJAJOQRSIH,0.2,0.5376696743287498,0.13333333333333333
11463,0.0,2024-01-07,signup,8,True,AZNNYQESJM,0.4,0.466086568508174,0.24444444444444444
11467,1.0,2024-01-02,signup,7,False,YOWFQDXBQL,0.06666666666666667,0.4093132298522214,0.2
11473,0.0,2024-01-26,signup,6,True,OHDJDZBRFZ,0.3333333333333333,0.60558751803778,0.022222222222222223
11479,1.0,2024-01-07,signup,9,False,VZMPFDXVEW,0.4,0.7159603246662783,0.22222222222222224
11483,1.0,2024-01-25,signup,7,True,AYDALARNFJ,0.4,0.44084974373893615,0.33333333333333337
11487,0.0,2024-01-06,signup,2,False,WXLVVCKYST,0.3333333333333333,0.5995012563018974,0.0
11492,0.0,2024-01-02,signup,4,True,ZSAZXEKIGH,0.2,0.6744825440442336,0.06666666666666667
11495,1.0,2024-01-08,signup,5,False,BZHNHXCHNL,0.4666666666666667,0.5346190393000853,0.31111111111111117
11498,0.0,2024-01-15,signup,9,False,JJZKJPOQXT,0.5333333333333333,0.41219588789317985,0.06666666666666667
11504,1.0,2024-01-03,signup,6,True,FUUBKCMADL,0.3333333333333333,0.5831885117775691,0.1111111111111111
11505,1.0,2024-01-11,signup,1,True,QEZYRSDWMB,0.2,0.43221220928871584,0.2888888888888889
11506,1.0,2024-01-11,signup,4,True,NXSTFMJXGD,0.4,0.42089445675764503,0.2888888888888889
11508,0.0,2024-01-03,signup,8,True,ZLZXFLZQFW,0.4666666666666667,0.4625936755363945,0.04444444444444444
11509,0.0,2024-01-09,signup,7,False,HXAFYZMHZC,0.4666666666666667,0.43797667064440915,0.1111111111111111
11511,1.0,2024-01-19,signup,7,False,LDUJEUQXON,0.3333333333333333,0.5137463089896023,0.33333333333333337
11512,1.0,2024-01-11,signup,5,True,LPNPGIKQVW,0.2,0.8121312605509073,0.15555555555555556
11514,1.0,2024-01-02,signup,2,False,ZBCTRWKHUJ,0.4666666666666667,0.5684971831927305,0.13333333333333333
11518,1.0,2024-01-20,signup,9,False,AFDHDEINEJ,0.2,0.5240941126290669,0.15555555555555556
11521,0.0,2024-01-21,signup,5,True,YHWZAZEZIA,0.26666666666666666,0.38842301887609054,0.06666666666666667
11525,1.0,2024-01-06,signup,1,True,XXPXVWXTHV,0.26666666666666666,0.5605747449790798,0.3777777777777778
11537,1.0,2024-01-17,signup,4,True,MMFXEKFWNT,0.3333333333333333,0.9186610375968306,0.35555555555555557
11540,1.0,2024-01-25,signup,2,True,AKFUINNLTI,0.26666666666666666,0.3745193818304947,0.06666666666666667
11542,1.0,2024-01-31,signup,6,False,EKVNECEIUE,0.6,0.5713059995782827,0.17777777777777778
11543,0.0,2024-01-08,signup,3,False,YDVOCKTHPX,0.5333333333333333,0.5915180603651712,0.06666666666666667
11546,1.0,2024-01-30,signup,4,False,JHONYSWIIW,0.2,0.5129678605534321,0.22222222222222224
11552,1.0,2024-01-27,signup,6,False,VJCVOXCWEB,0.4666666666666667,0.4752023480394195,0.22222222222222224
11558,0.0,2024-01-22,signup,1,True,YNWSJBWPHO,0.4666666666666667,0.550132935395797,0.022222222222222223
11561,0.0,2024-01-27,signup,1,True,QUQZXAHPLB,0.4666666666666667,0.6290924755131558,0.06666666666666667
11565,0.0,2024-01-31,signup,8,False,KDBZTSEYVG,0.6,0.6187886771482382,0.022222222222222223
11567,0.0,2024-01-02,signup,7,False,QELMFZSMPZ,0.7333333333333333,0.5512139647066269,0.06666666666666667
11572,0.0,2024-01-22,signup,1,False,VMGGBQYPVQ,0.3333333333333333,0.7014855591256438,0.13333333333333333
11575,0.0,2024-01-02,signup,5,True,AIPNAALQUK,0.13333333333333333,0.39657092267436445,0.0
11577,1.0,2024-01-18,signup,7,False,ZIGLMNRCWK,0.3333333333333333,0.8081993425865889,0.22222222222222224
11579,1.0,2024-01-11,signup,7,True,EGDEWLLBIV,0.4666666666666667,0.6268130159620816,0.33333333333333337
11582,1.0,2024-01-08,signup,1,True,QFMJDDIKEN,0.3333333333333333,0.6660477155149102,0.1111111111111111
11584,1.0,2024-01-28,signup,2,False,OEYFWTVJAQ,0.4666666666666667,0.7096042163084714,0.1111111111111111
11589,1.0,2024-01-30,signup,3,False,NQOOMFMQJU,0.3333333333333333,0.46477982382005567,0.1111111111111111
11593,0.0,2024-01-27,signup,5,False,JTGDLMIUSM,0.26666666666666666,0.356222531412247,0.08888888888888889
11595,1.0,2024-01-29,signup,3,True,VIUBBRYEBQ,0.2,0.3420326505947081,0.1111111111111111
11600,0.0,2024-01-12,signup,9,False,OVJSPNCPDX,0.4666666666666667,0.327772234294761,0.22222222222222224
11605,1.0,2024-01-24,signup,6,True,IEZFZYLBXN,0.26666666666666666,0.4633978626877927,0.2888888888888889
11606,0.0,2024-01-27,signup,6,True,SIRKWRKFHO,0.06666666666666667,0.4567176633999789,0.022222222222222223
11612,0.0,2024-01-20,signup,8,False,PGITEAQOEF,0.13333333333333333,0.7389894369212849,0.0
11618,1.0,2024-01-17,signup,6,True,KRZVXEEJZF,0.6,0.47004122391082015,0.2
11632,1.0,2024-01-29,signup,9,True,HYNSPDAMAD,0.3333333333333333,0.47562235501920014,0.2666666666666667
11638,0.0,2024-01-17,signup,4,False,VIQFFCXSET,0.4,0.30889368797406436,0.04444444444444444
11652,0.0,2024-01-01,signup,7,True,ASKTAZLRMK,0.26666666666666666,0.6031036917060327,0.24444444444444444
11669,0.0,2024-01-30,signup,7,False,KJXQCDCTJS,0.2,0.9155772780708297,0.06666666666666667
11672,0.0,2024-01-01,signup,4,False,YBTSOYXSJJ,0.0,0.5978563571386507,0.13333333333333333
11674,0.0,2024-01-08,signup,2,True,LQPZBSQJWP,0.5333333333333333,0.35353191727330235,0.022222222222222223
11680,0.0,2024-01-13,signup,5,False,DVQLNMPFWQ,0.2,0.7855387197350011,0.0
11688,0.0,2024-01-26,signup,6,False,ZTSGZDWMAL,0.4,0.7399922970252669,0.022222222222222223
11690,0.0,2024-01-25,signup,7,False,YGBRWVUUGR,0.3333333333333333,0.5607332247197111,0.0
11691,1.0,2024-01-07,signup,6,False,QFAPIKAOLF,0.26666666666666666,0.5721829095749887,0.5111111111111111
11692,1.0,2024-01-24,signup,9,True,LDXYPHJZKO,0.4666666666666667,0.5146787447902116,0.4222222222222223
11701,0.0,2024-01-03,signup,4,False,RWAHYEWWIJ,0.26666666666666666,0.1004724343381036,0.35555555555555557
11708,0.0,2024-01-15,signup,6,True,PMMTKQRNLP,0.4,0.8008631924941566,0.2666666666666667
11722,0.0,2024-01-22,signup,5,False,HYLNLUHQNC,0.4,0.25958714596728505,0.08888888888888889
11725,0.0,2024-01-13,signup,8,True,OUHFSPAUUT,0.4666666666666667,0.2984026769654803,0.06666666666666667
11726,0.0,2024-01-19,signup,8,True,ASWNZHCIVS,0.3333333333333333,0.16603812138327678,0.04444444444444444
11728,0.0,2024-01-23,signup,4,False,DKEWMFJLDR,0.13333333333333333,0.5598074960142035,0.08888888888888889
11730,1.0,2024-01-22,signup,2,False,TYTUYAKPGI,0.26666666666666666,0.5001463593492946,0.08888888888888889
11737,1.0,2024-01-16,signup,6,False,IJZWGWZKTK,0.0,0.6657943095771431,0.4
11739,0.0,2024-01-28,signup,2,False,YTRGSLAFNU,0.4,0.43306980605319023,0.022222222222222223
11746,0.0,2024-01-20,signup,9,False,PTQITNCUGF,0.26666666666666666,0.6183854484625756,0.0
11748,0.0,2024-01-02,signup,1,False,KRPKBCLMHS,0.2,0.7634068579112127,0.0
11750,1.0,2024-01-08,signup,4,True,RPHRQPAMPX,0.06666666666666667,0.5114337907977874,0.2
11754,0.0,2024-01-31,signup,3,True,QWKWNSZGAK,0.4666666666666667,0.6719899901889977,0.022222222222222223
11756,1.0,2024-01-17,signup,7,True,OXMQZYTANN,0.0,0.3315653687960215,0.24444444444444444
11759,1.0,2024-01-19,signup,6,True,VBIKENPYCB,0.6666666666666666,0.4394032980240129,0.13333333333333333
11765,1.0,2024-01-11,signup,6,True,QNWAUBDXHN,0.2,0.39120242535123084,0.13333333333333333
11768,0.0,2024-01-16,signup,8,True,PWJNUOLOBZ,0.4666666666666667,0.3708697668258846,0.0
11769,0.0,2024-01-31,signup,1,False,EENGPKAJHM,0.13333333333333333,0.6326875802115527,0.06666666666666667
11772,0.0,2024-01-04,signup,4,True,JLMOHYDREA,0.06666666666666667,0.3214151528296473,0.04444444444444444
11775,0.0,2024-01-25,signup,8,False,MHPAZXXMOE,0.3333333333333333,0.6762271087424553,0.17777777777777778
11778,1.0,2024-01-17,signup,9,False,MRLSAAYQPZ,0.3333333333333333,0.5357082602748303,0.24444444444444444
11780,0.0,2024-01-01,signup,6,False,LSRDZCXPII,0.5333333333333333,0.6750964869614807,0.1111111111111111
11783,1.0,2024-01-22,signup,5,False,VZFSLAZBIV,0.3333333333333333,0.5321409953649309,0.4222222222222223
11784,1.0,2024-01-12,signup,6,False,MNVLQAHZSJ,0.13333333333333333,0.6341272313418976,0.08888888888888889
11785,1.0,2024-01-06,signup,3,True,KNZOXEGIHS,0.3333333333333333,0.6953658964920736,0.1111111111111111
11789,1.0,2024-01-26,signup,8,False,PKVFLBMWYS,0.4,0.4841931525195916,0.22222222222222224
11790,1.0,2024-01-22,signup,7,True,WCMWXEJLRY,0.4,0.5999431378543644,0.33333333333333337
11795,1.0,2024-01-15,signup,1,False,REPDYGPASW,0.26666666666666666,0.5739205503329,0.4
11796,0.0,2024-01-31,signup,4,True,PGAIEUYNJN,0.2,0.6276135111440863,0.0
11806,1.0,2024-01-18,signup,6,True,YMPCXUJDLN,0.26666666666666666,0.5284865230077768,0.5555555555555556
11808,0.0,2024-01-02,signup,3,True,None,0.4,0.42800821408275935,0.06666666666666667
11813,0.0,2024-01-21,signup,7,True,HYCADOJOGA,0.5333333333333333,0.5927280874794255,0.24444444444444444
11815,1.0,2024-01-15,signup,5,True,NDVBLOOWBA,0.4,0.6420629201159215,0.3777777777777778
11818,1.0,2024-01-31,signup,3,False,GJJUVPMKBX,0.7333333333333333,0.5802219937873537,0.24444444444444444
11819,0.0,2024-01-25,signup,8,True,EEVMJSSYZS,0.4,0.6285508823535847,0.13333333333333333
11820,1.0,2024-01-29,signup,8,True,YRDZUMJJBQ,0.4,0.5790785177125227,0.4444444444444445
11830,0.0,2024-01-02,signup,7,True,WAJYMEGFNZ,0.8666666666666667,0.5548119988685233,0.2666666666666667
11837,1.0,2024-01-03,signup,8,True,FUSTHTPOIJ,0.5333333333333333,0.6987176230881321,0.3777777777777778
11840,0.0,2024-01-13,signup,4,True,NSXPYDTGXR,0.4666666666666667,0.36026480320107834,0.04444444444444444
11847,1.0,2024-01-12,signup,1,False,GVZQYVYHXC,0.3333333333333333,0.6032882113575987,0.2666666666666667
11852,1.0,2024-01-08,signup,7,True,VMYGFSSWHA,0.13333333333333333,0.4486785149297553,0.2666666666666667
11861,0.0,2024-01-11,signup,7,False,AAMFOUYNWS,0.26666666666666666,0.49759419281348405,0.022222222222222223
11866,0.0,2024-01-20,signup,9,True,RQFYXAEDBX,0.2,0.4778199078586455,0.0
11883,0.0,2024-01-09,signup,7,True,NBAGSJXJMM,0.13333333333333333,0.7132926334000692,0.15555555555555556
11886,0.0,2024-01-11,signup,5,False,GYCEGUAARE,0.3333333333333333,0.4131013508800486,0.0
11888,1.0,2024-01-06,signup,7,False,DHSKWPYDQT,0.4666666666666667,0.524131353287799,0.1111111111111111
11893,0.0,2024-01-07,signup,6,False,TPSXHZKXEP,0.4,0.8039299359243671,0.022222222222222223
11894,0.0,2024-01-15,signup,7,False,IXAXKNLXPN,0.3333333333333333,0.4562169702589768,0.04444444444444444
11900,0.0,2024-01-20,signup,9,False,ARSOKBHOCJ,0.26666666666666666,0.42416360454061885,0.0
11907,0.0,2024-01-27,signup,2,False,KBQXJSRZYQ,0.4666666666666667,0.3050909656249744,0.08888888888888889
11910,1.0,2024-01-28,signup,4,True,VBEIGJQTXG,0.2,0.5715923944067821,0.24444444444444444
11914,1.0,2024-01-29,signup,1,True,WFFFEQNNMN,0.6666666666666666,0.6987863957179948,0.22222222222222224
11919,1.0,2024-01-24,signup,5,True,ULLNQCLXKE,0.4,0.5469914201707745,0.2888888888888889
11924,0.0,2024-01-13,signup,7,False,HTERUIZPKJ,0.4,0.43282567895097046,0.0
11927,0.0,2024-01-04,signup,7,False,KMBDSULEIN,0.4,0.38939449382298996,0.1111111111111111
11936,1.0,2024-01-14,signup,3,False,ITQUNHYVWL,0.2,0.49542307504008065,0.33333333333333337
11937,0.0,2024-01-28,signup,1,True,UPXMXNQPFS,0.4666666666666667,0.7224041570615191,0.17777777777777778
11942,0.0,2024-01-31,signup,6,False,XOAVQSMOKE,0.2,0.6316276648187943,0.35555555555555557
11943,1.0,2024-01-07,signup,5,False,IMWGNXGDJL,0.4666666666666667,0.7991543360426007,0.2888888888888889
11951,0.0,2024-01-23,signup,2,False,EZPHDMBYBO,0.3333333333333333,0.3672558710517334,0.22222222222222224
11954,1.0,2024-01-31,signup,9,True,ICULORHOKI,0.2,0.4837966049097221,0.31111111111111117
11969,1.0,2024-01-04,signup,4,False,SJJUXAQJCD,0.13333333333333333,0.6155948303965278,0.5111111111111111
11971,0.0,2024-01-20,signup,2,False,DPZDWMXKRZ,0.3333333333333333,0.5954652915137871,0.13333333333333333
11972,0.0,2024-01-11,signup,9,False,DQDFQJFORJ,0.4,0.5368442688982052,0.08888888888888889
11976,0.0,2024-01-22,signup,8,False,VVCTIPGMMH,0.4,0.3797662224348807,0.06666666666666667
11985,1.0,2024-01-22,signup,6,False,ZOFNELAOLR,0.3333333333333333,0.5520871725566484,0.2888888888888889
12000,1.0,2024-01-14,signup,5,True,OQBGZFHDFS,0.5333333333333333,0.46143960884575497,0.1111111111111111
12002,0.0,2024-01-01,signup,3,False,JGKCKXDUCV,0.6,0.6709882919708924,0.06666666666666667
12005,1.0,2024-01-01,signup,6,False,IHYINFFRJH,0.4,0.5432229837375248,0.35555555555555557
12013,1.0,2024-01-12,signup,4,True,WWWUCLGUCO,0.4,0.5688452331715698,0.46666666666666673
12016,0.0,2024-01-27,signup,8,False,EETDFBLZIT,0.4,0.34542177971435695,0.0
12018,0.0,2024-01-24,signup,4,False,XSFSHIBNJG,0.2,0.5727251395487917,0.0
12020,0.0,2024-01-18,signup,3,False,LWOFFEDBBJ,0.26666666666666666,0.5224211339373005,0.15555555555555556
12021,1.0,2024-01-23,signup,8,True,AOJOQKQQOI,0.4,0.43710087314958546,0.46666666666666673
12026,1.0,2024-01-12,signup,2,True,KDBXMWKDSQ,0.2,0.4622956292596788,0.15555555555555556
12034,1.0,2024-01-06,signup,6,True,MVWGYPYZQL,0.5333333333333333,0.6772231861010506,0.1111111111111111
12037,1.0,2024-01-05,signup,7,False,QQREMTBZAS,0.4,0.2990482036737484,0.35555555555555557
12041,0.0,2024-01-03,signup,3,True,DKBMXACNRB,0.3333333333333333,0.594924477030134,0.13333333333333333
12042,1.0,2024-01-25,signup,9,False,CIXKQEUISQ,0.4,0.5184404366864875,0.3777777777777778
12044,1.0,2024-01-03,signup,1,False,QLDABYBCYO,0.13333333333333333,0.5855125740129271,0.2666666666666667
12046,0.0,2024-01-14,signup,6,True,BYLIOIAFUO,0.4,0.564638420781378,0.2888888888888889
12048,1.0,2024-01-03,signup,1,True,NPUPCXSYNS,0.5333333333333333,0.6500479897414396,0.06666666666666667
12050,0.0,2024-01-01,signup,7,True,RONOBRKBAN,0.3333333333333333,0.5492561403514348,0.022222222222222223
12051,0.0,2024-01-19,signup,6,True,FIKYIAHPQJ,0.13333333333333333,0.8302424593523868,0.2
12053,1.0,2024-01-30,signup,2,True,RVASCJYIJA,0.4666666666666667,0.38741284955323485,0.4
12058,0.0,2024-01-24,signup,2,False,PEVSSGVERQ,0.2,0.4401138474659737,0.04444444444444444
12061,1.0,2024-01-16,signup,1,False,GJVEZDOBLT,0.7333333333333333,0.45603249790563727,0.2888888888888889
12063,1.0,2024-01-19,signup,1,False,VMZSXEUJHH,0.4666666666666667,0.44448322979993915,0.35555555555555557
12064,1.0,2024-01-23,signup,5,False,KZQNYKPITJ,0.3333333333333333,0.5096030901590644,0.17777777777777778
12072,0.0,2024-01-13,signup,8,True,DXTHNNUKHO,0.13333333333333333,0.300358569667461,0.022222222222222223
12075,1.0,2024-01-08,signup,3,False,TFTQSWIQUO,0.4,0.3425612330568769,0.31111111111111117
12079,1.0,2024-01-17,signup,1,True,NTNUDZUIOU,0.5333333333333333,0.5106778277239842,0.15555555555555556
12086,1.0,2024-01-15,signup,4,False,LOFVJGSLFD,0.4,0.46344541872859646,0.46666666666666673
12088,1.0,2024-01-28,signup,2,True,BPCDMHWZRD,0.2,0.4453793159218774,0.2666666666666667
12091,0.0,2024-01-09,signup,8,False,NWMTGUJEYX,0.4,0.4695878989599812,0.24444444444444444
12095,0.0,2024-01-31,signup,3,True,ZEXBAAOZGB,0.4,0.583120736149691,0.0
12101,0.0,2024-01-02,signup,6,True,LJVDFLSISA,0.06666666666666667,0.5964700978155645,0.06666666666666667
12103,1.0,2024-01-23,signup,6,True,HHMMCVJSMA,0.26666666666666666,0.44921186350228937,0.15555555555555556
12110,0.0,2024-01-24,signup,5,False,PLVNPMLWBO,0.8,0.5883067194115689,0.1111111111111111
12112,0.0,2024-01-08,signup,6,True,VDDYNXOWXC,0.8666666666666667,0.23095088313198542,0.0
12113,1.0,2024-01-19,signup,5,True,YHWIIZTNTI,0.13333333333333333,0.36689287250081215,0.35555555555555557
12118,1.0,2024-01-05,signup,6,True,LSMYANDLTJ,0.26666666666666666,0.16205175427881746,0.2666666666666667
12128,1.0,2024-01-31,signup,4,True,KIVZQAHNQS,0.13333333333333333,0.3793217447789675,0.33333333333333337
12129,0.0,2024-01-12,signup,7,True,VMYEOKBUGE,0.2,0.37142315351776667,0.0
12135,0.0,2024-01-03,signup,9,True,IJXAWEHIWV,0.4,0.34738963878238815,0.0
12136,1.0,2024-01-12,signup,1,True,NPKNVSKUGE,0.4,0.4379524588274458,0.17777777777777778
12148,0.0,2024-01-16,signup,1,True,QCCYJHLHLN,0.4,0.461309774480558,0.5555555555555556
12150,0.0,2024-01-24,signup,9,False,JQIVUASPUK,0.13333333333333333,0.2153113336967326,0.13333333333333333
12156,0.0,2024-01-17,signup,2,False,TDCYDPSNSA,0.3333333333333333,0.2537737915241921,0.1111111111111111
12157,0.0,2024-01-12,signup,8,True,ERIKMYGDAL,0.5333333333333333,0.4949448395277588,0.13333333333333333
12163,0.0,2024-01-15,signup,5,True,VAPDKQDUXN,0.4,0.5246969290662341,0.06666666666666667
12168,1.0,2024-01-21,signup,5,True,RGOQOZZZUP,0.4,0.46453677745030497,0.2666666666666667
12169,0.0,2024-01-21,signup,2,True,WSTRVGESFM,0.4,0.6507064644997368,0.06666666666666667
12170,0.0,2024-01-16,signup,2,True,NGZAAIMXBD,0.2,0.4744960062266471,0.0
12171,1.0,2024-01-04,signup,9,False,MLQLAMULRV,0.26666666666666666,0.4730157378783256,0.17777777777777778
12180,0.0,2024-01-16,signup,4,False,QGKVYOPZEP,0.26666666666666666,0.41016326565725103,0.022222222222222223
12191,0.0,2024-01-23,signup,5,True,PXXHEPHSFW,0.5333333333333333,0.5720277028019346,0.1111111111111111
12192,1.0,2024-01-06,signup,2,True,HIOWAKEDPE,0.2,0.7496448316121426,0.5333333333333333
12197,0.0,2024-01-27,signup,8,False,TDAWIZRNQC,0.13333333333333333,0.42616466756494986,0.0
12202,0.0,2024-01-14,signup,2,True,MBFRWACPUX,0.4,0.6624432782660424,0.1111111111111111
12218,0.0,2024-01-14,signup,8,True,UKVZKJVLSY,0.2,0.6616200915291665,0.17777777777777778
12219,0.0,2024-01-08,signup,1,True,PSJYJLZVET,0.3333333333333333,0.4515046886547939,0.04444444444444444
12220,0.0,2024-01-11,signup,9,False,HOHMIPAGJV,0.3333333333333333,0.5656836559999862,0.1111111111111111
12222,0.0,2024-01-18,signup,1,True,WYNUJAWIDA,0.3333333333333333,0.48352219810035846,0.022222222222222223
12226,0.0,2024-01-18,signup,6,False,DOCRQVFMKQ,0.26666666666666666,0.3985380258870762,0.1111111111111111
12236,1.0,2024-01-13,signup,5,False,IOHXDYLWNE,0.6666666666666666,0.32102950871224933,0.1111111111111111
12238,0.0,2024-01-03,signup,1,True,QZQVFXYHYC,0.26666666666666666,0.5774907911516284,0.24444444444444444
12241,0.0,2024-01-15,signup,6,False,PBQZBHDOVK,0.7333333333333333,0.5756392656039252,0.022222222222222223
12254,1.0,2024-01-30,signup,8,True,ENTMNADEVU,0.4666666666666667,0.5333417123986538,0.1111111111111111
12256,0.0,2024-01-20,signup,8,True,VTRXRQCUXZ,0.13333333333333333,0.5050943242655596,0.35555555555555557
12261,0.0,2024-01-01,signup,9,True,PNLURQPKRH,0.5333333333333333,0.5657282167674761,0.1111111111111111
12267,0.0,2024-01-30,signup,5,True,EFCXOHOXQM,0.26666666666666666,0.779922486565671,0.06666666666666667
12271,0.0,2024-01-14,signup,4,True,GDRPVPMVTG,0.3333333333333333,0.5285713159708344,0.022222222222222223
12276,1.0,2024-01-11,signup,5,False,TTTJCDBBJB,0.2,0.432307213761164,0.33333333333333337
12277,1.0,2024-01-31,signup,5,False,SIQBEXSKSD,0.4666666666666667,0.4292367313768083,0.2666666666666667
12278,1.0,2024-01-30,signup,1,True,WTDFTHDIPV,0.26666666666666666,0.39320867952359595,0.6888888888888889
12279,0.0,2024-01-17,signup,4,False,PSLZFHBCDX,0.4666666666666667,0.3194896578443286,0.0
12284,0.0,2024-01-07,signup,5,False,TGSLFQDOOY,0.2,0.414553416712271,0.15555555555555556
12285,1.0,2024-01-22,signup,9,True,DDQMLAMHMO,0.6,0.38071733635293226,0.17777777777777778
12297,1.0,2024-01-14,signup,2,False,NLTEPCFHYL,0.2,0.25457944322424375,0.35555555555555557
12300,1.0,2024-01-27,signup,3,True,None,0.06666666666666667,0.4869397795813658,0.24444444444444444
12309,1.0,2024-01-24,signup,4,False,OOXBCQCOXM,0.4666666666666667,0.4576155079880798,0.35555555555555557
12310,1.0,2024-01-19,signup,3,True,OWKRZNUTCC,0.3333333333333333,0.692693512182435,0.13333333333333333
12316,0.0,2024-01-22,signup,3,False,WLDRVFZWFY,0.4,0.5327836232524731,0.4
12323,1.0,2024-01-12,signup,1,True,ALOKFRULOE,0.4666666666666667,0.42174470308610845,0.33333333333333337
12325,1.0,2024-01-27,signup,5,False,RHYVOLYXVL,0.4,0.32808648045597233,0.2888888888888889
12326,1.0,2024-01-02,signup,3,False,FSIJMXDVMU,0.4666666666666667,0.7288421334980743,0.24444444444444444
12327,0.0,2024-01-17,signup,8,True,XZDBLHGFFB,0.3333333333333333,0.47563356552107583,0.06666666666666667
12328,1.0,2024-01-01,signup,5,True,AYAVVZAMGV,0.13333333333333333,0.5085759537787945,0.2888888888888889
12330,1.0,2024-01-14,signup,4,True,YFKCVZSAJF,0.4,0.5415058765093824,0.3777777777777778
12334,0.0,2024-01-21,signup,5,True,ROVGLTVJNL,0.06666666666666667,0.4375208772001534,0.0
12337,1.0,2024-01-03,signup,6,True,BGQNNVRTDH,0.0,0.6645098021772932,0.3777777777777778
12343,1.0,2024-01-29,signup,8,True,UNUSNTTYXR,0.5333333333333333,0.6010491825168,0.3777777777777778
